CASE_ID,ACCIDENT_YEAR,PROC_DATE,JURIS,COLLISION_DATE,COLLISION_TIME,OFFICER_ID,REPORTING_DISTRICT,DAY_OF_WEEK,CHP_SHIFT,POPULATION,CNTY_CITY_LOC,SPECIAL_COND,BEAT_TYPE,CHP_BEAT_TYPE,CITY_DIVISION_LAPD,CHP_BEAT_CLASS,BEAT_NUMBER,PRIMARY_RD,SECONDARY_RD,DISTANCE,DIRECTION,INTERSECTION,WEATHER_1,WEATHER_2,STATE_HWY_IND,CALTRANS_COUNTY,CALTRANS_DISTRICT,STATE_ROUTE,ROUTE_SUFFIX,POSTMILE_PREFIX,POSTMILE,LOCATION_TYPE,RAMP_INTERSECTION,SIDE_OF_HWY,TOW_AWAY,COLLISION_SEVERITY,NUMBER_KILLED,NUMBER_INJURED,PARTY_COUNT,PRIMARY_COLL_FACTOR,PCF_CODE_OF_VIOL,PCF_VIOL_CATEGORY,PCF_VIOLATION,PCF_VIOL_SUBSECTION,HIT_AND_RUN,TYPE_OF_COLLISION,MVIW,PED_ACTION,ROAD_SURFACE,ROAD_COND_1,ROAD_COND_2,LIGHTING,CONTROL_DEVICE,CHP_ROAD_TYPE,PEDESTRIAN_ACCIDENT,BICYCLE_ACCIDENT,MOTORCYCLE_ACCIDENT,TRUCK_ACCIDENT,NOT_PRIVATE_PROPERTY,ALCOHOL_INVOLVED,STWD_VEHTYPE_AT_FAULT,CHP_VEHTYPE_AT_FAULT,COUNT_SEVERE_INJ,COUNT_VISIBLE_INJ,COUNT_COMPLAINT_PAIN,COUNT_PED_KILLED,COUNT_PED_INJURED,COUNT_BICYCLIST_KILLED,COUNT_BICYCLIST_INJURED,COUNT_MC_KILLED,COUNT_MC_INJURED,PRIMARY_RAMP,SECONDARY_RAMP,LATITUDE,LONGITUDE,COUNTY,CITY,POINT_X,POINT_Y
92048890,2023,2023-04-19,9720,2023-04-08,"810 ",022879,,6,1,9,4400,0,3,5,,2,200,"LOMA PRIETA WAY","SUMMIT RD.",1742.00,S,N,A,-,N,,,,,,,,,,Y,3,0,1,1,A,-,08,22107,,N,F,A,A,A,H,-,D,D,0,,,,,Y,,D,22,0,1,0,0,0,0,0,0,0,"- ","- ",37.098888397216797,-121.85163879394531,"SANTA CRUZ",UNINCORPORATED,-121.85115814208984,37.0987548828125
92108273,2023,2023-07-03,9720,2023-06-19,1328,015170,,1,1,9,4400,0,1,3,,1,017,SR-17,"CRESCENT DR",50.00,S,N,A,-,Y,SCR,,17," "," ",6.734,H,,R,N,4,0,1,2,A,-,07,21658,A,N,B,C,A,A,H,-,A,D,0,,,,,Y,,A,08,0,0,1,0,0,0,0,0,0,"- ","- ",37.073780059814453,-121.98922729492188,"SANTA CRUZ",UNINCORPORATED,-121.98918914794922,37.073753356933594
92007280,2023,2023-03-01,9720,2023-01-25,1700,022044,,3,2,9,4400,0,1,3,,1,017,"SR-17 S/B","SUMMIT RD.",800.00,S,N,A,-,Y,SCR,,17," "," ",12.474,H,,L,Y,3,0,1,2,A,-,03,22350,,N,C,C,A,A,H,-,A,D,0,,,,,Y,,A,01,0,1,0,0,0,0,0,0,0,"- ","- ",37.142910003662109,-121.98509979248047,"SANTA CRUZ",UNINCORPORATED,-121.98515319824219,37.142917633056641
92080169,2023,2023-05-29,9720,2023-05-24,1050,021717,,3,1,9,4400,0,2,4,,1,021,"SOQUEL DR","CHANTICLEER AVE",0.00,,Y,A,-,N,,,,,,,,,,N,4,0,1,2,A,-,09,21802,A,N,D,C,A,A,H,-,A,A,0,,,,,Y,,A,01,0,0,1,0,0,0,0,0,0,"- ","- ",36.988498687744141,-121.97796630859375,"SANTA CRUZ",UNINCORPORATED,-121.97798919677734,36.988506317138672
92114877,2023,2023-07-12,9720,2023-06-29,1013,023103,,4,1,9,4400,0,2,4,,1,022,"SOQUEL SAN JOSE ROAD","SUNDANCE HILL",1056.00,S,N,A,-,N,,,,,,,,,,Y,4,0,2,2,A,-,08,22107,,N,A,C,A,A,H,-,A,D,0,,,,,Y,,A,01,0,0,2,0,0,0,0,0,0,"- ","- ",37.037551879882812,-121.94461822509766,"SANTA CRUZ",UNINCORPORATED,-121.94463348388672,37.037757873535156
92135072,2023,2023-08-03,9720,2023-07-23,"910 ",021714,,7,1,9,4400,0,2,4,,1,024,"E. CLIFF DR.","BLACKPOINT LN.",10.00,W,N,A,-,N,,,,,,,,,,N,3,0,1,2,A,-,21,22106,,F,H,B,F,A,H,-,A,D,0,Y,Y,,,Y,,M,91,0,1,0,0,1,0,0,0,0,"- ","- ",36.963260650634766,-121.99011993408203,"SANTA CRUZ",UNINCORPORATED,-121.9901123046875,36.963287353515625
92274383,2023,2023-12-29,9720,2023-12-20,1730,023447,,3,2,9,4400,0,1,3,,1,035,SR-129,"BLACKBURN ST",600.00,E,N,B,-,Y,SCR,,129," "," ",0.635,H,,R,N,3,0,2,2,A,-,03,22350,,N,C,C,A,B,H,-,C,D,0,,,,Y,Y,,F,26,0,2,0,0,0,0,0,0,0,"- ","- ",36.912891387939453,-121.74420166015625,"SANTA CRUZ",UNINCORPORATED,-121.74418640136719,36.912868499755859
91979860,2023,2023-01-26,9720,2023-01-19,"937 ",021304,,4,1,9,4400,0,3,5,,2,200,"EATON ST","LAKE AVE",50.00,S,N,A,-,N,,,,,,,,,,Y,4,0,2,2,A,-,03,22350,,N,C,C,A,A,H,-,A,D,0,,,,,Y,,A,01,0,0,2,0,0,0,0,0,0,"- ","- ",36.967941284179688,-122.00102996826172,"SANTA CRUZ",UNINCORPORATED,-122.00118255615234,36.967910766601562
92005625,2023,2023-03-01,9720,2023-02-21,"130 ",023146,,2,3,9,4400,0,1,3,,1,012,SR-236,"FIRST ST",49.00,N,N,A,-,Y,SCR,,236," "," ",1.153,H,,R,Y,3,0,1,1,A,-,01,23152,A,N,E,I,A,A,H,-,D,D,0,,,,,Y,Y,D,22,0,1,0,0,0,0,0,0,0,"- ","- ",37.133819580078125,-122.13931274414062,"SANTA CRUZ",UNINCORPORATED,-122.13925933837891,37.133876800537109
92058914,2023,2023-05-02,9720,2023-04-24,1715,022901,,1,2,9,4400,0,1,3,,2,020,"SR-1 S/B","41ST AVENUE",2112.00,N,N,A,-,Y,SCR,,1," "," ",14.333,H,,L,N,4,0,1,2,A,-,04,21703,,N,C,C,A,A,H,-,A,D,0,,,,,Y,,D,22,0,0,1,0,0,0,0,0,0,"- ","- ",36.984790802001953,-121.97708129882812,"SANTA CRUZ",UNINCORPORATED,-121.97710418701172,36.984737396240234
92101555,2023,2023-06-26,9720,2023-05-12,1357,021248,,5,1,9,4400,0,1,3,,1,017,"SR-17 S/B","PASATIEMPO DR",1320.00,S,N,A,-,Y,SCR,,17," "," ",0.389,H,,L,Y,3,0,1,2,A,-,07,21658,A,F,B,C,A,A,H,-,A,D,0,,,Y,,Y,,-,99,0,1,0,0,0,0,0,0,1,"- ","- ",36.994819641113281,-122.01924133300781,"SANTA CRUZ",UNINCORPORATED,-122.01920318603516,36.994827270507812
92246817,2023,2023-11-28,9720,2023-11-18,2049,023245,,6,2,9,4400,0,1,3,,1,017,"SR-17 S/B","GLENWOOD CUTOFF",3168.00,N,N,C,-,Y,SCR,,17," "," ",9.710,H,,L,Y,3,0,1,1,A,-,08,22107,,N,E,I,A,B,H,-,D,D,0,,,,,Y,,A,01,0,1,0,0,0,0,0,0,0,"- ","- ",37.107448577880859,-121.97712707519531,"SANTA CRUZ",UNINCORPORATED,-121.97709655761719,37.107463836669922
9589003,2023,2023-06-13,4402,2023-05-18,1420,153,4402,4,5,5,4402,0,0,0,,0,000,"RIVER ST","WATER ST",215.00,S,N,A,-,N,,,,,,,,,,Y,4,0,1,1,C,-,18,,,N,E,I,A,A,H,-,A,D,0,,,,,Y,,-,"- ",0,0,1,0,0,0,0,0,0,"- ","- ",,,"SANTA CRUZ","SANTA CRUZ",-122.02485656738281,36.977432250976562
92005306,2023,2023-02-28,9720,2023-02-20,1007,023180,,1,1,9,4400,0,2,4,,1,024,"EAST CLIFF DR","26TH AVE",120.00,E,N,A,-,N,,,,,,,,,,N,3,0,1,1,A,-,03,22350,,N,F,A,A,A,C,-,A,D,0,,Y,,,Y,,M,91,0,1,0,0,0,0,1,0,0,"- ","- ",36.958469390869141,-121.98030853271484,"SANTA CRUZ",UNINCORPORATED,-121.98044586181641,36.958488464355469
92071737,2023,2023-05-18,9720,2023-05-10,1926,023103,,3,2,9,4400,0,2,4,,1,024,"CAPITOLA ROAD","SOQUEL AVENUE",400.00,S,N,A,-,N,,,,,,,,,,Y,4,0,1,1,C,-,18,,,N,E,I,A,A,H,-,A,D,0,,,,,Y,,-,"- ",0,0,1,0,0,0,0,0,0,"- ","- ",36.98114013671875,-121.99620819091797,"SANTA CRUZ",UNINCORPORATED,-121.99741363525391,36.981929779052734
92149155,2023,2023-08-21,9720,2023-08-12,1240,022349,,6,1,9,4400,0,1,S,,2,904,SR-35,"MISTY RIDGE RD.",250.00,S,N,A,-,Y,SM,,35," "," ",19.990,H,,R,N,2,0,1,1,A,-,08,22107,,N,E,I,A,A,H,-,A,D,0,,,,,Y,,A,01,1,0,0,0,0,0,0,0,0,"- ","- ",37.464031219482422,-122.34600067138672,"SANTA CRUZ",UNINCORPORATED,-122.34593963623047,37.464046478271484
92261559,2023,2023-12-14,9720,2023-12-06,1018,023331,,3,1,9,4400,0,1,3,,1,017,SR-17,"EL RANCHO DR",30.00,N,N,E,-,Y,SCR,,17," "," ",2.197,H,,R,Y,4,0,1,1,A,-,03,22350,,N,E,I,A,B,H,-,C,D,0,,,,,Y,,A,01,0,0,1,0,0,0,0,0,0,"- ","- ",37.019218444824219,-122.02748870849609,"SANTA CRUZ",UNINCORPORATED,-122.02763366699219,37.019237518310547
9593672,2023,2023-07-12,4402,2023-05-01,1913,139,4402,1,5,5,4402,0,0,0,,0,000,"FRONT ST","COOPER ST",0.00,,Y,A,-,N,,,,,,,,,,N,3,0,1,1,-,-,"- ",,,N,F,A,A,A,H,-,A,D,0,,Y,,,Y,,-,"- ",0,1,0,0,0,0,1,0,0,"- ","- ",,,"SANTA CRUZ","SANTA CRUZ",-122.02548217773438,36.975223541259766
9619118,2023,2024-02-29,4403,2023-12-01,1424,417,539,5,5,4,4403,0,0,0,,0,005,"GREEN VALLEY RD","CAREY AV",0.00,,Y,A,-,N,,,,,,,,,,Y,4,0,2,3,A,-,09,21802,A,N,D,C,A,A,H,-,A,A,0,,,,,Y,,A,07,0,0,2,0,0,0,0,0,0,"- ","- ",,,"SANTA CRUZ",WATSONVILLE,-121.77420043945312,36.934200286865234
9630648,2023,2023-11-28,4403,2023-10-10,"935 ",418,4-34,2,5,4,4403,0,0,0,,0,004,"MARILYN ST","ARTHUR RD",0.00,,Y,B,-,N,,,,,,,,,,Y,3,0,1,2,A,-,09,21802,A,N,D,D,A,B,H,-,A,A,0,,,,,Y,,A,01,0,1,0,0,0,0,0,0,0,"- ","- ",,,"SANTA CRUZ",WATSONVILLE,-121.76982116699219,36.927982330322266
92066496,2023,2023-05-11,9720,2023-04-29,1401,023026,,6,2,9,4400,0,1,3,,2,020,"SR-1 S/B FROM SR-17 S/B","SR-17 S/B",50.00,S,N,A,-,Y,SCR,,17," "," ",0.169,H,,L,N,3,0,2,2,A,-,03,22350,,N,C,C,A,A,H,-,A,D,0,,,Y,,Y,,C,02,0,2,0,0,0,0,0,0,2,"- ","- ",36.991928100585938,-122.02037811279297,"SANTA CRUZ",UNINCORPORATED,-122.02029418945312,36.99188232421875
92137018,2023,2023-08-07,9720,2023-07-29,2000,023186,,6,2,9,4400,0,1,3,,2,030,"NB SR-1","BUENA VISTA DR",980.00,N,N,A,-,Y,SCR,,1," ",R,4.317,H,,R,Y,3,0,1,2,A,-,03,22350,,N,C,C,A,A,H,-,A,D,0,,,,,Y,,A,07,0,1,0,0,0,0,0,0,0,"- ","- ",36.932769775390625,-121.81455993652344,"SANTA CRUZ",UNINCORPORATED,-121.81454467773438,36.93280029296875
92164367,2023,2023-09-07,9720,2023-08-20,1801,023103,,7,2,9,4400,0,2,4,,1,023,"41ST AVE","SOQUEL DR",150.00,S,N,A,-,N,,,,,,,,,,N,4,0,1,2,A,-,07,21658,A,N,B,C,A,A,H,-,A,A,0,,,Y,,Y,,D,22,0,0,1,0,0,0,0,0,1,"- ","- ",36.986900329589844,-121.96494293212891,"SANTA CRUZ",UNINCORPORATED,-121.96495819091797,36.986988067626953
92248341,2023,2023-11-29,9720,2023-11-22,1440,023447,,3,2,9,4400,0,2,4,,1,021,"SOQUEL DR","STANLEY AVE",150.00,W,N,A,-,N,,,,,,,,,,Y,4,0,1,3,A,-,03,22350,,N,C,C,A,A,H,-,A,D,0,,,,,Y,,A,01,0,0,1,0,0,0,0,0,0,"- ","- ",36.988010406494141,-121.97399139404297,"SANTA CRUZ",UNINCORPORATED,-121.97386932373047,36.988067626953125
92263494,2023,2023-12-15,9720,2023-12-05,1750,023419,,2,2,9,4400,0,2,4,,1,021,"SOQUEL DR","PEOPLES LN",0.00,,Y,A,-,N,,,,,,,,,,Y,3,0,1,2,A,-,09,21804,A,N,D,C,A,A,H,-,C,D,0,,,,,Y,,D,22,0,1,0,0,0,0,0,0,0,"- ","- ",36.987831115722656,-121.94045257568359,"SANTA CRUZ",UNINCORPORATED,-121.94046020507812,36.987812042236328
9646818,2023,2024-01-16,4401,2023-11-28,1530,528,4401,2,5,3,4401,0,0,0,,0,002,"WHARF RD","CLARES ST",238.00,N,N,A,-,N,,,,,,,,,,N,3,0,1,2,A,-,08,22107,,N,D,G,A,A,H,-,A,D,0,,Y,,,Y,,A,01,0,1,0,0,0,0,1,0,0,"- ","- ",,,"SANTA CRUZ",CAPITOLA,,
92096499,2023,2023-06-19,9720,2023-06-14,1200,021714,,3,1,9,4400,0,1,3,,2,020,"SR-1 N/B","PARK AVE.",3696.00,S,N,A,-,Y,SCR,,1," "," ",11.345,H,,R,Y,3,0,1,2,A,-,03,22350,,N,C,2,A,A,H,-,A,D,0,,,,,Y,,A,01,0,1,0,0,0,0,0,0,0,"- ","- ",36.982791900634766,-121.92350006103516,"SANTA CRUZ",UNINCORPORATED,-121.92349243164062,36.982810974121094
92131531,2023,2023-07-31,9720,2023-07-22,"700 ",023316,,6,1,9,4400,0,2,4,,1,031,"FREEDOM BLVD","PARKHURST CIR",423.00,E,N,B,E,N,,,,,,,,,,Y,3,0,1,2,A,-,03,22350,,N,C,C,A,A,H,-,A,D,0,,,,,Y,,A,01,0,1,0,0,0,0,0,0,0,"- ","- ",36.98638916015625,-121.85462951660156,"SANTA CRUZ",UNINCORPORATED,-121.85467529296875,36.986385345458984
92192311,2023,2023-10-05,9720,2023-09-27,1339,022458,,3,1,9,4400,0,1,3,,1,017,"SR-17 S/B","SPANISH OAKS ROAD",1056.00,S,N,A,-,Y,SCR,,17," "," ",9.846,H,,L,Y,2,0,1,1,A,-,03,22350,,N,F,A,A,A,H,-,A,D,0,,,Y,,Y,,C,02,1,0,0,0,0,0,0,0,1,"- ","- ",37.109378814697266,-121.97691345214844,"SANTA CRUZ",UNINCORPORATED,-121.97689056396484,37.109375
92274346,2023,2023-12-29,9720,2023-12-16,1510,023186,,6,2,9,4400,0,3,5,,2,100,"HIHN RD","CONDOR AVE",216.00,S,N,A,-,N,,,,,,,,,,Y,3,0,1,1,A,-,08,22107,,N,E,J,A,A,H,-,A,D,0,,,,,Y,,A,07,0,1,0,0,0,0,0,0,0,"- ","- ",37.072750091552734,-122.07354736328125,"SANTA CRUZ",UNINCORPORATED,-122.07363128662109,37.072792053222656
92063176,2023,2023-05-08,9720,2023-05-01,"0   ",022545,,1,3,9,4400,0,1,3,,1,017,SR-17,"CRESCENT DR",700.00,N,N,A,-,Y,SCR,,17," "," ",6.934,H,,R,Y,3,0,1,1,A,-,08,22107,,N,E,I,A,A,H,-,D,D,0,,,,,Y,,A,01,0,1,0,0,0,0,0,0,0,"- ","- ",37.074909210205078,-121.98799133300781,"SANTA CRUZ",UNINCORPORATED,-121.988037109375,37.074943542480469
92149214,2023,2023-08-21,9330,2023-08-12,1305,021248,,6,1,9,4400,0,1,S,,2,904,"I-280 N/B","MAGDALENA AVE",2640.00,S,N,A,-,Y,SCL,,280," "," ",13.586,H,,R,N,2,0,1,1,A,-,03,22350,,N,F,A,A,A,H,-,A,D,0,,,Y,,Y,,C,02,1,0,0,0,0,0,0,0,1,"- ","- ",37.34735107421875,-122.10105133056641,"SANTA CRUZ",UNINCORPORATED,-122.10101318359375,37.347400665283203
92157395,2023,2023-08-29,9720,2023-08-21,1200,023345,,1,1,9,4400,0,1,3,,2,030,"SR-1 S/B","BUENA VISTA DR",4224.00,N,N,A,-,Y,SCR,,1," ",R,4.961,H,,L,Y,3,0,1,1,A,-,08,22107,,N,E,I,A,A,H,-,A,D,0,,,,,Y,,A,01,0,1,0,0,0,0,0,0,0,"- ","- ",36.935779571533203,-121.82570648193359,"SANTA CRUZ",UNINCORPORATED,-121.82566833496094,36.935874938964844
92200255,2023,2023-10-16,9720,2023-10-04,1915,021833,,3,2,9,4400,0,1,3,,1,017,"N/B SR-17","VINE HILL RD.",277.00,N,N,A,-,Y,SCR,,17," "," ",7.716,H,,R,Y,2,0,1,3,A,-,01,23152,A,N,E,I,A,A,H,-,D,D,0,,,,,Y,Y,A,07,1,0,0,0,0,0,0,0,0,"- ","- ",37.079578399658203,-121.97872924804688,"SANTA CRUZ",UNINCORPORATED,-121.97871398925781,37.079566955566406
92229485,2023,2023-11-06,9720,2023-10-25,1646,015170,,3,2,9,4400,0,1,3,,1,015,SR-9,"GRAHAM HILL RD",200.00,N,N,B,-,Y,SCR,,9," "," ",6.552,H,,R,Y,3,0,1,2,A,-,05,21460,A,N,B,C,A,A,H,-,A,D,0,,,Y,,Y,,C,02,0,1,0,0,0,0,0,0,1,"- ","- ",37.054290771484375,-122.07392883300781,"SANTA CRUZ",UNINCORPORATED,-122.07395935058594,37.054275512695312
92269810,2023,2024-02-14,9720,2023-12-12,"601 ",023516,,2,1,9,4400,0,1,3,,1,017,"SR-17 S/B","GLENWOOD CUTOFF",315.00,S,N,A,-,Y,SCR,,17," "," ",9.011,H,,L,N,4,0,2,2,A,-,03,22350,,N,C,C,A,A,H,-,B,D,0,,,,,Y,,D,22,0,0,2,0,0,0,0,0,0,"- ","- ",37.099250793457031,-121.97606658935547,"SANTA CRUZ",UNINCORPORATED,-121.97609710693359,37.099235534667969
9471837,2023,2023-11-01,4403,2023-09-19,2140,T0013,,2,5,4,4403,0,0,0,,0,,"RIVERSIDE DR","UNION ST",0.00,,Y,A,-,N,,,,,,,,,,N,4,0,1,2,A,-,12,21453,A,N,D,D,A,A,H,-,E,A,0,,,,,Y,,A,07,0,0,1,0,0,0,0,0,0,"- ","- ",,,"SANTA CRUZ",WATSONVILLE,-121.75254821777344,36.907794952392578
92003966,2023,2023-02-27,9720,2023-02-13,"540 ",022976,,1,3,9,4400,0,3,5,,2,200,"BRANCIFORTE DRIVE","GRANITE CREEK ROAD",500.00,N,N,B,-,N,,,,,,,,,,Y,3,0,1,1,A,-,03,22350,,M,E,I,A,B,H,-,B,D,0,,,,,Y,,A,01,0,1,0,0,0,0,0,0,0,"- ","- ",37.017940521240234,-121.99478912353516,"SANTA CRUZ",UNINCORPORATED,-121.99561309814453,37.017974853515625
92057365,2023,2023-05-01,9720,2023-04-19,1218,015170,,3,1,9,4400,0,1,3,,1,017,"SR-17 N/B","SUMMIT RD",3696.00,S,N,A,-,Y,SCR,,17," "," ",11.814,H,,R,Y,4,0,1,3,A,-,03,22350,,N,C,C,A,A,H,-,A,A,0,,,,,Y,,A,08,0,0,1,0,0,0,0,0,0,"- ","- ",37.133720397949219,-121.98197937011719,"SANTA CRUZ",UNINCORPORATED,-121.98193359375,37.133750915527344
9570647,2023,2023-04-29,4402,2023-03-04,1517,130,4402,6,5,5,4402,0,0,0,,0,000,"WATER ST","OCEAN ST",1.00,,N,A,-,N,,,,,,,,,,N,3,0,1,2,A,-,11,21453,D,F,G,B,B,A,H,-,A,A,0,Y,,,,Y,,N,60,0,1,0,0,1,0,0,0,0,"- ","- ",,,"SANTA CRUZ","SANTA CRUZ",-122.02135467529297,36.979587554931641
91992532,2023,2023-02-13,9720,2023-02-03,2238,022545,,5,3,9,4400,0,3,5,,2,100,"EMPIRE GRADE","HELLER DR",1584.00,N,N,B,-,N,,,,,,,,,,Y,4,0,1,1,A,-,08,22107,,N,E,I,A,B,H,-,E,D,0,,,,,Y,,A,01,0,0,1,0,0,0,0,0,0,"- ","- ",36.992321014404297,-122.06993865966797,"SANTA CRUZ",UNINCORPORATED,-122.06980895996094,36.992073059082031
92088556,2023,2023-06-07,9720,2023-05-27,1820,021940,,6,2,9,4400,0,1,3,,2,030,"BUENA VISTA DR.","SB SR-1 TO BUENA VISTA DR.",0.00,,Y,B,-,N,,,,,,,,,,Y,3,0,1,2,A,-,09,21802,A,N,D,C,A,B,H,-,A,A,0,,,,,Y,,A,01,0,1,0,0,0,0,0,0,0,"- ","- ",36.930950164794922,-121.81127166748047,"SANTA CRUZ",UNINCORPORATED,,
92112573,2023,2023-07-10,9720,2023-06-27,"648 ",022400,,2,1,9,4400,0,1,3,,2,030,"SR-1 N/B","BUENA VISTA DR",5280.00,N,N,A,-,Y,SCR,,1," ",R,5.123,H,,R,Y,2,0,2,2,A,-,03,22350,,N,C,C,A,A,H,-,A,D,0,,,,,Y,,A,01,1,0,1,0,0,0,0,0,0,"- ","- ",36.937068939208984,-121.82804870605469,"SANTA CRUZ",UNINCORPORATED,-121.82803344726562,36.937107086181641
92137803,2023,2023-08-07,9720,2023-05-12,1520,021540,,5,2,9,4400,0,1,3,,1,010,SR-1,"SWANTON RD",11616.00,N,N,A,-,Y,SCR,,1," "," ",32.687,H,,R,Y,1,1,0,1,A,-,08,22107,,N,E,I,A,A,H,-,A,D,0,,,,,Y,,A,07,0,0,0,0,0,0,0,0,0,"- ","- ",37.052829742431641,-122.24282073974609,"SANTA CRUZ",UNINCORPORATED,-122.24278259277344,37.052852630615234
92146862,2023,2023-08-17,9720,2023-08-09,1800,023146,,3,2,9,4400,0,2,4,,1,031,"FREEDOM BLVD","WILLOW HEIGHTS",200.00,E,N,B,-,N,,,,,,,,,,Y,3,0,1,1,A,-,03,22350,,N,E,8,A,A,H,-,A,D,0,,,,,Y,,A,01,0,1,0,0,0,0,0,0,0,"- ","- ",36.975898742675781,-121.82498168945312,"SANTA CRUZ",UNINCORPORATED,-121.82485198974609,36.975814819335938
92197798,2023,2023-10-12,9720,2023-10-01,1245,023419,,7,1,9,4400,0,1,3,,1,012,SR-236,"MEMORY LN",1584.00,S,N,A,-,Y,SCR,,236," "," ",15.178,H,,R,N,3,0,1,1,A,-,03,22350,,N,F,A,A,A,H,-,A,D,0,,,Y,,Y,,-,"- ",0,1,0,0,0,0,0,0,1,"- ","- ",37.193149566650391,-122.1739501953125,"SANTA CRUZ",UNINCORPORATED,-122.17396545410156,37.193164825439453
9567636,2023,2023-05-31,4403,2023-05-07,1714,335,434,7,5,4,4403,0,0,0,,0,004,"FREEDOM BL","ALTA VISTA AV",20.00,S,N,A,-,N,,,,,,,,,,Y,4,0,1,2,A,-,21,22106,,N,C,C,A,A,H,-,A,A,0,,,,,Y,,A,01,0,0,1,0,0,0,0,0,0,"- ","- ",,,"SANTA CRUZ",WATSONVILLE,-121.76634979248047,36.928333282470703
91995298,2023,2023-02-15,9720,2023-02-06,1835,021833,,1,2,9,4400,0,2,4,,1,031,"FREEDOM BLVD","OWL RIDGE WAY",6.00,W,N,A,-,N,,,,,,,,,,Y,2,0,2,2,A,-,01,23152,A,N,A,C,A,A,H,-,A,D,0,,,,,Y,Y,A,07,1,1,0,0,0,0,0,0,0,"- ","- ",36.986351013183594,-121.85282135009766,"SANTA CRUZ",UNINCORPORATED,-121.85272979736328,36.986339569091797
92090943,2023,2023-06-12,9720,2023-06-01,1905,023166,,4,2,9,4400,0,1,3,,1,012,SR-236,"PARK ST",266.00,S,N,A,-,Y,SCR,,236," "," ",1.040,H,,R,Y,2,0,1,1,A,-,08,22107,,N,E,I,A,A,H,-,A,D,0,,,,,Y,,A,07,1,0,0,0,0,0,0,0,0,"- ","- ",37.132480621337891,-122.13780975341797,"SANTA CRUZ",UNINCORPORATED,-122.13780975341797,37.132480621337891
92096478,2023,2023-06-19,9720,2023-01-08,"850 ",021248,,7,1,9,4400,0,1,3,,1,017,"SR-17 N/B","EL RANCHO DR",240.00,S,N,B,-,Y,SCR,,17," "," ",2.115,H,,R,Y,1,1,0,1,A,-,03,22350,,N,E,8,A,B,H,-,A,D,0,,,,,Y,,A,01,0,0,0,0,0,0,0,0,0,"- ","- ",37.018070220947266,-122.02744293212891,"SANTA CRUZ",UNINCORPORATED,-122.02751159667969,37.018051147460938
92187515,2023,2023-10-02,9720,2023-09-20,"141 ",022879,,3,3,9,4400,0,1,3,,2,030,"NORTHBOUND SR-1",SR-129,500.00,N,N,A,-,Y,SCR,,1," ",R,0.816,H,,R,Y,3,0,1,1,A,-,01,23152,A,N,E,I,A,A,H,-,C,D,0,,,,,Y,Y,A,07,0,1,0,0,0,0,0,0,0,"- ","- ",36.895721435546875,-121.77468872070312,"SANTA CRUZ",UNINCORPORATED,-121.77477264404297,36.895687103271484
9628368,2023,2023-11-07,4402,2023-09-18,"524 ",187,4402,1,5,5,4402,0,0,0,,0,,"RT 1","RT 9",0.00,,Y,A,-,Y,SCR,5,1,-,-,17.560,I,5,N,N,4,0,1,2,A,-,11,21461,5,N,G,B,D,A,H,-,C,A,0,Y,,,,Y,,N,60,0,0,1,0,1,0,0,0,0,"- ","- ",,,"SANTA CRUZ","SANTA CRUZ",-122.02981567382812,36.9844970703125
92190032,2023,2023-10-04,9720,2023-09-22,2302,022545,,5,3,9,4400,0,3,5,,2,300,"PAULSEN RD","DIAS LN",2640.00,W,N,A,-,N,,,,,,,,,,Y,3,0,2,2,A,-,05,21460,A,F,A,2,A,A,H,-,D,D,0,,,,,Y,,A,01,0,1,1,0,0,0,0,0,0,"- ","- ",36.955459594726562,-121.75531005859375,"SANTA CRUZ",UNINCORPORATED,,
92046984,2023,2023-04-17,9720,2023-04-10,2146,023180,,1,2,9,4400,0,1,3,,2,020,"CHAMINADE LANE","PAUL SWEET RD",288.00,N,N,A,-,N,,,,,,,,,,N,3,0,1,1,A,-,03,22350,,N,F,A,A,A,H,-,D,D,0,,Y,,,Y,,-,"- ",0,1,0,0,0,0,1,0,0,"- ","- ",36.995231628417969,-121.98426055908203,"SANTA CRUZ",UNINCORPORATED,-121.98391723632812,36.994152069091797