CASE_ID,ACCIDENT_YEAR,PROC_DATE,JURIS,COLLISION_DATE,COLLISION_TIME,OFFICER_ID,REPORTING_DISTRICT,DAY_OF_WEEK,CHP_SHIFT,POPULATION,CNTY_CITY_LOC,SPECIAL_COND,BEAT_TYPE,CHP_BEAT_TYPE,CITY_DIVISION_LAPD,CHP_BEAT_CLASS,BEAT_NUMBER,PRIMARY_RD,SECONDARY_RD,DISTANCE,DIRECTION,INTERSECTION,WEATHER_1,WEATHER_2,STATE_HWY_IND,CALTRANS_COUNTY,CALTRANS_DISTRICT,STATE_ROUTE,ROUTE_SUFFIX,POSTMILE_PREFIX,POSTMILE,LOCATION_TYPE,RAMP_INTERSECTION,SIDE_OF_HWY,TOW_AWAY,COLLISION_SEVERITY,NUMBER_KILLED,NUMBER_INJURED,PARTY_COUNT,PRIMARY_COLL_FACTOR,PCF_CODE_OF_VIOL,PCF_VIOL_CATEGORY,PCF_VIOLATION,PCF_VIOL_SUBSECTION,HIT_AND_RUN,TYPE_OF_COLLISION,MVIW,PED_ACTION,ROAD_SURFACE,ROAD_COND_1,ROAD_COND_2,LIGHTING,CONTROL_DEVICE,CHP_ROAD_TYPE,PEDESTRIAN_ACCIDENT,BICYCLE_ACCIDENT,MOTORCYCLE_ACCIDENT,TRUCK_ACCIDENT,NOT_PRIVATE_PROPERTY,ALCOHOL_INVOLVED,STWD_VEHTYPE_AT_FAULT,CHP_VEHTYPE_AT_FAULT,COUNT_SEVERE_INJ,COUNT_VISIBLE_INJ,COUNT_COMPLAINT_PAIN,COUNT_PED_KILLED,COUNT_PED_INJURED,COUNT_BICYCLIST_KILLED,COUNT_BICYCLIST_INJURED,COUNT_MC_KILLED,COUNT_MC_INJURED,PRIMARY_RAMP,SECONDARY_RAMP,LATITUDE,LONGITUDE,COUNTY,CITY,POINT_X,POINT_Y
92163586,2023,2023-09-06,9720,2023-08-30,1530,023316,,3,2,9,4400,0,2,4,,1,022,"SOQUEL SAN JOSE RD","HESTER CREEK ROAD",2640.00,S,N,A,-,N,,,,,,,,,,N,3,0,1,1,A,-,08,22107,,N,F,A,A,A,H,-,A,D,0,,Y,,,Y,,L,04,0,1,0,0,0,0,1,0,0,"- ","- ",37.075698852539062,-121.93930816650391,"SANTA CRUZ",UNINCORPORATED,-121.93963623046875,37.076080322265625
92283927,2023,2024-01-10,9720,2023-11-10,"732 ",023103,,5,1,9,4400,0,3,5,,2,100,"EMPIRE GRADE RD","HELLER DRIVE",0.00,,Y,A,-,N,,,,,,,,,,N,4,0,1,1,C,-,18,,,N,F,A,A,A,H,-,A,A,0,,Y,,,Y,,-,"- ",0,0,1,0,0,0,1,0,0,"- ","- ",36.987781524658203,-122.06878662109375,"SANTA CRUZ",UNINCORPORATED,-122.06877136230469,36.987865447998047
92204629,2023,2023-10-20,9720,2023-10-08,1158,015170,,7,1,9,4400,0,1,3,,1,014,SR-9,"SR-236 (UPPER)",7920.00,N,N,A,-,Y,,,,,,,,,,Y,2,0,1,1,A,-,17,21662,A,N,F,A,A,A,H,-,A,D,0,,,Y,,Y,,C,02,1,0,0,0,0,0,0,0,1,"- ","- ",37.224658966064453,-122.14273834228516,"SANTA CRUZ",UNINCORPORATED,-122.13230133056641,37.144966125488281
9535896,2023,2023-03-16,4402,2023-01-12,"220 ",153,4402,4,5,5,4402,0,0,0,,0,000,"PELTON AV","HARVARD ST",17.00,W,N,A,-,N,,,,,,,,,,N,4,0,1,1,A,-,08,22107,,N,A,-,A,A,H,-,D,D,0,,,,,Y,,A,01,0,0,1,0,0,0,0,0,0,"- ","- ",,,"SANTA CRUZ","SANTA CRUZ",-122.03528594970703,36.953742980957031
92012943,2023,2023-03-08,9720,2023-02-24,"600 ",023186,,5,1,9,4400,0,2,4,,1,016,"GRAHAM HILL RD","QUARRY RD",845.00,N,N,D,-,N,,,,,,,,,,Y,2,0,1,1,A,-,03,22350,,N,E,I,A,C,H,-,A,D,0,,,,,Y,,A,01,1,0,0,0,0,0,0,0,0,"- ","- ",37.042610168457031,-122.05059814453125,"SANTA CRUZ",UNINCORPORATED,,
92203840,2023,2023-10-19,9720,2023-10-10,"755 ",021211,,2,1,9,4400,0,1,3,,2,020,"SR-1 S/B","MORRISSEY BLVD",2640.00,S,N,B,-,Y,SCR,,1," "," ",15.390,H,,L,Y,4,0,2,2,A,-,08,22107,,N,C,C,A,B,H,-,A,D,0,,,,,Y,,A,01,0,0,2,0,0,0,0,0,0,"- ","- ",36.988071441650391,-121.99562835693359,"SANTA CRUZ",UNINCORPORATED,-121.99562835693359,36.98809814453125
92208510,2023,2023-10-25,9720,2023-10-16,"521 ",022545,,1,3,9,4400,0,2,4,,1,024,"PORTOLA DR","EAST CLIFF DR",50.00,E,N,A,-,N,,,,,,,,,,Y,4,0,1,1,A,-,01,23152,A,N,E,8,A,A,H,-,C,A,0,,,,,Y,Y,A,08,0,0,1,0,0,0,0,0,0,"- ","- ",36.962879180908203,-121.98784637451172,"SANTA CRUZ",UNINCORPORATED,-121.98790740966797,36.962802886962891
92274381,2023,2023-12-29,9720,2023-12-17,"30  ",023186,,7,3,9,4400,0,1,3,,2,020,"SR-1 N/B","N BRANCIFORTE AVE",3696.00,N,N,A,-,Y,SCR,,1," "," ",16.964,H,,R,Y,3,0,1,1,A,-,01,23152,A,N,E,I,A,A,H,-,C,D,0,,,,,Y,Y,A,07,0,1,0,0,0,0,0,0,0,"- ","- ",36.991409301757812,-122.021728515625,"SANTA CRUZ",UNINCORPORATED,-122.021728515625,36.991348266601562
9560568,2023,2023-03-23,4402,2023-01-07,1038,166,4402,6,5,5,4402,0,0,0,,0,000,"NOBEL DR","BAY DR",0.00,,Y,B,-,N,,,,,,,,,,Y,4,0,1,2,A,-,12,21453,,N,D,C,A,A,H,-,A,A,0,,,,,Y,,A,01,0,0,1,0,0,0,0,0,0,"- ","- ",,,"SANTA CRUZ","SANTA CRUZ",-122.05034637451172,36.973945617675781
9575191,2023,2023-05-04,4402,2023-02-28,1706,161,4402,2,5,5,4402,0,0,0,,0,000,"LAUREL ST","WALTI ST",185.00,W,N,B,C,N,,,,,,,,,,N,4,0,1,1,C,-,18,,,N,E,A,A,B,B,G,A,D,0,,,,,Y,,-,"- ",0,0,1,0,0,0,0,0,0,"- ","- ",,,"SANTA CRUZ","SANTA CRUZ",-122.03390502929688,36.968536376953125
92018392,2023,2023-03-15,9720,2023-03-03,"814 ",021304,,5,1,9,4400,0,2,4,,1,022,"SOQUEL SAN JOSE RD","HILLTOP RD",0.00,,Y,A,-,N,,,,,,,,,,Y,3,0,2,2,A,-,01,23152,A,N,B,2,A,A,H,-,A,D,0,,,,,Y,Y,A,07,0,2,0,0,0,0,0,0,0,"- ","- ",36.997669219970703,-121.95609283447266,"SANTA CRUZ",UNINCORPORATED,-121.95613861083984,36.997505187988281
92061036,2023,2023-05-04,9720,2023-04-20,1610,022901,,4,2,9,4400,0,1,3,,2,020,"SR-1 S/B","MORRISSEY BLVD",1584.00,S,N,A,-,Y,SCR,,1," "," ",15.496,H,,L,Y,2,0,1,2,A,-,03,22350,,N,C,C,A,A,H,-,A,D,0,,,Y,,Y,,C,02,1,0,0,0,0,0,0,0,1,"- ","- ",36.988170623779297,-121.99755859375,"SANTA CRUZ",UNINCORPORATED,-121.99755859375,36.988128662109375
92152088,2023,2023-08-24,9720,2023-08-12,1513,023245,,6,2,9,4400,0,3,5,,2,100,"MOUNT HERMON RD","GRAHAM HILL RD",4752.00,E,N,A,-,N,,,,,,,,,,N,2,0,1,1,B,-,22,,,N,F,A,A,A,H,-,A,D,0,,Y,,,Y,,-,"- ",1,0,0,0,0,0,1,0,0,"- ","- ",37.055561065673828,-122.05734252929688,"SANTA CRUZ",UNINCORPORATED,-122.05711364746094,37.055587768554688
92156319,2023,2023-08-28,9720,2023-08-15,1655,021304,,2,2,9,4400,0,2,4,,1,032,"GREEN VALLEY RD","MESA VERDE",10.00,E,N,A,-,N,,,,,,,,,,N,2,0,1,1,A,-,01,23152,A,N,E,8,A,A,D,-,A,D,0,,,,,Y,Y,D,22,1,0,0,0,0,0,0,0,0,"- ","- ",36.969409942626953,-121.76505279541016,"SANTA CRUZ",UNINCORPORATED,-121.76510620117188,36.969207763671875
92163771,2023,2023-09-06,9720,2023-08-28,1725,023316,,1,2,9,4400,0,1,3,,2,020,"SR-1 S/B","SOQUEL AVENUE",680.00,S,N,A,-,Y,SCR,,1," "," ",14.732,H,,L,N,4,0,1,2,A,-,03,22350,,M,C,C,A,A,D,-,A,D,0,,,,,Y,,A,01,0,0,1,0,0,0,0,0,0,"- ","- ",36.986461639404297,-121.98404693603516,"SANTA CRUZ",UNINCORPORATED,-121.98404693603516,36.986476898193359
9574031,2023,2023-04-25,4403,2023-03-24,"655 ",387,315,5,5,4,4403,0,0,0,,0,003,"BEACH ST","BLACKBURN ST",7.00,N,N,A,-,N,,,,,,,,,,N,4,0,1,2,A,-,10,21950,A,N,G,B,B,A,H,-,B,D,0,Y,,,,Y,,A,01,0,0,1,0,1,0,0,0,0,"- ","- ",,,"SANTA CRUZ",WATSONVILLE,-121.74971008300781,36.915493011474609
9609551,2023,2023-10-12,4403,2023-09-07,1556,418,319,4,5,4,4403,0,0,0,,0,003,"LAKE AV","WAGNER AV",23.00,E,N,A,-,Y,SCR,5,152,-,-,1.340,H,-,W,N,4,0,1,2,A,-,03,22350,,N,C,C,A,A,H,-,A,A,0,,,,,Y,,D,22,0,0,1,0,0,0,0,0,0,"- ","- ",,,"SANTA CRUZ",WATSONVILLE,-121.74552917480469,36.926826477050781
9609790,2023,2023-08-28,4402,2023-08-07,"540 ",177,4402,1,5,5,4402,0,0,0,,0,000,"WOODROW AV","ERRETT CIR",0.00,,Y,E,-,N,,,,,,,,,,Y,4,0,1,1,A,-,03,22350,,N,E,A,A,A,H,-,C,-,0,,,Y,,Y,,C,02,0,0,1,0,0,0,0,0,1,"- ","- ",,,"SANTA CRUZ","SANTA CRUZ",-122.03818511962891,36.958969116210938
92080174,2023,2023-05-29,9720,2023-05-19,"758 ",023146,,5,1,9,4400,0,1,3,,1,015,SR-9,"CLEAR CREEK RD",0.00,,Y,A,-,Y,SCR,,9," "," ",11.409,H,,R,Y,3,0,2,2,A,-,09,21802,A,N,D,C,A,A,H,-,A,D,0,,,,,Y,,A,01,0,1,1,0,0,0,0,0,0,"- ","- ",37.107769012451172,-122.10961151123047,"SANTA CRUZ",UNINCORPORATED,-122.109619140625,37.107822418212891
92113898,2023,2023-07-11,9720,2023-07-05,1145,021248,,3,1,9,4400,0,1,3,,2,020,"SR-1 N/B","41ST AVE.",150.00,S,N,A,-,Y,SCR,,1," "," ",13.580,H,,R,Y,4,0,1,2,A,-,03,22350,,N,C,C,A,A,E,-,A,D,0,,,,,Y,,A,01,0,0,1,0,0,0,0,0,0,"- ","- ",36.982830047607422,-121.96369171142578,"SANTA CRUZ",UNINCORPORATED,-121.96369171142578,36.982818603515625
92133185,2023,2023-08-01,9720,2023-07-25,"745 ",023316,,2,1,9,4400,0,1,3,,1,015,SR-9,"LOCUST LN",25.00,S,N,A,-,Y,SCR,,9," "," ",8.040,H,,R,Y,3,0,1,2,A,-,05,21460,A,N,D,C,A,A,H,-,A,D,0,,,,,Y,,A,01,0,1,0,0,0,0,0,0,0,"- ","- ",37.072299957275391,-122.08428955078125,"SANTA CRUZ",UNINCORPORATED,-122.08428955078125,37.072299957275391
9642201,2023,2023-12-19,4402,2023-11-22,1734,191,4402,3,5,5,4402,0,0,0,,0,000,BROADWAY,"FRONT ST",15.00,E,N,A,-,N,,,,,,,,,,N,4,0,1,2,A,-,03,22350,,N,C,C,A,A,H,-,B,A,0,,,,,Y,,A,01,0,0,1,0,0,0,0,0,0,"- ","- ",,,"SANTA CRUZ","SANTA CRUZ",-122.39981079101562,37.798748016357422
91999261,2023,2023-02-21,9720,2023-02-08,"745 ",021248,,3,1,9,4400,0,3,5,,2,200,"VINE HILL RD.","JARVIS RD.",0.00,,Y,A,-,N,,,,,,,,,,Y,3,0,3,2,A,-,09,21802,A,N,A,2,A,A,H,-,A,A,0,,,,,Y,,A,01,0,1,2,0,0,0,0,0,0,"- ","- ",37.057830810546875,-121.98030090332031,"SANTA CRUZ",UNINCORPORATED,-121.9803466796875,37.057842254638672
92064233,2023,2023-05-08,9720,2023-04-27,1450,022044,,4,2,9,4400,0,1,3,,1,013,SR-35,"UPPER ZAYANTE RD.",1214.00,S,N,A,-,Y,SCR,,35," "," ",2.479,H,,R,Y,4,0,1,1,A,-,08,22107,,N,E,I,A,A,H,-,A,D,0,,,,,Y,,A,01,0,0,1,0,0,0,0,0,0,"- ","- ",37.162071228027344,-122.01165008544922,"SANTA CRUZ",UNINCORPORATED,-122.01165008544922,37.162067413330078
92118811,2023,2023-07-17,9720,2023-07-05,1250,021248,,3,1,9,4400,0,1,3,,2,020,"SR-1 N/B","STATE PARD DR",75.00,S,N,A,-,Y,SCR,,1," "," ",10.517,H,,R,N,4,0,1,2,D,-,00,,,N,C,C,A,A,H,-,A,D,0,,,,Y,Y,,-,"- ",0,0,1,0,0,0,0,0,0,"- ","- ",36.977901458740234,-121.91008758544922,"SANTA CRUZ",UNINCORPORATED,-121.91007232666016,36.977924346923828
9550924,2023,2023-05-04,4401,2023-01-19,1422,523,4401,4,5,3,4401,0,0,0,,0,,"STOCKTON AV",ESPLANADE,0.00,,Y,A,-,N,,,,,,,,,,N,2,0,1,2,A,-,10,21950,A,N,-,-,B,A,H,-,A,A,0,Y,Y,,,Y,,L,04,1,0,0,0,1,0,0,0,0,"- ","- ",,,"SANTA CRUZ",CAPITOLA,-121.95256805419922,36.972694396972656
9591022,2023,2023-07-25,4403,2023-06-22,1649,417,224,4,5,4,4403,0,0,0,,0,002,"WALKER ST","BEACH ST",15.00,S,N,A,-,N,,,,,,,,,,N,3,0,1,2,D,-,00,,,N,D,-,A,A,H,-,A,A,0,,Y,,,Y,,-,"- ",0,1,0,0,0,0,1,0,0,"- ","- ",,,"SANTA CRUZ",WATSONVILLE,-121.76161956787109,36.907802581787109
92118420,2023,2023-07-17,9720,2023-07-04,1120,023103,,2,1,9,4400,0,3,5,,2,200,"PARK AVENUE","SUBEC LANE",200.00,S,N,A,-,N,,,,,,,,,,Y,3,0,1,1,A,-,01,23152,G,M,E,8,A,A,H,-,A,D,0,,,,,Y,Y,D,22,0,1,0,0,0,0,0,0,0,"- ","- ",36.986381530761719,-121.93666076660156,"SANTA CRUZ",UNINCORPORATED,-121.93657684326172,36.986202239990234
92121727,2023,2023-07-20,9720,2023-07-14,"901 ",022458,,5,1,9,4400,0,2,4,,1,021,"SOQUEL DRIVE","APTOS RANCHO ROAD",200.00,S,N,A,-,N,,,,,,,,,,N,3,0,1,2,A,-,08,22107,,N,B,G,A,A,H,-,A,A,0,,Y,,,Y,,A,01,0,1,0,0,0,0,1,0,0,"- ","- ",36.978298187255859,-121.90695190429688,"SANTA CRUZ",UNINCORPORATED,-121.90704345703125,36.978294372558594
9568073,2023,2023-04-21,4403,2023-04-05,1515,417,3-06,3,5,4,4403,0,0,0,,0,003,"LAKE AV","BECK ST",0.00,,Y,A,-,Y,SCR,5,152,-,-,0.714,I,6,E,N,3,0,1,2,A,-,05,21650,1,N,D,G,A,A,H,-,A,A,0,,Y,,,Y,,L,04,0,1,0,0,0,0,1,0,0,"- ","- ",,,"SANTA CRUZ",WATSONVILLE,-121.74925994873047,36.918289184570312
92044617,2023,2023-04-13,9720,2023-03-30,1531,023103,,4,2,9,4400,0,1,3,,2,030,"SR-1 S/B","GREEN VALLEY ROAD",1056.00,W,N,A,-,N,,,,,,,,,,Y,4,0,1,3,A,-,04,21703,,N,C,C,A,A,H,-,A,D,0,,,,,Y,,A,01,0,0,1,0,0,0,0,0,0,"- ","- ",36.91925048828125,-121.78781127929688,"SANTA CRUZ",UNINCORPORATED,-122.03147888183594,36.97711181640625
92207312,2023,2023-10-24,9720,2023-10-17,"915 ",022162,,2,1,9,4400,0,1,3,,2,020,"SR-1 N/B","SOQUEL DR",1320.00,S,N,A,-,Y,SCR,,1," "," ",14.606,H,,R,N,4,0,1,2,A,-,03,22350,,N,C,C,A,A,D,-,A,D,0,,,,Y,Y,,F,26,0,0,1,0,0,0,0,0,0,"- ","- ",36.986061096191406,-121.98175048828125,"SANTA CRUZ",UNINCORPORATED,-121.98175048828125,36.986061096191406
92294782,2023,2024-01-23,9720,2023-07-28,2500,023214,,5,4,9,4400,0,3,5,,2,100,"BEAR CREEK ROAD","HAWK RIDGE ROAD",566.00,E,N,B,-,N,,,,,,,,,,Y,1,1,0,1,A,-,08,22107,,N,E,8,A,B,H,-,B,D,0,,,,,Y,,A,01,0,0,0,0,0,0,0,0,0,"- ","- ",37.161689758300781,-122.07936096191406,"SANTA CRUZ",UNINCORPORATED,-122.07955169677734,37.161685943603516
9582807,2023,2023-06-26,4403,2023-05-26,1346,358,1-07,5,5,4,4403,0,0,0,,0,001,"SUDDEN ST","PALM AV",200.00,N,N,A,-,N,,,,,,,,,,,3,0,1,1,A,-,03,22350,,N,F,A,A,A,H,-,A,D,0,,,Y,,Y,,C,03,0,1,0,0,0,0,0,0,1,"- ","- ",,,"SANTA CRUZ",WATSONVILLE,-121.75891876220703,36.917060852050781
92168509,2023,2023-09-12,9720,2023-09-06,1130,021717,,3,1,9,4400,0,3,5,,2,100,"BEAR CREEK RD","LITTLE BEAR LN.",15.00,W,N,A,-,N,,,,,,,,,,Y,4,0,1,2,A,-,05,21460,A,N,D,C,A,A,H,-,A,D,0,,,Y,,Y,Y,C,02,0,0,1,0,0,0,0,0,1,"- ","- ",37.128551483154297,-122.11811065673828,"SANTA CRUZ",UNINCORPORATED,-122.11811065673828,37.128524780273438
9562860,2023,2023-04-24,4403,2023-03-17,1311,417,525,5,5,4,4403,0,0,0,,0,005,"AIRPORT BL","HOLM RD",399.00,W,N,A,-,N,,,,,,,,,,Y,3,0,1,2,A,-,09,21801,A,N,D,C,A,A,H,-,A,D,0,,,,,Y,,A,01,0,1,0,0,0,0,0,0,0,"- ","- ",,,"SANTA CRUZ",WATSONVILLE,-121.78855895996094,36.931453704833984
92091754,2023,2023-06-12,9720,2023-06-06,"735 ",021248,,2,1,9,4400,0,3,5,,2,200,"MOUNTAIN VIEW RD.","BLUE JAY LN",400.00,E,N,A,-,N,,,,,,,,,,N,4,0,1,1,A,-,03,22350,,N,E,I,A,A,H,-,A,D,0,,,,,Y,,A,01,0,0,1,0,0,0,0,0,0,"- ","- ",37.056140899658203,-121.96690368652344,"SANTA CRUZ",UNINCORPORATED,-121.966796875,37.056083679199219
92172320,2023,2023-09-18,9720,2023-09-07,"810 ",022400,,4,1,9,4400,0,2,4,,1,021,"SOQUEL DR","PAUL SWEET RD",120.00,E,N,A,-,Y,,,,,,,,,,N,3,0,1,2,A,-,08,22107,,N,H,G,A,A,H,-,A,D,0,,Y,,,Y,,D,22,0,1,0,0,0,0,1,0,0,"- ","- ",36.987949371337891,-121.98473358154297,"SANTA CRUZ",UNINCORPORATED,-121.98487854003906,36.987979888916016
9637839,2023,2023-11-22,4401,2023-10-06,1333,530,4401,5,5,3,4401,0,0,0,,0,,"KENNEDY DR","SIR FRANCIS AV",127.00,W,N,A,-,N,,,,,,,,,,N,2,0,1,2,A,-,03,22350,,N,C,-,A,A,H,-,A,D,0,,Y,,,Y,,L,04,1,0,0,0,0,0,1,0,0,"- ","- ",,,"SANTA CRUZ",CAPITOLA,-121.94021606445312,36.9822998046875
92052189,2023,2023-04-25,9720,2023-04-15,1222,023166,,6,1,9,4400,0,3,5,,2,300,"HOLOHAN RD.",SR-152,1584.00,W,N,A,-,N,,,,,,,,,,Y,4,0,1,2,A,-,09,21804,A,N,D,C,A,A,H,-,A,D,0,,,,,Y,,A,08,0,0,1,0,0,0,0,0,0,"- ","- ",36.937038421630859,-121.74777221679688,"SANTA CRUZ",UNINCORPORATED,-121.74853515625,36.937217712402344
92053122,2023,2023-04-25,9720,2023-04-13,1515,021717,,4,2,9,4400,0,1,3,,1,034,SR-152,"GAFFEY RD.",2006.00,W,N,A,-,Y,SCR,,152," "," ",5.956,H,,R,Y,3,0,2,1,A,-,08,22107,,N,F,A,A,A,H,-,A,D,0,,,,Y,Y,,G,25,0,1,1,0,0,0,0,0,0,"- ","- ",36.978748321533203,-121.71114349365234,"SANTA CRUZ",UNINCORPORATED,-121.71106719970703,36.978679656982422
92062575,2023,2023-05-05,9720,2023-05-02,1325,021714,,2,1,9,4400,0,2,4,,1,031,"FREEDOM BLVD.","SABINA WAY",20.00,W,N,A,-,N,,,,,,,,,,N,4,0,1,2,A,-,21,22106,,F,H,C,A,A,H,-,A,A,0,,,,,Y,,D,22,0,0,1,0,0,0,0,0,0,"- ","- ",36.972469329833984,-121.87129974365234,"SANTA CRUZ",UNINCORPORATED,-121.87131500244141,36.972488403320312
92096494,2023,2023-06-19,9720,2023-06-09,2204,022545,,5,3,9,4400,0,1,3,,1,034,SR-152,"PACIFIC VIEW TERRACE",4224.00,W,N,A,-,Y,SCR,,152," "," ",6.434,H,,R,Y,3,0,4,1,A,-,08,22107,,N,E,I,A,A,H,-,D,D,0,,,,,Y,,A,01,0,4,0,0,0,0,0,0,0,"- ","- ",36.980819702148438,-121.71793365478516,"SANTA CRUZ",UNINCORPORATED,-121.71798706054688,36.980800628662109
92156311,2023,2023-08-28,9720,2023-08-13,1405,023186,,7,2,9,4400,0,2,4,,1,032,"GREEN VALLEY RD","KLASSEN LN",0.00,,Y,A,-,N,,,,,,,,,,Y,3,0,1,2,A,-,12,22450,A,N,D,C,A,A,H,-,A,D,0,,,,,Y,,A,01,0,1,0,0,0,0,0,0,0,"- ","- ",36.960918426513672,-121.76495361328125,"SANTA CRUZ",UNINCORPORATED,-121.76496887207031,36.960922241210938
9628195,2023,2023-10-30,4403,2023-09-15,1947,398,223,5,5,4,4403,0,0,0,,0,002,"MAIN ST","OHLONE PKWY",190.00,S,N,A,-,Y,SCR,5,152,-,T,1.690,H,-,W,N,3,0,1,2,A,-,09,21804,A,M,D,G,A,A,H,-,C,D,0,,Y,,,Y,,A,07,0,1,0,0,0,0,1,0,0,"- ","- ",,,"SANTA CRUZ",WATSONVILLE,-121.77522277832031,36.917232513427734
91992548,2023,2023-02-13,9720,2023-02-02,"825 ",019956,,4,1,9,4400,0,1,3,,2,020,"SR-1 N/B","FREEDOM BLVD",1056.00,N,N,B,-,Y,SCR,,1," "," ",8.550,H,,R,N,4,0,2,2,A,-,07,21658,A,M,C,C,A,A,H,-,A,D,0,,,,Y,Y,,A,01,0,0,2,0,0,0,0,0,0,"- ","- ",36.971721649169922,-121.87619018554688,"SANTA CRUZ",UNINCORPORATED,-121.87621307373047,36.971675872802734
92207014,2023,2023-10-24,9720,2023-10-14,1520,023387,,6,2,9,4400,0,3,5,,2,300,"CARLTON ROAD","KEER RD",250.00,S,N,A,-,N,,,,,,,,,,N,4,0,1,1,A,-,08,22107,,N,F,A,A,A,H,-,A,D,0,,,,,Y,,A,01,0,0,1,0,0,0,0,0,0,"- ","- ",36.950580596923828,-121.72087860107422,"SANTA CRUZ",UNINCORPORATED,,
9608401,2023,2023-08-15,4401,2023-07-12,1636,484,4401,3,5,3,4401,0,0,0,,0,,"41ST AV","GROSS RD",192.00,N,N,A,-,N,,,,,,,,,,N,4,0,2,2,A,-,03,22350,,N,C,C,A,A,H,-,A,A,0,,,,,Y,,A,01,0,0,2,0,0,0,0,0,0,"- ","- ",,,"SANTA CRUZ",CAPITOLA,-121.964599609375,36.981594085693359
9626506,2023,2023-10-24,4403,2023-09-27,1133,417,4-01,3,5,4,4403,0,0,0,,0,004,"FREEDOM BL","DAVIS AV",0.00,,Y,-,-,N,,,,,,,,,,N,4,0,1,2,A,-,10,21950,A,N,G,B,B,A,H,-,A,A,0,Y,,,,Y,,D,22,0,0,1,0,1,0,0,0,0,"- ","- ",,,"SANTA CRUZ",WATSONVILLE,-121.77081298828125,36.932830810546875
9646836,2023,2024-01-17,4401,2023-10-12,1511,529,4401,4,5,3,4401,0,0,0,,0,,"BAY AV","BURLINGAME AV",47.00,N,N,A,-,N,,,,,,,,,,Y,4,0,1,3,A,-,09,21804,A,N,D,C,A,A,-,-,A,D,0,,,,,Y,,A,07,0,0,1,0,0,0,0,0,0,"- ","- ",,,"SANTA CRUZ",CAPITOLA,-121.95246887207031,36.978157043457031
92357664,2023,2024-08-23,9720,2023-11-11,1404,022400,,6,2,9,4400,0,1,3,,1,010,SR-1,"DIMEO LN",0.00,,Y,A,-,Y,SCR,,1," "," ",22.703,H,,R,N,1,1,0,2,A,-,09,21802,A,N,C,C,A,A,H,-,A,A,0,,,Y,,Y,,D,22,0,0,0,0,0,0,0,1,0,"- ","- ",36.964500427246094,-122.1048583984375,"SANTA CRUZ",UNINCORPORATED,-122.10483551025391,36.964527130126953
9569505,2023,2023-07-13,4403,2023-06-18,1435,80,1-09,7,5,4,4403,0,0,0,,0,001,"MAIN ST","RIVERSIDE DR",164.00,N,N,A,-,Y,SCR,5,129,-,-,0.000,I,6,W,Y,4,0,1,2,A,-,01,23152,B,N,B,C,A,A,H,-,A,D,0,,,,,Y,Y,A,01,0,0,1,0,0,0,0,0,0,"- ","- ",,,"SANTA CRUZ",WATSONVILLE,-121.75340270996094,36.907169342041016
91996305,2023,2023-02-16,9720,2023-02-07,1330,021833,,2,1,9,4400,0,3,5,,2,300,"SAN ANDREAS RD.","HEATHER POINT LN.",531.00,W,N,A,-,N,,,,,,,,,,Y,3,0,1,1,A,-,05,21460,A,N,E,I,A,A,H,-,A,D,0,,,,,Y,,A,07,0,1,0,0,0,0,0,0,0,"- ","- ",36.928829193115234,-121.85372924804688,"SANTA CRUZ",UNINCORPORATED,-121.85368347167969,36.928741455078125
92001700,2023,2023-03-27,9720,2023-02-12,1311,021304,,7,1,9,4400,0,3,5,,2,300,"CASSERLY RD","DIAS LANE",528.00,N,N,A,-,N,,,,,,,,,,Y,3,0,1,2,A,-,03,22350,,N,F,0,A,A,H,-,A,D,0,,,Y,,Y,,C,02,0,1,0,0,0,0,0,0,1,"- ","- ",36.967128753662109,-121.74299621582031,"SANTA CRUZ",UNINCORPORATED,-121.73416137695312,36.964611053466797
92047030,2023,2023-06-15,9720,2023-04-10,1620,023103,,1,2,9,4400,0,2,4,,1,031,"FREEDOM BLVD","PETERY LN",150.00,W,N,A,-,N,,,,,,,,,,N,4,0,1,2,A,-,03,22350,,N,C,C,A,A,H,-,A,D,0,,,,,Y,,A,07,0,0,1,0,0,0,0,0,0,"- ","- ",36.986991882324219,-121.84548950195312,"SANTA CRUZ",UNINCORPORATED,-121.84532928466797,36.987030029296875
92237909,2023,2023-11-16,9720,2023-11-06,1910,023166,,1,2,9,4400,0,1,3,,1,017,SR-17,"LA MADRONA DR",2112.00,N,N,B,-,Y,SCR,,17," "," ",2.551,H,,R,Y,4,0,1,1,A,-,08,22107,,N,E,8,A,B,H,-,D,D,0,,,,,Y,,A,01,0,0,1,0,0,0,0,0,0,"- ","- ",37.024188995361328,-122.02693176269531,"SANTA CRUZ",UNINCORPORATED,-122.02684020996094,37.024188995361328