CASE_ID,ACCIDENT_YEAR,PROC_DATE,JURIS,COLLISION_DATE,COLLISION_TIME,OFFICER_ID,REPORTING_DISTRICT,DAY_OF_WEEK,CHP_SHIFT,POPULATION,CNTY_CITY_LOC,SPECIAL_COND,BEAT_TYPE,CHP_BEAT_TYPE,CITY_DIVISION_LAPD,CHP_BEAT_CLASS,BEAT_NUMBER,PRIMARY_RD,SECONDARY_RD,DISTANCE,DIRECTION,INTERSECTION,WEATHER_1,WEATHER_2,STATE_HWY_IND,CALTRANS_COUNTY,CALTRANS_DISTRICT,STATE_ROUTE,ROUTE_SUFFIX,POSTMILE_PREFIX,POSTMILE,LOCATION_TYPE,RAMP_INTERSECTION,SIDE_OF_HWY,TOW_AWAY,COLLISION_SEVERITY,NUMBER_KILLED,NUMBER_INJURED,PARTY_COUNT,PRIMARY_COLL_FACTOR,PCF_CODE_OF_VIOL,PCF_VIOL_CATEGORY,PCF_VIOLATION,PCF_VIOL_SUBSECTION,HIT_AND_RUN,TYPE_OF_COLLISION,MVIW,PED_ACTION,ROAD_SURFACE,ROAD_COND_1,ROAD_COND_2,LIGHTING,CONTROL_DEVICE,CHP_ROAD_TYPE,PEDESTRIAN_ACCIDENT,BICYCLE_ACCIDENT,MOTORCYCLE_ACCIDENT,TRUCK_ACCIDENT,NOT_PRIVATE_PROPERTY,ALCOHOL_INVOLVED,STWD_VEHTYPE_AT_FAULT,CHP_VEHTYPE_AT_FAULT,COUNT_SEVERE_INJ,COUNT_VISIBLE_INJ,COUNT_COMPLAINT_PAIN,COUNT_PED_KILLED,COUNT_PED_INJURED,COUNT_BICYCLIST_KILLED,COUNT_BICYCLIST_INJURED,COUNT_MC_KILLED,COUNT_MC_INJURED,PRIMARY_RAMP,SECONDARY_RAMP,LATITUDE,LONGITUDE,COUNTY,CITY,POINT_X,POINT_Y
92268537,2023,2023-12-21,9720,2023-12-11,1425,023322,,1,2,9,4400,0,2,4,,1,022,"SOQUEL SAN JOSE RD","PAPERMILL ROAD",9.00,N,N,A,-,N,,,,,,,,,,N,3,0,1,2,A,-,10,21950,A,N,G,B,B,A,H,-,A,A,0,Y,,,,Y,,D,22,0,1,0,0,1,0,0,0,0,"- ","- ",36.990810394287109,-121.95732116699219,"SANTA CRUZ",UNINCORPORATED,-121.95729064941406,36.990764617919922
92268700,2023,2023-12-21,9720,2023-12-05,1711,015170,,2,2,9,4400,0,1,3,,1,017,SR-17,"VINE HILL RD",0.00,,Y,A,-,Y,SCR,,17," "," ",7.666,H,,R,Y,3,0,3,2,A,-,09,21802,A,N,A,C,A,A,H,-,C,A,0,,,,,Y,,A,07,0,3,0,0,0,0,0,0,0,"- ","- ",37.078929901123047,-121.9794921875,"SANTA CRUZ",UNINCORPORATED,-121.9794921875,37.078933715820312
91968740,2023,2023-01-16,9720,2023-01-06,"750 ",023166,,5,1,9,4400,0,1,3,,1,017,"SR-17 S/B","LA MADRONA DR.",1056.00,S,N,B,-,Y,SCR,,17," "," ",2.005,H,,L,Y,3,0,1,1,A,-,08,22107,,N,E,I,A,B,H,-,A,D,0,,,,,Y,,A,07,0,1,0,0,0,0,0,0,0,"- ","- ",37.01654052734375,-122.02706909179688,"SANTA CRUZ",UNINCORPORATED,-122.02708435058594,37.016532897949219
91968920,2023,2023-01-16,9720,2023-01-06,1732,022879,,5,2,9,4400,0,1,3,,1,015,SR-9,"LOMOND ST.",0.00,,Y,A,-,Y,SCR,,9," "," ",12.870,H,,R,N,2,0,1,2,A,-,11,21954,A,N,G,B,D,A,H,-,D,D,0,Y,,,,Y,,N,60,1,0,0,0,1,0,0,0,0,"- ","- ",37.123329162597656,-122.12174224853516,"SANTA CRUZ",UNINCORPORATED,-122.12164306640625,37.123348236083984
91975081,2023,2023-01-24,9720,2023-01-10,"240 ",022293,,2,3,9,4400,0,3,5,,2,100,"MOUNT HERMON ROAD","CONFERENCE DRIVE",440.00,W,N,B,C,N,,,,,,,,,,Y,3,0,1,1,A,-,03,22350,,N,E,J,A,B,C,-,D,D,0,,,,,Y,,D,22,0,1,0,0,0,0,0,0,0,"- ","- ",37.054630279541016,-122.04061889648438,"SANTA CRUZ",UNINCORPORATED,-122.04090881347656,37.05474853515625
91976249,2023,2023-01-24,9720,2023-01-16,"700 ",021248,,1,1,9,4400,0,1,3,,1,017,"SR-17 S/B","MT HERMON RD",845.00,N,N,B,C,Y,SCR,,17," "," ",3.606,H,,L,N,3,0,3,1,A,-,03,22350,,N,E,I,A,B,H,-,B,D,0,,,,,Y,,A,01,0,3,0,0,0,0,0,0,0,"- ","- ",37.037189483642578,-122.018798828125,"SANTA CRUZ",UNINCORPORATED,-122.01877593994141,37.037166595458984
91981376,2023,2023-01-30,9720,2023-01-27,1149,019898,,5,1,9,4400,0,3,5,,2,100,"GLEN ARBOR RD",SR-9,20.00,E,N,A,-,N,,,,,,,,,,N,4,0,1,2,A,-,21,22106,,M,H,C,A,A,H,-,A,D,0,,,,,Y,,-,99,0,0,1,0,0,0,0,0,0,"- ","- ",37.073440551757812,-122.08448028564453,"SANTA CRUZ",UNINCORPORATED,-122.08443450927734,37.074260711669922
91981606,2023,2023-01-30,9720,2023-01-24,"320 ",022400,,2,3,9,4400,0,3,5,,2,100,"QUAIL HOLLOW RD","LARITA DR",180.00,W,N,A,-,Y,,,,,,,,,,N,2,0,1,1,A,-,03,22350,,N,E,J,A,A,H,-,C,D,0,,,Y,,Y,,C,02,1,0,0,0,0,0,0,0,1,"- ","- ",37.078678131103516,-122.07805633544922,"SANTA CRUZ",UNINCORPORATED,-122.07809448242188,37.078762054443359
91982875,2023,2023-01-31,9720,2023-01-22,2030,023103,,7,2,9,4400,0,1,3,,1,034,SR-152,"BEVERLY DR",0.00,,Y,A,-,Y,SCR,,152," "," ",1.835,H,,R,Y,3,0,2,2,A,-,01,23152,A,N,A,C,A,A,H,-,C,A,0,,,,,Y,Y,A,01,0,2,0,0,0,0,0,0,0,"- ","- ",36.933521270751953,-121.74346160888672,"SANTA CRUZ",UNINCORPORATED,-121.74349212646484,36.933525085449219
91988986,2023,2023-02-07,9720,2023-01-30,2010,023180,,1,2,9,4400,0,1,3,,1,034,SR-152,"HOLOHAN RD",2112.00,E,N,A,-,Y,SCR,,152," "," ",2.427,H,,R,N,3,0,1,2,A,-,08,22107,,F,G,B,E,A,H,-,D,D,0,Y,,,,Y,,-,99,0,1,0,0,1,0,0,0,0,"- ","- ",36.941520690917969,-121.74034881591797,"SANTA CRUZ",UNINCORPORATED,-121.74028015136719,36.941486358642578
91990809,2023,2023-02-09,9720,2023-01-26,"710 ",015170,,4,1,9,4400,0,1,3,,1,017,SR-17,"SANTA CRUZ RIDGE",1056.00,N,N,A,-,Y,SCR,,17," "," ",11.669,H,,R,Y,3,0,1,3,A,-,07,21658,A,N,B,C,A,A,H,-,A,D,0,,,,,Y,,A,01,0,1,0,0,0,0,0,0,0,"- ","- ",37.132049560546875,-121.98020935058594,"SANTA CRUZ",UNINCORPORATED,-121.98014068603516,37.132102966308594
91994219,2023,2023-02-14,9720,2023-02-07,1817,023186,,2,2,9,4400,0,1,3,,2,020,"S/B SR 1","41ST AVE",836.00,S,N,A,-,Y,SCR,,1," "," ",13.440,H,,R,Y,4,0,1,3,A,-,03,22350,,N,C,C,A,A,H,-,C,D,0,,,,Y,Y,,A,07,0,0,1,0,0,0,0,0,0,"- ","- ",36.982818603515625,-121.96121978759766,"SANTA CRUZ",UNINCORPORATED,-121.96122741699219,36.982879638671875
91995199,2023,2023-02-15,9720,2023-02-06,"908 ",023110,,1,1,9,4400,0,2,4,,1,021,"SOQUEL DR","SPRECKELS DRIVE",150.00,W,N,A,-,Y,,,,,,,,,,N,3,0,1,3,A,-,01,23152,F,N,C,C,A,A,H,-,A,D,0,,,,,Y,,D,22,0,1,0,0,0,0,0,0,0,"- ","- ",36.977199554443359,-121.9058837890625,"SANTA CRUZ",UNINCORPORATED,-121.90467071533203,36.976486206054688
92000374,2023,2023-02-22,9720,2023-01-11,"830 ",015699,,3,1,9,4400,0,2,4,,1,024,"14TH AVE.","E. CLIFF DR.",0.00,,Y,B,C,N,,,,,,,,,,Y,2,0,3,2,A,-,09,21802,A,N,D,C,A,B,H,-,A,A,0,,,,,Y,,A,01,1,0,2,0,0,0,0,0,0,"- ","- ",36.963809967041016,-121.99169921875,"SANTA CRUZ",UNINCORPORATED,-121.99167633056641,36.963809967041016
92005624,2023,2023-03-01,9720,2023-02-16,1610,023110,,4,2,9,4400,0,3,5,,2,200,"SR-1 S/B","LA FONDA AVE",924.00,N,N,A,-,Y,SCR,,1," "," ",15.414,H,,L,Y,2,0,2,3,A,-,03,22350,,N,C,C,A,A,H,-,A,D,0,,,,,Y,,D,22,2,0,0,0,0,0,0,0,0,"- ","- ",36.988128662109375,-121.99606323242188,"SANTA CRUZ",UNINCORPORATED,-121.99606323242188,36.988105773925781
92007980,2023,2023-03-02,9720,2023-02-21,"710 ",023180,,2,1,9,4400,0,1,3,,1,035,SR-129,"SILLIMAN RD",0.00,,Y,A,-,Y,SCR,,129," "," ",4.002,H,,R,Y,3,0,4,2,A,-,09,21801,A,F,D,C,A,A,H,-,A,D,0,,,,,Y,,A,01,0,4,0,0,0,0,0,0,0,"- ","- ",36.919521331787109,-121.68756103515625,"SANTA CRUZ",UNINCORPORATED,-121.68762969970703,36.919429779052734
92010948,2023,2023-03-06,9720,2023-03-01,1245,021304,,3,1,9,4400,0,2,4,,1,023,"17TH AVENUE","RODRIGUEZ ST",528.00,W,N,A,-,N,,,,,,,,,,Y,3,0,2,2,A,-,09,21804,A,N,B,C,A,A,H,-,A,D,0,,,,,Y,,A,07,0,1,1,0,0,0,0,0,0,"- ","- ",36.981651306152344,-121.98143005371094,"SANTA CRUZ",UNINCORPORATED,-121.98194885253906,36.983692169189453
92013015,2023,2023-03-08,9720,2023-02-27,1610,023180,,1,2,9,4400,0,1,3,,1,017,"SR-17 N/B","PASATIEMPO DR.",170.00,N,N,A,-,Y,SCR,,17," "," ",0.700,H,,R,N,3,0,1,1,A,-,03,22350,,N,E,I,A,B,H,-,A,D,0,,,,,Y,,A,01,0,1,0,0,0,0,0,0,0,"- ","- ",36.998920440673828,-122.02146148681641,"SANTA CRUZ",UNINCORPORATED,-122.02140045166016,36.998924255371094
92014119,2023,2023-03-09,9720,2023-02-28,1535,023180,,2,2,9,4400,0,1,3,,1,017,"N/B SR-17","OLD SANTA CRUZ HWY",739.00,S,N,C,-,Y,SCR,,17," "," ",11.152,H,,R,Y,2,0,1,1,A,-,08,22107,,N,E,I,A,B,H,-,A,D,0,,,,,Y,,A,01,1,0,0,0,0,0,0,0,0,"- ","- ",37.126338958740234,-121.97360992431641,"SANTA CRUZ",UNINCORPORATED,-121.97374725341797,37.126255035400391
92014150,2023,2023-03-09,9720,2023-03-02,"740 ",021248,,4,1,9,4400,0,1,3,,1,017,"SR-17 S/B","MT HERMON RD.",1056.00,S,N,A,-,Y,SCR,,17," "," ",3.211,H,,L,Y,4,0,1,1,A,-,03,22350,,N,F,A,A,A,H,-,A,D,0,,,,,Y,,A,07,0,0,1,0,0,0,0,0,0,"- ","- ",37.032798767089844,-122.02272033691406,"SANTA CRUZ",UNINCORPORATED,-122.02268218994141,37.032794952392578
92016208,2023,2023-03-13,9720,2023-03-03,1309,021304,,5,1,9,4400,0,2,4,,1,021,"SOQUEL DR","APTOS RANCHO RD",330.00,S,N,A,-,N,,,,,,,,,,Y,4,0,1,2,A,-,09,21804,A,N,D,C,A,A,H,-,A,D,0,,,,,Y,,D,22,0,0,1,0,0,0,0,0,0,"- ","- ",36.978000640869141,-121.90666961669922,"SANTA CRUZ",UNINCORPORATED,-121.90676879882812,36.978012084960938
92022176,2023,2023-03-20,9720,2023-03-08,1400,020977,,3,2,9,4400,0,1,3,,2,020,"RT 1","OCEAN STREET",500.00,S,N,A,-,Y,SCR,,1," "," ",17.369,H,,R,Y,4,0,2,3,A,-,03,22350,,N,C,C,A,A,H,-,A,D,0,,,,,Y,,A,01,0,0,2,0,0,0,0,0,0,"- ","- ",36.985450744628906,-122.02667236328125,"SANTA CRUZ",UNINCORPORATED,-122.02666473388672,36.985439300537109
92025866,2023,2023-03-22,9720,2023-03-10,2130,023245,,5,2,9,4400,0,1,3,,1,014,"RT 9","BEEKHUIS ROAD",3168.00,S,N,C,-,Y,SCR,,9," "," ",22.669,H,,R,Y,3,0,1,1,A,-,08,22107,,N,E,I,A,B,H,-,D,D,0,,,,,Y,,A,01,0,1,0,0,0,0,0,0,0,"- ","- ",37.22821044921875,-122.14942932128906,"SANTA CRUZ",UNINCORPORATED,-122.14931488037109,37.228191375732422
92028792,2023,2023-03-27,9720,2023-03-10,1538,020977,,5,2,9,4400,0,3,5,,2,200,"STATE PARK DRIVE","N/B SR-1 TO STATE PARK DRIVE",0.00,,Y,B,-,Y,,,,,,,,,,N,4,0,1,2,A,-,09,21453,B,N,G,B,B,A,H,-,A,D,0,Y,,,,Y,,A,07,0,0,1,0,1,0,0,0,0,"- ","- ",36.979000091552734,-121.90934753417969,"SANTA CRUZ",UNINCORPORATED,,
92028812,2023,2023-03-27,9720,2023-03-17,1055,023214,,5,1,9,4400,0,2,S,,2,900,"HUNTINGTON DR.","VALENCIA RD.",0.00,,Y,A,-,N,,,,,,,,,,N,3,0,1,2,A,-,09,21802,A,N,D,G,A,A,H,-,A,A,0,,Y,,,Y,,A,01,0,1,0,0,0,0,1,0,0,"- ","- ",36.985248565673828,-121.86543273925781,"SANTA CRUZ",UNINCORPORATED,-121.86540222167969,36.985202789306641
92028824,2023,2023-03-27,9720,2023-03-18,1125,021248,,6,1,9,4400,0,1,3,,1,012,SR-236,"KINGS HWY",400.00,N,N,A,-,Y,SCR,,236," "," ",3.573,H,,R,N,3,0,1,1,A,-,03,22350,,N,F,A,A,B,H,-,A,D,0,,Y,,,Y,,L,04,0,1,0,0,0,0,1,0,0,"- ","- ",37.157440185546875,-122.16187286376953,"SANTA CRUZ",UNINCORPORATED,-122.16183471679688,37.157444000244141
92028843,2023,2023-03-27,9720,2023-03-20,"655 ",019100,,1,1,9,4400,0,3,5,,2,300,"BUENA VISTA DR","MILLER AVE",0.00,,Y,B,-,N,,,,,,,,,,N,2,0,1,2,A,-,10,21950,A,N,G,B,B,B,H,-,A,A,0,Y,,,,Y,,A,07,1,0,0,0,1,0,0,0,0,"- ","- ",36.941581726074219,-121.78520965576172,"SANTA CRUZ",UNINCORPORATED,-121.78507232666016,36.941596984863281
92028860,2023,2023-03-27,9720,2023-03-16,2105,022907,,4,2,9,4400,0,1,3,,1,035,SR-129,"ROGGE LN",3696.00,E,N,A,-,Y,SCR,,129," "," ",7.969,H,,R,Y,2,0,1,1,A,-,01,23152,A,N,E,I,A,B,H,-,C,D,0,,,,,Y,Y,D,22,1,0,0,0,0,0,0,0,0,"- ","- ",36.912078857421875,-121.6298828125,"SANTA CRUZ",UNINCORPORATED,-121.62984466552734,36.912052154541016
92030960,2023,2023-03-28,9720,2023-03-18,1212,023103,,6,1,9,4400,0,1,3,,2,020,"SOUTHBOUND SR-1","SOQUEL DRIVE",10.00,N,N,A,-,Y,SCR,,1," "," ",14.888,H,,R,N,4,0,3,3,A,-,03,22350,,N,C,C,A,A,H,-,A,D,0,,,,,Y,,D,22,0,0,3,0,0,0,0,0,0,"- ","- ",36.987148284912109,-121.98668670654297,"SANTA CRUZ",UNINCORPORATED,-121.98665618896484,36.987251281738281
92034091,2023,2023-03-30,9720,2023-03-23,1421,022140,,4,2,9,4400,0,1,3,,1,010,"SR-1 S/B","LA FONDA AVE",370.00,N,N,A,-,Y,SCR,,1," "," ",15.320,H,,L,Y,2,0,1,2,A,-,03,22350,,N,C,2,A,A,H,-,A,D,0,,,Y,,Y,,C,02,1,0,0,0,0,0,0,0,1,"- ","- ",36.98809814453125,-121.99436187744141,"SANTA CRUZ",UNINCORPORATED,-121.99436187744141,36.988071441650391
92035674,2023,2023-04-03,9720,2023-03-23,1304,023245,,4,1,9,4400,0,1,3,,2,030,"SR-1 S/B OFF RAMP",SR-129,200.00,S,N,A,-,Y,,,,,,,,,,N,4,0,1,2,A,-,03,22350,,N,C,C,A,A,H,-,A,D,0,,,,,Y,,A,01,0,0,1,0,0,0,0,0,0,"- ","- ",36.894390106201172,-121.77562713623047,"SANTA CRUZ",UNINCORPORATED,-121.77562713623047,36.894390106201172
92039937,2023,2023-04-10,9720,2023-03-29,"0   ",023186,,3,3,9,4400,0,1,3,,1,014,SR-9,"MCGAFFINGAN MILL ROAD",158.00,S,N,B,-,Y,SCR,,9," "," ",18.451,H,,R,Y,3,0,1,1,A,-,01,23152,A,N,E,I,A,B,H,-,D,D,0,,,,,Y,Y,A,07,0,1,0,0,0,0,0,0,0,"- ","- ",37.196670532226562,-122.14608001708984,"SANTA CRUZ",UNINCORPORATED,-122.14604187011719,37.196670532226562
92041757,2023,2023-06-19,9720,2023-03-13,"919 ",015170,,1,1,9,4400,0,1,3,,1,017,SR-17,"MT HERMON RD",1056.00,N,N,B,-,Y,SCR,,17," "," ",3.605,H,,R,Y,3,0,1,2,A,-,08,22107,,N,E,I,A,B,H,-,A,D,0,,,,,Y,,A,01,0,1,0,0,0,0,0,0,0,"- ","- ",37.037139892578125,-122.018798828125,"SANTA CRUZ",UNINCORPORATED,-122.01870727539062,37.037063598632812
92048964,2023,2023-04-20,9720,2023-04-05,2046,023103,,3,2,9,4400,0,3,5,,2,200,"CATHEDRAL DRIVE","TROUT GULCH ROAD",100.00,N,N,A,-,N,,,,,,,,,,Y,4,0,1,2,A,-,09,21804,A,N,A,C,A,A,H,-,D,D,0,,,,,Y,,A,01,0,0,1,0,0,0,0,0,0,"- ","- ",36.978988647460938,-121.89936828613281,"SANTA CRUZ",UNINCORPORATED,-121.89929962158203,36.978958129882812
92049948,2023,2023-04-20,9720,2023-04-08,1403,023166,,6,2,9,4400,0,1,3,,1,017,"SR-17 S/B","SPANISH OAKS RD.",400.00,S,N,A,-,Y,SCR,,17," "," ",10.003,H,,L,Y,4,0,3,2,A,-,04,21703,,N,C,C,A,A,H,-,A,D,0,,,,,Y,,A,01,0,0,3,0,0,0,0,0,0,"- ","- ",37.111579895019531,-121.97622680664062,"SANTA CRUZ",UNINCORPORATED,-121.97623443603516,37.111579895019531
92052193,2023,2023-04-25,9720,2023-04-15,1530,022901,,6,2,9,4400,0,1,3,,2,020,"SR1 S/B","PARK AVENUE",350.00,N,N,A,-,Y,SCR,,1," "," ",12.202,H,,L,Y,4,0,1,2,A,-,03,22350,,N,C,C,A,A,H,-,A,D,0,,,,,Y,,A,01,0,0,1,0,0,0,0,0,0,"- ","- ",36.983909606933594,-121.93891906738281,"SANTA CRUZ",UNINCORPORATED,-121.93891906738281,36.983921051025391
92054206,2023,2023-04-27,9720,2023-04-18,1915,021717,,2,2,9,4400,0,2,4,,1,032,"GREEN VALLEY RD","PAULSEN RD.",102.00,N,N,A,-,N,,,,,,,,,,N,4,0,1,2,A,-,03,22350,,M,C,C,A,A,H,-,A,D,0,,,,,Y,,-,99,0,0,1,0,0,0,0,0,0,"- ","- ",36.956180572509766,-121.76493835449219,"SANTA CRUZ",UNINCORPORATED,-121.76495361328125,36.956058502197266
92054935,2023,2023-04-27,9720,2023-04-16,"512 ",022545,,7,3,9,4400,0,1,3,,1,017,"SR-17 N/B","VINE HILL RD",1056.00,S,N,A,-,Y,SCR,,17," "," ",7.461,H,,R,Y,3,0,1,1,A,-,01,23152,A,N,F,A,A,A,H,-,D,D,0,,,,,Y,Y,A,07,0,1,0,0,0,0,0,0,0,"- ","- ",37.076881408691406,-121.98320770263672,"SANTA CRUZ",UNINCORPORATED,-121.98320770263672,37.076873779296875
92055048,2023,2023-08-10,9720,2023-03-04,2220,021717,,6,3,9,4400,0,2,4,,1,032,"HOLOHAN RD.","GRIMMER RD.",1056.00,N,N,B,-,N,,,,,,,,,,Y,1,1,3,2,A,-,01,23152,A,N,A,C,A,A,H,-,D,D,0,,,,,Y,Y,A,07,3,0,0,0,0,0,0,0,0,"- ","- ",36.938819885253906,-121.75901031494141,"SANTA CRUZ",UNINCORPORATED,-121.75925445556641,36.938808441162109
92057366,2023,2023-05-01,9720,2023-04-19,1540,021717,,3,2,9,4400,0,1,3,,2,030,"NB SR-1","GREEN VALLEY RD OVERCROSSING",65.00,S,N,A,-,Y,SCR,,1," ",R,2.227,H,,R,Y,4,0,1,2,A,-,04,21703,,N,C,2,A,A,H,-,A,D,0,,,,,Y,,D,22,0,0,1,0,0,0,0,0,0,"- ","- ",36.913909912109375,-121.7864990234375,"SANTA CRUZ",UNINCORPORATED,-121.78645324707031,36.913928985595703
92057398,2023,2023-05-01,9720,2023-04-19,1625,023146,,3,2,9,4400,0,1,3,,1,015,SR-9,"GLENGARRY RD",1056.00,S,N,A,-,Y,SCR,,9," "," ",4.592,H,,R,Y,4,0,1,2,A,-,03,22350,,N,B,C,A,A,H,-,A,D,0,,,,,Y,,A,01,0,0,1,0,0,0,0,0,0,"- ","- ",37.030769348144531,-122.06314086914062,"SANTA CRUZ",UNINCORPORATED,-122.06313323974609,37.030773162841797
92058827,2023,2023-05-02,9330,2023-04-27,1710,022244,,4,2,9,4400,0,1,1,,2,074,"I-280 SOUTHBOUND","MAGDALENA AVENUE",1584.00,S,N,A,-,Y,SCL,,280," "," ",13.743,H,,L,N,4,0,1,2,A,-,03,22350,,N,C,C,A,A,H,-,A,D,0,,,,,Y,,A,07,0,0,1,0,0,0,0,0,0,"- ","- ",37.348560333251953,-122.10350036621094,"SANTA CRUZ",UNINCORPORATED,-122.10354614257812,37.348529815673828
92061489,2023,2023-05-04,9720,2023-04-25,2153,020977,,2,2,9,4400,0,2,4,,1,024,"EAST CLIFF DRIVE","17TH AVENUE",390.00,W,N,A,-,N,,,,,,,,,,Y,3,0,2,1,C,-,18,,,N,E,J,A,A,D,-,C,A,0,,,,,Y,,-,"- ",0,1,1,0,0,0,0,0,0,"- ","- ",36.963119506835938,-121.98946380615234,"SANTA CRUZ",UNINCORPORATED,-121.98936462402344,36.963058471679688
92061616,2023,2023-05-04,9720,2023-04-25,1320,021248,,2,1,9,4400,0,2,4,,1,021,"SOQUEL DR","APTOS ST",528.00,E,N,A,-,N,,,,,,,,,,Y,2,0,1,2,A,-,09,21804,A,N,C,C,A,A,H,-,A,D,0,,,Y,,Y,,A,01,1,0,0,0,0,0,0,0,1,"- ","- ",36.975589752197266,-121.89430236816406,"SANTA CRUZ",UNINCORPORATED,-121.89673614501953,36.975601196289062
92063171,2023,2023-05-08,9720,2023-04-29,"59  ",019100,,6,3,9,4400,0,2,4,,1,032,"HOLOHAN ROAD","GREEN VALLEY RD",1584.00,S,N,B,-,N,,,,,,,,,,Y,3,0,2,1,A,-,01,23152,A,N,F,A,A,A,H,-,D,D,0,,,,,Y,Y,A,01,0,2,0,0,0,0,0,0,0,"- ","- ",36.939529418945312,-121.76329040527344,"SANTA CRUZ",UNINCORPORATED,-121.76425933837891,36.939868927001953
92063173,2023,2023-05-08,9720,2023-04-27,"30  ",023110,,4,3,9,4400,0,1,3,,1,017,"N/B SR-17","W VINE HILL ROAD",792.00,S,N,A,-,Y,SCR,,17," "," ",7.121,H,,R,Y,3,0,1,1,A,-,01,23152,A,N,E,I,A,A,H,-,D,D,0,,,,,Y,Y,A,01,0,1,0,0,0,0,0,0,0,"- ","- ",37.075969696044922,-121.98683929443359,"SANTA CRUZ",UNINCORPORATED,-121.98679351806641,37.075923919677734
92063431,2023,2023-05-08,9720,2023-04-18,2200,023110,,2,3,9,4400,0,2,4,,1,032,"GREEN VALLEY RD","HOLOHAN RD",0.00,,Y,A,-,N,,,,,,,,,,Y,3,0,1,2,A,-,12,21453,A,F,D,C,A,A,H,-,C,A,0,,,,,Y,,A,01,0,1,0,0,0,0,0,0,0,"- ","- ",36.9410400390625,-121.76956939697266,"SANTA CRUZ",UNINCORPORATED,-121.76947021484375,36.941059112548828
92063499,2023,2023-05-08,9720,2023-05-01,1630,022901,,1,2,9,4400,0,1,3,,2,020,"SR-1 S/B","PARK AVENUE",1056.00,S,N,B,-,Y,SCR,,1," "," ",11.879,H,,L,N,4,0,1,2,A,-,03,22350,,N,C,C,A,A,H,-,A,D,0,,,,,Y,,A,01,0,0,1,0,0,0,0,0,0,"- ","- ",36.983860015869141,-121.93309020996094,"SANTA CRUZ",UNINCORPORATED,-121.93309020996094,36.983882904052734
92066027,2023,2023-05-10,9720,2023-04-29,1045,021248,,6,1,9,4400,0,1,3,,2,020,"SR-1 S/B","BAY AVE",2112.00,S,N,A,-,Y,SCR,,1," "," ",12.765,H,,L,Y,3,0,2,3,A,-,03,22350,,N,C,C,A,A,H,-,A,D,0,,,,,Y,,A,07,0,2,0,0,0,0,0,0,0,"- ","- ",36.983871459960938,-121.94911956787109,"SANTA CRUZ",UNINCORPORATED,-121.94911956787109,36.98388671875
92070773,2023,2023-05-17,9720,2023-05-04,1729,023214,,4,2,9,4400,0,1,3,,1,035,SR-129,"CARLTON RD.",50.00,W,N,A,-,Y,SCR,,129," "," ",3.257,H,,R,Y,2,0,1,3,A,-,09,21802,A,F,F,A,A,A,H,-,A,A,0,,,Y,,Y,,D,22,1,0,0,0,0,0,0,0,1,"- ","- ",36.924350738525391,-121.69941711425781,"SANTA CRUZ",UNINCORPORATED,-121.69941711425781,36.924308776855469
92072259,2023,2023-05-18,9720,2023-05-07,2000,023103,,7,2,9,4400,0,3,5,,2,100,"EMPIRE GRADE ROAD","KAMAUR LANE",0.00,,Y,A,-,N,,,,,,,,,,Y,4,0,1,2,A,-,09,21801,A,M,D,C,A,A,H,-,D,D,0,,,,,Y,,A,01,0,0,1,0,0,0,0,0,0,"- ","- ",37.009010314941406,-122.07563781738281,"SANTA CRUZ",UNINCORPORATED,-122.07562255859375,37.009044647216797
92075155,2023,2023-05-23,9720,2023-05-18,1605,023214,,4,2,9,4400,0,3,5,,2,200,"HARKLEROAD AVE.","RODRIGUEZ ST.",20.00,S,N,A,-,N,,,,,,,,,,N,4,0,1,2,A,-,05,21460,A,N,B,C,A,A,H,-,A,A,0,,,,,Y,,A,01,0,0,1,0,0,0,0,0,0,"- ","- ",36.982208251953125,-121.98323059082031,"SANTA CRUZ",UNINCORPORATED,-121.98316955566406,36.982246398925781