CASE_ID,ACCIDENT_YEAR,PROC_DATE,JURIS,COLLISION_DATE,COLLISION_TIME,OFFICER_ID,REPORTING_DISTRICT,DAY_OF_WEEK,CHP_SHIFT,POPULATION,CNTY_CITY_LOC,SPECIAL_COND,BEAT_TYPE,CHP_BEAT_TYPE,CITY_DIVISION_LAPD,CHP_BEAT_CLASS,BEAT_NUMBER,PRIMARY_RD,SECONDARY_RD,DISTANCE,DIRECTION,INTERSECTION,WEATHER_1,WEATHER_2,STATE_HWY_IND,CALTRANS_COUNTY,CALTRANS_DISTRICT,STATE_ROUTE,ROUTE_SUFFIX,POSTMILE_PREFIX,POSTMILE,LOCATION_TYPE,RAMP_INTERSECTION,SIDE_OF_HWY,TOW_AWAY,COLLISION_SEVERITY,NUMBER_KILLED,NUMBER_INJURED,PARTY_COUNT,PRIMARY_COLL_FACTOR,PCF_CODE_OF_VIOL,PCF_VIOL_CATEGORY,PCF_VIOLATION,PCF_VIOL_SUBSECTION,HIT_AND_RUN,TYPE_OF_COLLISION,MVIW,PED_ACTION,ROAD_SURFACE,ROAD_COND_1,ROAD_COND_2,LIGHTING,CONTROL_DEVICE,CHP_ROAD_TYPE,PEDESTRIAN_ACCIDENT,BICYCLE_ACCIDENT,MOTORCYCLE_ACCIDENT,TRUCK_ACCIDENT,NOT_PRIVATE_PROPERTY,ALCOHOL_INVOLVED,STWD_VEHTYPE_AT_FAULT,CHP_VEHTYPE_AT_FAULT,COUNT_SEVERE_INJ,COUNT_VISIBLE_INJ,COUNT_COMPLAINT_PAIN,COUNT_PED_KILLED,COUNT_PED_INJURED,COUNT_BICYCLIST_KILLED,COUNT_BICYCLIST_INJURED,COUNT_MC_KILLED,COUNT_MC_INJURED,PRIMARY_RAMP,SECONDARY_RAMP,LATITUDE,LONGITUDE,COUNTY,CITY,POINT_X,POINT_Y
92075162,2023,2023-05-23,9720,2023-05-19,1140,021717,,5,1,9,4400,0,1,3,,2,020,"SR-1 N/B","41ST AVE.",1056.00,S,N,A,-,Y,SCR,,1," "," ",13.368,H,,R,Y,4,0,1,2,A,-,03,22350,,N,C,C,A,A,H,-,A,D,0,,,,,Y,,A,01,0,0,1,0,0,0,0,0,0,"- ","- ",36.982978820800781,-121.9599609375,"SANTA CRUZ",UNINCORPORATED,-121.9599609375,36.982990264892578
92075306,2023,2023-05-23,9720,2023-05-22,1720,021540,,1,2,9,4400,0,1,3,,2,020,"SR-1 S/B","STATE PARD DR",1000.00,N,N,A,-,Y,SCR,,1," "," ",10.882,H,,L,N,4,0,2,2,A,-,03,22350,,N,C,C,A,A,H,-,A,D,0,,,,,Y,,D,22,0,0,2,0,0,0,0,0,0,"- ","- ",36.980690002441406,-121.91568756103516,"SANTA CRUZ",UNINCORPORATED,-121.91570281982422,36.980674743652344
92076240,2023,2023-05-24,9720,2023-05-16,1534,023186,,2,2,9,4400,0,1,3,,1,015,"RT 9","PACIFIC STREET",658.00,N,N,A,-,Y,SCR,,9," "," ",11.559,H,,R,Y,3,0,1,1,A,-,08,22107,,N,E,I,A,A,H,-,A,D,0,,,,,Y,,A,07,0,1,0,0,0,0,0,0,0,"- ","- ",37.107589721679688,-122.11212158203125,"SANTA CRUZ",UNINCORPORATED,-122.11212158203125,37.107612609863281
92076292,2023,2023-05-24,9720,2023-05-18,1646,023214,,4,2,9,4400,0,1,3,,2,020,"SR-1 S/B","RIVER ST.",1056.00,S,N,A,-,Y,SCR,,1," "," ",17.313,H,,L,Y,3,0,2,4,A,-,03,22350,,N,C,C,A,A,H,-,A,D,0,,,,,Y,,D,22,0,2,0,0,0,0,0,0,0,"- ","- ",36.985561370849609,-122.02572631835938,"SANTA CRUZ",UNINCORPORATED,-122.02572631835938,36.985549926757812
92079629,2023,2023-05-26,9720,2023-05-16,2230,021940,,2,3,9,4400,0,1,3,,1,035,SR-129,"ROGGE LN.",500.00,E,N,A,-,Y,SCR,,129," "," ",7.290,H,,R,N,3,0,1,1,A,-,03,22350,,N,E,J,A,A,H,-,D,D,0,,,,,Y,,A,01,0,1,0,0,0,0,0,0,0,"- ","- ",36.904399871826172,-121.63768005371094,"SANTA CRUZ",UNINCORPORATED,-121.63767242431641,36.904392242431641
92080158,2023,2023-05-29,9720,2023-05-23,1230,021211,,2,1,9,4400,0,3,5,,2,300,"EUREKA CANYON RD.","GERONIMO WAY",400.00,S,N,B,-,N,,,,,,,,,,N,4,0,1,1,C,-,18,,,N,E,I,A,A,H,-,A,D,0,,,,,Y,,-,"- ",0,0,1,0,0,0,0,0,0,"- ","- ",36.995540618896484,-121.80494689941406,"SANTA CRUZ",UNINCORPORATED,-121.80485534667969,36.995613098144531
92080683,2023,2023-05-29,9720,2023-05-21,1700,022044,,7,2,9,4400,0,1,3,,1,014,SR-9,SR-236,2640.00,N,N,A,-,Y,SCR,,9," "," ",22.077,H,,R,Y,4,0,1,1,A,-,08,22107,,N,E,I,A,A,H,-,A,D,0,,,Y,,Y,,C,02,0,0,1,0,0,0,0,0,1,"- ","- ",37.225238800048828,-122.152099609375,"SANTA CRUZ",UNINCORPORATED,-122.15206909179688,37.225208282470703
92080686,2023,2023-05-30,9720,2023-05-26,1515,023166,,5,2,9,4400,0,2,4,,1,022,"SOQUEL SAN JOSE RD","DAWN LN",49.00,S,N,B,-,N,,,,,,,,,,Y,4,0,4,2,A,-,03,22350,,N,C,C,A,A,H,-,A,D,0,,,,,Y,,A,01,0,0,4,0,0,0,0,0,0,"- ","- ",36.995498657226562,-121.95668029785156,"SANTA CRUZ",UNINCORPORATED,-121.95664978027344,36.995609283447266
92083319,2023,2023-06-01,9720,2023-05-19,2000,022907,,5,2,9,4400,0,3,5,,2,100,"QUAIL HOLLOW RD","VISTA ROBLES DR.",295.00,E,N,A,-,N,,,,,,,,,,Y,3,0,1,1,A,-,08,22107,,N,E,8,A,A,H,-,D,D,0,,,,,Y,,A,07,0,1,0,0,0,0,0,0,0,"- ","- ",37.085758209228516,-122.06758880615234,"SANTA CRUZ",UNINCORPORATED,-122.06769561767578,37.085681915283203
92083922,2023,2023-06-01,9720,2023-05-25,1826,023245,,4,2,9,4400,0,2,4,,1,032,"GREEN VALLEY RD","LITA LANE",179.00,W,N,B,-,N,,,,,,,,,,Y,3,0,1,1,A,-,08,22107,,N,E,8,A,A,H,-,A,D,0,,,,,Y,,A,01,0,1,0,0,0,0,0,0,0,"- ","- ",36.954280853271484,-121.764892578125,"SANTA CRUZ",UNINCORPORATED,-121.76493835449219,36.954868316650391
92086802,2023,2023-06-06,9720,2023-05-28,1258,021211,,7,1,9,4400,0,1,3,,1,017,"SR-17 S/B","GLENWOOD DR",0.00,,Y,B,-,Y,SCR,,17," "," ",10.642,H,,L,Y,4,0,1,2,A,-,09,21802,A,N,D,C,A,A,H,-,A,D,0,,,,,Y,,A,07,0,0,1,0,0,0,0,0,0,"- ","- ",37.119861602783203,-121.97605895996094,"SANTA CRUZ",UNINCORPORATED,-121.97608947753906,37.119857788085938
92089397,2023,2023-06-08,9720,2023-05-18,"710 ",015699,,4,1,9,4400,0,2,4,,1,032,"GREEN VALLEY RD","MINTO RD",190.00,N,N,A,-,N,,,,,,,,,,Y,3,0,2,2,A,-,09,21804,A,N,D,C,A,A,H,-,A,D,0,,,,,Y,,A,01,0,1,1,0,0,0,0,0,0,"- ","- ",36.951858520507812,-121.76493835449219,"SANTA CRUZ",UNINCORPORATED,-121.76490783691406,36.951881408691406
92091765,2023,2023-06-12,9720,2023-06-06,1450,023245,,2,2,9,4400,0,2,4,,1,021,"SOQUEL DR","ROBERTSON ST",25.00,W,N,B,-,N,,,,,,,,,,Y,3,0,2,3,A,-,07,21658,A,N,B,C,A,A,H,-,A,A,0,,,,,Y,,A,01,0,2,0,0,0,0,0,0,0,"- ","- ",36.987770080566406,-121.96083831787109,"SANTA CRUZ",UNINCORPORATED,-121.96065521240234,36.987773895263672
92094613,2023,2023-06-15,9720,2023-06-08,1545,023245,,4,2,9,4400,0,3,5,,2,300,"CALABASAS RD","BOWKER ROAD",0.00,,Y,A,-,N,,,,,,,,,,Y,3,0,1,2,D,-,00,,,N,D,C,A,A,H,-,A,A,0,,,,,Y,,-,"- ",0,1,0,0,0,0,0,0,0,"- ","- ",36.942188262939453,-121.79042053222656,"SANTA CRUZ",UNINCORPORATED,-121.79041290283203,36.942184448242188
92097191,2023,2023-06-19,9720,2023-06-12,1815,022044,,1,2,9,4400,0,1,3,,1,017,"SR-17 S/B","LAUREL RD.",1056.00,N,N,A,-,Y,SCR,,17," "," ",9.703,H,,L,Y,4,0,1,1,A,-,03,22350,,N,E,8,A,A,H,-,A,D,0,,,,,Y,,A,01,0,0,1,0,0,0,0,0,0,"- ","- ",37.107398986816406,-121.97696685791016,"SANTA CRUZ",UNINCORPORATED,-121.97703552246094,37.107372283935547
92098688,2023,2023-06-21,9720,2023-06-11,"432 ",020977,,7,3,9,4400,0,1,3,,1,034,"STATE ROUTE 152","RED HAWK PL",1584.00,E,N,B,-,Y,SCR,,152," "," ",5.567,H,,R,Y,3,0,1,1,A,-,01,23152,A,N,F,A,A,B,H,-,D,D,0,,,,,Y,Y,A,01,0,1,0,0,0,0,0,0,0,"- ","- ",36.974990844726562,-121.71479034423828,"SANTA CRUZ",UNINCORPORATED,-121.71481323242188,36.975051879882812
92099302,2023,2023-06-21,9720,2023-06-17,2100,022044,,6,2,9,4400,0,1,3,,1,017,SR-17,"SUGARLOAF RD.",0.00,,Y,A,-,Y,SCR,,17," "," ",8.697,H,,R,Y,3,0,1,2,A,-,09,21802,A,N,D,C,A,A,H,-,D,D,0,,,,,Y,,A,07,0,1,0,0,0,0,0,0,0,"- ","- ",37.095138549804688,-121.97673034667969,"SANTA CRUZ",UNINCORPORATED,-121.97673034667969,37.095138549804688
92099661,2023,2023-06-22,9720,2023-06-10,1415,023146,,6,2,9,4400,0,3,5,,2,100,"ALBA RD","JIM'S RD",2112.00,W,N,A,-,N,,,,,,,,,,Y,2,0,1,2,A,-,17,23114,A,N,E,J,A,A,H,-,A,D,0,,,Y,,Y,,E,22,1,0,0,0,0,0,0,0,1,"- ","- ",37.096828460693359,-122.12419128417969,"SANTA CRUZ",UNINCORPORATED,-122.12464141845703,37.097003936767578
92102429,2023,2023-06-26,9720,2023-06-21,1419,023245,,3,2,9,4400,0,3,5,,2,300,"AMESTI RD","POPPY HILL RD",1056.00,S,N,A,-,N,,,,,,,,,,Y,4,0,1,1,A,-,03,22350,,N,E,I,A,A,H,-,A,A,0,,,,,Y,,A,01,0,0,1,0,0,0,0,0,0,"- ","- ",36.977939605712891,-121.79878997802734,"SANTA CRUZ",UNINCORPORATED,-121.80009460449219,36.979618072509766
92103074,2023,2023-06-27,9720,2023-06-18,1650,023146,,7,2,9,4400,0,3,5,,2,100,"GLENWOOD DR","WESTON RD",1056.00,S,N,A,-,N,,,,,,,,,,Y,4,0,1,2,A,-,01,23152,F,N,E,I,A,A,H,-,A,D,0,,,,,Y,,A,07,0,0,1,0,0,0,0,0,0,"- ","- ",37.091178894042969,-122.00492858886719,"SANTA CRUZ",UNINCORPORATED,-122.00507354736328,37.091064453125
92105558,2023,2023-06-29,9720,2023-06-17,1309,023103,,6,1,9,4400,0,3,5,,2,200,"PORTER STREET","SOQUEL DRIVE",528.00,N,N,A,-,N,,,,,,,,,,Y,4,0,1,2,A,-,09,21804,A,N,D,C,A,A,H,-,A,D,0,,,,,Y,,A,01,0,0,1,0,0,0,0,0,0,"- ","- ",36.989650726318359,-121.95719909667969,"SANTA CRUZ",UNINCORPORATED,-121.95729064941406,36.989566802978516
92108441,2023,2023-07-03,9720,2023-03-21,"545 ",022879,,2,3,9,4400,0,1,3,,1,017,"SR-17 N/B","EL RANCHO DRIVE",328.00,S,N,C,-,Y,SCR,,17," "," ",2.155,H,,R,Y,1,1,0,1,A,-,08,22107,,N,E,8,A,B,H,-,C,D,0,,,,,Y,,A,01,0,0,0,0,0,0,0,0,0,"- ","- ",37.018638610839844,-122.02748870849609,"SANTA CRUZ",UNINCORPORATED,-122.02765655517578,37.018627166748047
92109291,2023,2023-07-04,9720,2023-06-23,1620,023166,,5,2,9,4400,0,3,5,,2,300,"HOLOHAN RD.","LAKEN DR",38.00,W,N,A,-,N,,,,,,,,,,N,2,0,1,2,A,-,05,21460,A,F,A,C,A,A,H,-,A,D,0,,,Y,,Y,,C,02,1,0,0,0,0,0,0,0,1,"- ","- ",36.936260223388672,-121.74459075927734,"SANTA CRUZ",UNINCORPORATED,-121.74540710449219,36.936485290527344
92109296,2023,2023-07-04,9720,2023-06-25,1635,022901,,7,2,9,4400,0,3,5,,2,200,"CATHEDRAL DRIVE","DON CARLOS DRIVE",600.00,N,N,A,-,N,,,,,,,,,,Y,3,0,2,1,A,-,08,22107,,N,E,8,A,A,H,-,A,D,0,,,,,Y,,A,07,0,2,0,0,0,0,0,0,0,"- ","- ",36.988418579101562,-121.89595031738281,"SANTA CRUZ",UNINCORPORATED,-121.89585876464844,36.992530822753906
92109333,2023,2023-07-04,9720,2023-06-29,1105,015699,,4,1,9,4400,0,1,3,,2,020,"RT 1","STATE PARD DR",2640.00,S,N,B,-,Y,SCR,,1," "," ",10.090,H,,R,N,4,0,4,2,A,-,03,22350,,N,C,C,A,A,H,-,A,D,0,,,,,Y,,A,01,0,0,4,0,0,0,0,0,0,"- ","- ",36.97528076171875,-121.90318298339844,"SANTA CRUZ",UNINCORPORATED,-121.90317535400391,36.975299835205078
92109691,2023,2023-07-05,9720,2023-06-25,"136 ",022879,,7,3,9,4400,0,2,4,,1,024,"E. CLIFF DR.","33RD AVE.",26.00,E,N,A,-,N,,,,,,,,,,N,2,0,1,1,A,-,01,23152,A,N,E,8,A,A,H,-,C,D,0,,,,,Y,Y,D,22,1,0,0,0,0,0,0,0,0,"- ","- ",36.955848693847656,-121.97165679931641,"SANTA CRUZ",UNINCORPORATED,-121.97168731689453,36.955921173095703
92109768,2023,2023-07-05,9720,2023-06-28,1320,021833,,3,1,9,4400,0,2,4,,1,021,"SOQUEL DR.","PORTER ST.",200.00,E,N,A,-,N,,,,,,,,,,N,3,0,1,2,A,-,08,22107,,F,D,G,A,A,H,-,A,D,0,,Y,,,Y,,-,99,0,1,0,0,0,0,1,0,0,"- ","- ",36.988658905029297,-121.95620727539062,"SANTA CRUZ",UNINCORPORATED,-121.95673370361328,36.988327026367188
92112583,2023,2023-07-10,9720,2023-07-02,1259,021211,,7,1,9,4400,0,1,3,,2,020,"SR-1 N/B","RIO DEL MAR BLVD",2112.00,N,N,A,-,Y,SCR,,1," "," ",9.660,H,,R,N,4,0,2,3,A,-,03,22350,,N,C,C,A,A,H,-,A,D,0,,,,,Y,,A,01,0,0,2,0,0,0,0,0,0,"- ","- ",36.97515869140625,-121.89547729492188,"SANTA CRUZ",UNINCORPORATED,-121.89547729492188,36.975139617919922
92113954,2023,2023-07-11,9720,2023-07-08,2340,022545,,6,3,9,4400,0,1,3,,1,014,SR-9,SR-236,8976.00,N,N,A,-,Y,SCR,,9," "," ",22.841,H,,R,Y,3,0,1,1,A,-,01,23152,A,N,F,A,A,A,H,-,D,D,0,,,,,Y,Y,A,07,0,1,0,0,0,0,0,0,0,"- ","- ",37.229839324951172,-122.14836120605469,"SANTA CRUZ",UNINCORPORATED,-122.14839172363281,37.229804992675781
92115054,2023,2023-07-12,9720,2023-07-04,2343,023026,,2,3,9,4400,0,1,3,,1,012,SR-236,"EAST HILTON DR",528.00,S,N,A,-,Y,,,,,,,,,,N,4,0,1,2,A,-,01,23152,A,M,C,E,A,A,H,-,D,D,0,,,,,Y,Y,A,01,0,0,1,0,0,0,0,0,0,"- ","- ",37.151828765869141,-122.16078948974609,"SANTA CRUZ",UNINCORPORATED,-122.16049957275391,37.152149200439453
92115200,2023,2023-07-12,9720,2023-07-10,2355,021717,,1,3,9,4400,0,1,3,,1,035,SR-129,"MURPHY RD",1056.00,E,N,A,-,Y,SCR,,129," "," ",4.957,H,,R,Y,3,0,1,2,A,-,08,22107,,N,D,C,A,A,H,-,D,D,0,,,,,Y,,J,48,0,1,0,0,0,0,0,0,0,"- ","- ",36.914169311523438,-121.67310333251953,"SANTA CRUZ",UNINCORPORATED,-121.67310333251953,36.914188385009766
92118440,2023,2023-07-17,9720,2023-07-04,1121,023103,,2,1,9,4400,0,3,5,,2,200,"PARK AVENUE","SUBEC LANE",20.00,S,N,A,-,N,,,,,,,,,,Y,3,0,1,1,A,-,01,23152,G,M,E,8,A,A,H,-,A,D,0,,,,,Y,Y,D,22,0,1,0,0,0,0,0,0,0,"- ","- ",36.986560821533203,-121.93665313720703,"SANTA CRUZ",UNINCORPORATED,-121.93645477294922,36.986686706542969
92120918,2023,2023-07-19,9720,2023-07-15,2230,022907,,6,3,9,4400,0,2,4,,1,024,"CAPITOLA RD","EL DORADO AVE",72.00,E,N,A,-,N,,,,,,,,,,Y,4,0,2,1,A,-,08,22107,,N,E,I,A,A,H,-,C,D,0,,,,,Y,,A,01,0,0,2,0,0,0,0,0,0,"- ","- ",36.977130889892578,-121.98745727539062,"SANTA CRUZ",UNINCORPORATED,-121.98741912841797,36.977142333984375
92124630,2023,2023-07-24,9720,2023-07-15,2230,022399,,6,3,9,4400,0,1,3,,1,012,SR-236,"WATERMAN GAP LOOP",7392.00,S,N,A,-,Y,SCR,,236," "," ",13.998,H,,R,Y,3,0,1,1,A,-,08,22107,,N,E,I,A,A,H,-,D,D,0,,,,,Y,,A,01,0,1,0,0,0,0,0,0,0,"- ","- ",37.199928283691406,-122.1884765625,"SANTA CRUZ",UNINCORPORATED,-122.18840026855469,37.200008392333984
92133962,2023,2023-08-02,9720,2023-07-24,1452,023311,,1,2,9,4400,0,3,5,,2,300,"CORRALITOS RD","SKYLARK LN",1320.00,S,N,A,-,N,,,,,,,,,,Y,4,0,1,2,A,-,03,22350,,N,C,C,A,A,H,-,A,D,0,,,,,Y,,A,01,0,0,1,0,0,0,0,0,0,"- ","- ",36.972850799560547,-121.80660247802734,"SANTA CRUZ",UNINCORPORATED,-121.80659484863281,36.973262786865234
92136979,2023,2023-08-07,9720,2023-07-14,1350,021940,,5,1,9,4400,0,3,5,,2,200,"SUGARLOAF RD.",SR-17,1162.00,E,N,A,-,N,,,,,,,,,,N,3,0,1,1,A,-,01,23152,F,N,F,A,A,A,H,-,A,D,0,,,Y,,Y,,C,02,0,1,0,0,0,0,0,0,1,"- ","- ",37.094699859619141,-121.97261810302734,"SANTA CRUZ",UNINCORPORATED,-121.97505950927734,37.094482421875
92136986,2023,2023-08-07,9720,2023-07-26,1025,023316,,3,1,9,4400,0,3,5,,2,200,"SUMMIT ROAD","OLD SANTA CRUZ HIGHWAY",1056.00,E,N,A,-,N,,,,,,,,,,Y,2,0,1,1,A,-,01,23152,F,N,E,I,A,A,H,-,A,D,0,,,,,Y,,A,01,1,0,0,0,0,0,0,0,0,"- ","- ",37.134819030761719,-121.96510314941406,"SANTA CRUZ",UNINCORPORATED,-121.96528625488281,37.134925842285156
92137015,2023,2023-08-07,9720,2023-07-28,2210,021940,,5,3,9,4400,0,1,3,,2,020,SR-1,"CAPITOLA AVE.",920.00,S,N,A,-,Y,SCR,,1," "," ",12.748,H,,R,Y,3,0,1,1,A,-,08,22107,,N,E,I,A,B,H,-,D,D,0,,,,,Y,,A,01,0,1,0,0,0,0,0,0,0,"- ","- ",36.984111785888672,-121.94882965087891,"SANTA CRUZ",UNINCORPORATED,-121.94882202148438,36.984035491943359
92137020,2023,2023-08-07,9720,2023-07-27,1520,022140,,4,2,9,4400,0,1,3,,1,015,SR-9,"EL SOLYO HEIGHTS DR",430.00,N,N,A,-,Y,SCR,,9," "," ",7.606,H,,R,N,2,0,1,2,A,-,08,22107,,N,F,A,A,A,H,-,A,D,0,,,Y,,Y,,C,02,1,0,0,0,0,0,0,0,1,"- ","- ",37.067131042480469,-122.08010864257812,"SANTA CRUZ",UNINCORPORATED,-122.08016204833984,37.067081451416016
92137026,2023,2023-08-07,9720,2023-07-28,1753,023245,,5,2,9,4400,0,1,3,,1,014,SR-9,"OLD MILL RD",1584.00,N,N,A,-,Y,SM,,9," "," ",21.261,H,,R,Y,3,0,1,1,A,-,01,23152,A,N,E,I,A,A,H,-,A,D,0,,,,,Y,Y,A,07,0,1,0,0,0,0,0,0,0,"- ","- ",37.215808868408203,-122.15470123291016,"SANTA CRUZ",UNINCORPORATED,-122.15464782714844,37.215755462646484
92138544,2023,2023-08-08,9720,2023-08-04,1305,023245,,5,1,9,4400,0,3,5,,2,200,"VIA PACIFICA","CABO CT",125.00,W,N,A,-,N,,,,,,,,,,N,4,0,1,2,A,-,09,21804,A,N,D,C,A,A,H,-,A,D,0,,,,,Y,,D,22,0,0,1,0,0,0,0,0,0,"- ","- ",36.948570251464844,-121.86733245849609,"SANTA CRUZ",UNINCORPORATED,-121.86724853515625,36.948623657226562
92144494,2023,2023-08-15,9720,2023-08-08,"910 ",023316,,2,1,9,4400,0,3,5,,2,100,"BONNY DOON ROAD","SMITH GRADE ROAD",5280.00,W,N,B,-,N,,,,,,,,,,Y,3,0,1,1,A,-,08,22107,,N,E,I,A,A,H,-,A,D,0,,,,,Y,,A,07,0,1,0,0,0,0,0,0,0,"- ","- ",37.024791717529297,-122.16552734375,"SANTA CRUZ",UNINCORPORATED,-122.15535736083984,37.047447204589844
92145525,2023,2023-08-16,9720,2023-08-10,1626,023245,,4,2,9,4400,0,2,4,,1,016,"GRAHAM HILL RD","WESTWOOD RD",260.00,S,N,A,-,N,,,,,,,,,,Y,3,0,2,2,A,-,09,21804,A,N,D,C,A,A,H,-,A,D,0,,,,,Y,,A,07,0,1,1,0,0,0,0,0,0,"- ","- ",37.000789642333984,-122.03112030029297,"SANTA CRUZ",UNINCORPORATED,-122.031005859375,37.000545501708984
92146744,2023,2023-08-17,9720,2023-08-08,1230,023316,,2,1,9,4400,0,1,3,,1,010,SR-1,"DIMEO LANE",0.00,,Y,B,-,Y,SCR,,1," "," ",22.707,H,,R,Y,2,0,3,2,A,-,09,21802,A,M,D,C,A,A,H,-,A,A,0,,,,,Y,,A,07,1,2,0,0,0,0,0,0,0,"- ","- ",36.964588165283203,-122.10487365722656,"SANTA CRUZ",UNINCORPORATED,-122.10489654541016,36.964565277099609
92148637,2023,2023-08-21,9720,2023-08-08,1627,023311,,2,2,9,4400,0,1,3,,1,015,SR-9,"GRAHAM HILL RD",847.00,N,N,A,-,Y,SCR,,9," "," ",6.634,H,,R,N,4,0,1,2,A,-,03,22350,,N,C,C,A,A,H,-,A,D,0,,,,,Y,,A,01,0,0,1,0,0,0,0,0,0,"- ","- ",37.055301666259766,-122.07465362548828,"SANTA CRUZ",UNINCORPORATED,-122.07468414306641,37.055286407470703
92149584,2023,2023-08-22,9720,2023-08-13,"15  ",019100,,7,3,9,4400,0,3,5,,2,300,"CASSERLY RD","WEBB RD",30.00,N,N,B,-,N,,,,,,,,,,N,3,0,1,1,A,-,01,23152,A,N,E,I,A,A,H,-,D,D,0,,,,,Y,Y,A,07,0,1,0,0,0,0,0,0,0,"- ","- ",36.964630126953125,-121.73372650146484,"SANTA CRUZ",UNINCORPORATED,-121.73357391357422,36.964546203613281
92151461,2023,2023-08-23,9720,2023-08-18,"125 ",019100,,5,3,9,4400,0,1,3,,2,030,"SR-1 S/B","BUENA VISTA DR",528.00,S,N,B,-,Y,SCR,,1," ",R,3.845,H,,L,Y,2,0,1,1,A,-,01,23152,A,N,E,I,A,A,H,-,D,D,0,,,,,Y,Y,A,01,1,0,0,0,0,0,0,0,0,"- ","- ",36.929939270019531,-121.80683135986328,"SANTA CRUZ",UNINCORPORATED,-121.80673980712891,36.930068969726562
92155184,2023,2023-08-28,9720,2023-08-14,1140,015699,,1,1,9,4400,0,1,3,,1,017,"STATE ROUTE 17 S/B","VINE HILL RD",528.00,S,N,A,-,Y,SCR,,17," "," ",7.273,H,,L,Y,4,0,1,1,A,-,08,22107,,N,F,A,A,A,H,-,A,D,0,,,,,Y,,A,01,0,0,1,0,0,0,0,0,0,"- ","- ",37.076549530029297,-121.98562622070312,"SANTA CRUZ",UNINCORPORATED,-121.98561859130859,37.076522827148438
92155749,2023,2023-08-28,9720,2023-08-18,"541 ",022545,,5,3,9,4400,0,1,3,,1,017,"SR-17 S/B","PASATIEMPO DR",1584.00,N,N,B,E,Y,SCR,,17," "," ",1.083,H,,L,Y,4,0,1,2,A,-,03,22350,,N,C,E,A,A,H,-,B,A,0,,,,,Y,,A,01,0,0,1,0,0,0,0,0,0,"- ","- ",37.004188537597656,-122.02069091796875,"SANTA CRUZ",UNINCORPORATED,-122.02069091796875,37.004188537597656
92156198,2023,2023-08-28,9720,2023-08-20,1200,021717,,7,1,9,4400,0,1,3,,1,035,SR-129,"INDUSTRIAL RD.",40.00,E,N,A,-,Y,SCR,,129," ",L,0.533,H,,R,Y,4,0,1,4,A,-,01,23152,A,N,B,2,A,A,H,-,A,A,0,,,,,Y,Y,A,01,0,0,1,0,0,0,0,0,0,"- ","- ",36.899009704589844,-121.76682281494141,"SANTA CRUZ",UNINCORPORATED,-121.76670837402344,36.898906707763672
92157527,2023,2023-08-29,9720,2023-08-22,1355,023345,,2,1,9,4400,0,1,3,,1,015,"N/B SR-9","PROSPECT AVE",30.00,S,N,A,-,Y,SCR,,9," "," ",12.040,H,,R,Y,3,0,1,2,A,-,08,22107,,N,C,4,A,A,H,-,A,D,0,,,,,Y,,A,07,0,1,0,0,0,0,0,0,0,"- ","- ",37.112880706787109,-122.11550140380859,"SANTA CRUZ",UNINCORPORATED,-122.11550903320312,37.112865447998047
92157779,2023,2023-08-29,9720,2023-08-24,"920 ",021833,,4,1,9,4400,0,1,3,,2,030,"N/B SR-1","MAR MONTE AVE",500.00,N,N,A,-,Y,,,,,,,,,,N,4,0,1,2,A,-,03,22350,,N,C,C,A,A,H,-,A,D,0,,,,Y,Y,,G,25,0,0,1,0,0,0,0,0,0,"- ","- ",36.952659606933594,-121.85047149658203,"SANTA CRUZ",UNINCORPORATED,-121.85182189941406,36.950527191162109