CASE_ID,ACCIDENT_YEAR,PROC_DATE,JURIS,COLLISION_DATE,COLLISION_TIME,OFFICER_ID,REPORTING_DISTRICT,DAY_OF_WEEK,CHP_SHIFT,POPULATION,CNTY_CITY_LOC,SPECIAL_COND,BEAT_TYPE,CHP_BEAT_TYPE,CITY_DIVISION_LAPD,CHP_BEAT_CLASS,BEAT_NUMBER,PRIMARY_RD,SECONDARY_RD,DISTANCE,DIRECTION,INTERSECTION,WEATHER_1,WEATHER_2,STATE_HWY_IND,CALTRANS_COUNTY,CALTRANS_DISTRICT,STATE_ROUTE,ROUTE_SUFFIX,POSTMILE_PREFIX,POSTMILE,LOCATION_TYPE,RAMP_INTERSECTION,SIDE_OF_HWY,TOW_AWAY,COLLISION_SEVERITY,NUMBER_KILLED,NUMBER_INJURED,PARTY_COUNT,PRIMARY_COLL_FACTOR,PCF_CODE_OF_VIOL,PCF_VIOL_CATEGORY,PCF_VIOLATION,PCF_VIOL_SUBSECTION,HIT_AND_RUN,TYPE_OF_COLLISION,MVIW,PED_ACTION,ROAD_SURFACE,ROAD_COND_1,ROAD_COND_2,LIGHTING,CONTROL_DEVICE,CHP_ROAD_TYPE,PEDESTRIAN_ACCIDENT,BICYCLE_ACCIDENT,MOTORCYCLE_ACCIDENT,TRUCK_ACCIDENT,NOT_PRIVATE_PROPERTY,ALCOHOL_INVOLVED,STWD_VEHTYPE_AT_FAULT,CHP_VEHTYPE_AT_FAULT,COUNT_SEVERE_INJ,COUNT_VISIBLE_INJ,COUNT_COMPLAINT_PAIN,COUNT_PED_KILLED,COUNT_PED_INJURED,COUNT_BICYCLIST_KILLED,COUNT_BICYCLIST_INJURED,COUNT_MC_KILLED,COUNT_MC_INJURED,PRIMARY_RAMP,SECONDARY_RAMP,LATITUDE,LONGITUDE,COUNTY,CITY,POINT_X,POINT_Y
92158931,2023,2023-08-30,9720,2023-08-20,1403,023146,,7,2,9,4400,0,1,3,,1,017,"SR-17 N/B","OLD SANTA CRUZ HWY",300.00,S,N,A,-,Y,SCR,,17," "," ",11.251,H,,R,Y,4,0,1,3,A,-,03,22350,,N,C,C,A,A,H,-,A,D,0,,,,,Y,,A,01,0,0,1,0,0,0,0,0,0,"- ","- ",37.127189636230469,-121.97518157958984,"SANTA CRUZ",UNINCORPORATED,-121.97518157958984,37.127189636230469
92159447,2023,2023-08-31,9720,2023-08-21,1546,023103,,1,2,9,4400,0,2,4,,1,022,"SOQUEL SAN JOSE ROAD","TERRACE GROVE ROAD",350.00,S,N,B,-,N,,,,,,,,,,Y,3,0,2,2,A,-,03,22350,,N,D,C,A,B,H,-,A,D,0,,,,,Y,,D,22,0,1,1,0,0,0,0,0,0,"- ","- ",37.103519439697266,-121.94809722900391,"SANTA CRUZ",UNINCORPORATED,-121.94814300537109,37.103561401367188
92160305,2023,2023-09-01,9720,2023-08-22,1820,023316,,2,2,9,4400,0,1,3,,2,020,"SR-1 N/B TO PARK AVE","PARK AVE",0.00,,Y,A,-,Y,,,,,,,,,,N,4,0,1,2,D,-,00,,,N,D,C,A,A,H,-,A,A,0,,,,,Y,Y,-,"- ",0,0,1,0,0,0,0,0,0,"- ","- ",36.984409332275391,-121.93689727783203,"SANTA CRUZ",UNINCORPORATED,-121.93699645996094,36.98406982421875
92161764,2023,2023-09-04,9720,2023-08-27,2500,023345,,7,4,9,4400,0,3,5,,2,100,"EMPIRE GRADE RD","MCGIVERN WAY",1584.00,S,N,A,-,N,,,,,,,,,,Y,3,0,1,1,A,-,08,22107,,N,E,I,A,A,H,-,D,D,0,,,,,Y,,D,22,0,1,0,0,0,0,0,0,0,"- ","- ",37.048431396484375,-122.11495971679688,"SANTA CRUZ",UNINCORPORATED,-122.11550903320312,37.050537109375
92163671,2023,2023-09-06,9720,2023-08-31,"917 ",022399,,4,1,9,4400,0,1,3,,2,030,"SR-1 N/B","FREEDOM BLVD",1584.00,S,N,B,-,Y,SCR,,1," "," ",8.104,H,,R,N,4,0,1,3,A,-,03,22350,,N,C,C,A,A,H,-,A,D,0,,,,,Y,,D,22,0,0,1,0,0,0,0,0,0,"- ","- ",36.967838287353516,-121.86984252929688,"SANTA CRUZ",UNINCORPORATED,-121.86981964111328,36.967853546142578
92165028,2023,2023-09-07,9720,2023-08-29,1500,023316,,2,2,9,4400,0,1,3,,2,020,"SR-1 S/B","41ST AVENUE",2640.00,N,N,A,-,Y,SCR,,1," "," ",14.234,H,,L,Y,4,0,1,2,A,-,03,22350,,N,C,C,A,A,D,-,A,D,0,,,,,Y,,D,22,0,0,1,0,0,0,0,0,0,"- ","- ",36.984279632568359,-121.97540283203125,"SANTA CRUZ",UNINCORPORATED,-121.97538757324219,36.98431396484375
92167293,2023,2023-09-11,9720,2023-09-05,"735 ",023322,,2,1,9,4400,0,1,3,,2,020,"SR-1 NB","PARK AVENUE",3749.00,S,N,B,-,Y,SCR,,1," "," ",11.391,H,,R,N,3,0,1,2,A,-,03,22350,,N,C,C,A,A,H,-,A,D,0,,,,,Y,,A,01,0,1,0,0,0,0,0,0,0,"- ","- ",36.982898712158203,-121.92433166503906,"SANTA CRUZ",UNINCORPORATED,-121.92432403564453,36.982925415039062
92167928,2023,2023-09-12,9720,2023-09-05,1050,021717,,2,1,9,4400,0,2,4,,1,021,"SOQUEL DR","41ST AVE",0.00,,Y,A,-,N,,,,,,,,,,N,3,0,1,1,A,-,08,22107,,N,E,I,A,A,H,-,A,A,0,,Y,,,Y,,M,91,0,1,0,0,0,0,1,0,0,"- ","- ",36.987518310546875,-121.96495056152344,"SANTA CRUZ",UNINCORPORATED,-121.96498107910156,36.987400054931641
92168579,2023,2023-09-12,9720,2023-09-08,1645,023214,,5,2,9,4400,0,3,5,,2,300,"BROWNS VALLEY RD.","VIA DEL SOL",25.00,N,N,A,-,N,,,,,,,,,,N,4,0,1,2,A,-,08,22107,,F,B,G,A,A,H,-,A,D,0,,Y,,,Y,,-,99,0,0,1,0,0,0,1,0,0,"- ","- ",36.997951507568359,-121.79782867431641,"SANTA CRUZ",UNINCORPORATED,-121.79786682128906,36.997898101806641
92170078,2023,2023-09-14,9720,2023-09-09,1230,023345,,6,1,9,4400,0,3,5,,2,100,"EMPIRE GRADE","SMITH GRADE RD",32.00,S,N,A,-,N,,,,,,,,,,Y,3,0,2,1,A,-,03,22350,,N,E,I,A,A,H,-,A,D,0,,,,,Y,,A,01,0,2,0,0,0,0,0,0,0,"- ","- ",37.027370452880859,-122.09963226318359,"SANTA CRUZ",UNINCORPORATED,-122.09960174560547,37.027423858642578
92172590,2023,2023-09-18,9720,2023-09-14,"707 ",022458,,4,1,9,4400,0,1,3,,2,020,"SR-1 N/B","STATE PARK DRIVE",3696.00,N,N,B,-,Y,SCR,,1," "," ",11.250,H,,R,Y,3,0,1,2,A,-,07,21658,A,N,C,C,A,B,H,-,B,D,0,,,Y,,Y,,A,01,0,1,0,0,0,0,0,0,1,"- ","- ",36.982559204101562,-121.92179870605469,"SANTA CRUZ",UNINCORPORATED,-121.92179870605469,36.982574462890625
92172785,2023,2023-09-18,9720,2023-08-22,1640,022044,,2,2,9,4400,0,1,3,,1,015,SR-9,"SHADOWBROOK RD.",500.00,S,N,A,-,Y,SCR,,9," "," ",8.758,H,,R,Y,4,0,1,3,A,-,05,21460,A,N,A,C,A,A,H,-,A,D,0,,,,,Y,,D,22,0,0,1,0,0,0,0,0,0,"- ","- ",37.080959320068359,-122.08419799804688,"SANTA CRUZ",UNINCORPORATED,-122.084228515625,37.080944061279297
92180445,2023,2023-09-27,9720,2023-09-20,"830 ",022458,,3,1,9,4400,0,1,3,,2,020,"SR-1 S/B","FREEDOM BLVD",1056.00,N,N,B,-,Y,SCR,,1," "," ",8.570,H,,L,Y,3,0,1,1,A,-,08,22107,,N,F,A,A,A,H,-,A,D,0,,,,,Y,,A,07,0,1,0,0,0,0,0,0,0,"- ","- ",36.97161865234375,-121.87680053710938,"SANTA CRUZ",UNINCORPORATED,-121.87677001953125,36.971683502197266
92181078,2023,2023-09-27,9720,2023-09-17,1135,023245,,7,1,9,4400,0,1,3,,1,014,SR-9,"STAPP ROAD",1056.00,N,N,A,-,Y,SCR,,9," "," ",18.046,H,,R,Y,2,0,1,2,A,-,09,21804,A,N,D,C,A,A,H,-,A,D,0,,,Y,,Y,,A,01,1,0,0,0,0,0,0,0,1,"- ","- ",37.191318511962891,-122.14485931396484,"SANTA CRUZ",UNINCORPORATED,-122.14484405517578,37.191326141357422
92181092,2023,2023-09-27,9720,2023-09-17,1140,022400,,7,1,9,4400,0,1,3,,1,017,SR-17,"SUGARLOAF RD",0.00,,Y,A,-,Y,SCR,,17," "," ",8.703,H,,R,Y,2,0,1,2,A,-,03,22350,,N,D,C,A,A,H,-,A,D,0,,,Y,,Y,,C,02,1,0,0,0,0,0,0,0,1,"- ","- ",37.095230102539062,-121.97663116455078,"SANTA CRUZ",UNINCORPORATED,-121.97664642333984,37.095237731933594
92183828,2023,2023-10-02,9720,2023-09-16,1715,023186,,6,2,9,4400,0,1,3,,1,014,SR-9,SR-35,1300.00,S,N,A,-,Y,SCR,,9," "," ",26.852,H,,R,Y,3,0,1,1,A,-,08,22107,,N,E,I,A,A,H,-,A,D,0,,,,,Y,,A,01,0,1,0,0,0,0,0,0,0,"- ","- ",37.256481170654297,-122.12550354003906,"SANTA CRUZ",UNINCORPORATED,-122.12548828125,37.256465911865234
92188908,2023,2023-10-03,9720,2023-09-15,"520 ",023345,,5,3,9,4400,0,1,3,,2,030,"SR-1 N/B","SR-152 (MAIN ST)",209.00,N,N,B,-,Y,SCR,,1," ",R,2.701,H,,R,Y,3,0,1,1,A,-,08,22107,,N,E,I,A,B,D,-,B,D,0,,,,,Y,,A,01,0,1,0,0,0,0,0,0,0,"- ","- ",36.919929504394531,-121.79026031494141,"SANTA CRUZ",UNINCORPORATED,-121.79032135009766,36.919902801513672
92189013,2023,2024-04-05,9720,2023-09-16,1445,022976,,6,2,9,4400,0,1,3,,1,035,"MURPHY ROAD",SR-129,50.00,S,N,A,-,Y,SCR,,129," "," ",4.745,H,,R,N,3,0,2,2,A,-,01,23152,A,N,D,C,A,A,H,-,A,D,0,,,,,Y,Y,D,22,0,1,1,0,0,0,0,0,0,"- ","- ",36.914058685302734,-121.67707061767578,"SANTA CRUZ",UNINCORPORATED,-121.67697906494141,36.914299011230469
92189080,2023,2023-10-03,9720,2023-09-17,1912,022140,,7,2,9,4400,0,1,3,,1,034,SR-152,"DELANEY AVE",1531.00,W,N,A,-,N,,,,,,,,,,Y,3,0,2,2,A,-,09,21801,A,N,D,C,A,A,H,-,B,D,0,,,,,Y,,A,01,0,2,0,0,0,0,0,0,0,"- ","- ",36.949981689453125,-121.73336029052734,"SANTA CRUZ",UNINCORPORATED,-121.73331451416016,36.949935913085938
92190040,2023,2023-10-04,9720,2023-09-23,"843 ",022400,,6,1,9,4400,0,1,3,,1,017,"SB SR-17","GLENWOOD DR",0.00,,Y,A,-,Y,SCR,,17," "," ",10.639,H,,R,Y,3,0,1,2,A,-,09,21802,A,N,A,C,A,A,H,-,A,A,0,,,,,Y,,A,01,0,1,0,0,0,0,0,0,0,"- ","- ",37.119850158691406,-121.97602844238281,"SANTA CRUZ",UNINCORPORATED,-121.97596740722656,37.119857788085938
92191185,2023,2023-10-04,9720,2023-09-23,2149,023345,,6,2,9,4400,0,2,4,,1,032,"GREEN VALLEY RD","POULTRY LN",147.00,N,N,A,-,N,,,,,,,,,,Y,3,0,1,2,A,-,01,23152,A,N,A,C,A,A,H,-,C,D,0,,,,,Y,Y,A,01,0,1,0,0,0,0,0,0,0,"- ","- ",36.965480804443359,-121.76525115966797,"SANTA CRUZ",UNINCORPORATED,-121.76499938964844,36.965385437011719
92191717,2023,2023-10-05,9720,2023-09-24,1410,023214,,7,2,9,4400,0,1,3,,1,014,SR-9,SR-35,5808.00,S,N,A,-,Y,SCR,,9," "," ",25.717,H,,R,Y,2,0,3,2,A,-,05,21460,A,F,A,C,A,A,H,-,A,D,0,,,,,Y,,A,01,3,0,0,0,0,0,0,0,0,"- ","- ",37.2476806640625,-122.13842010498047,"SANTA CRUZ",UNINCORPORATED,-122.13837432861328,37.247657775878906
92194789,2023,2023-10-09,9720,2023-09-20,"950 ",018171,,3,1,9,4400,0,2,4,,1,023,"17TH AVE","SANTINA CT",15.00,S,N,B,-,N,,,,,,,,,,Y,4,0,1,2,A,-,03,22350,,N,C,C,A,A,H,-,A,D,0,,,,,Y,,A,01,0,0,1,0,0,0,0,0,0,"- ","- ",36.971988677978516,-121.98426055908203,"SANTA CRUZ",UNINCORPORATED,-121.98419952392578,36.972011566162109
92194806,2023,2023-10-09,9720,2023-09-30,"835 ",023447,,6,1,9,4400,0,1,3,,2,030,"SR-1 N/B","BUENA VISTA DR",25.00,S,N,B,-,Y,SCR,,1," ",R,4.069,H,,R,Y,4,0,1,2,A,-,03,22350,,N,C,C,A,A,D,-,A,D,0,,,,,Y,,D,22,0,0,1,0,0,0,0,0,0,"- ","- ",36.931560516357422,-121.81025695800781,"SANTA CRUZ",UNINCORPORATED,-121.81027221679688,36.931533813476562
92195096,2023,2023-10-10,9720,2023-10-03,1720,023345,,2,2,9,4400,0,2,4,,1,016,"GRAHAM HILL RD","TREETOP DR",124.00,N,N,A,-,N,,,,,,,,,,Y,3,0,1,2,A,-,03,22350,,N,C,C,A,A,H,-,A,D,0,,,,,Y,,A,01,0,1,0,0,0,0,0,0,0,"- ","- ",37.016258239746094,-122.034912109375,"SANTA CRUZ",UNINCORPORATED,-122.03481292724609,37.016208648681641
92195727,2023,2023-10-10,9720,2023-10-06,"815 ",023245,,5,1,9,4400,0,2,4,,1,024,"CAPITOLA RD","7TH AVE",5.00,W,N,A,-,N,,,,,,,,,,N,3,0,4,2,A,-,08,22107,,N,B,C,A,A,H,-,A,A,0,,,,,Y,,A,01,0,1,3,0,0,0,0,0,0,"- ","- ",36.979320526123047,-121.99196624755859,"SANTA CRUZ",UNINCORPORATED,-121.99183654785156,36.979293823242188
92196116,2023,2023-10-11,9720,2023-10-03,1720,022162,,2,2,9,4400,0,3,5,,2,200,"S. MAIN STREET","PORTER STREET",60.00,S,N,A,-,N,,,,,,,,,,Y,4,0,1,2,A,-,05,21460,A,N,B,C,A,A,H,-,A,A,0,,,,,Y,,A,01,0,0,1,0,0,0,0,0,0,"- ","- ",36.984180450439453,-121.95690155029297,"SANTA CRUZ",UNINCORPORATED,-121.95720672607422,36.984161376953125
92197532,2023,2023-10-12,9720,2023-10-04,"745 ",022162,,3,1,9,4400,0,1,3,,2,020,"SR-1 N/B","SOQUEL DRIVE",2006.00,S,N,A,-,Y,SCR,,1," "," ",14.472,H,,R,Y,3,0,1,3,A,-,03,22350,,N,C,C,A,A,D,-,A,D,0,,,,,Y,,A,01,0,1,0,0,0,0,0,0,0,"- ","- ",36.985488891601562,-121.97942352294922,"SANTA CRUZ",UNINCORPORATED,-121.97942352294922,36.985481262207031
92197770,2023,2023-10-12,9720,2023-10-01,"253 ",022879,,7,3,9,4400,0,3,5,,2,100,"EMPIRE GRADE RD.","HELLER DR.",2112.00,N,N,A,-,N,,,,,,,,,,N,2,0,4,1,A,-,01,23152,A,N,E,I,A,A,H,-,D,D,0,,,,,Y,Y,A,01,3,1,0,0,0,0,0,0,0,"- ","- ",36.992511749267578,-122.06992340087891,"SANTA CRUZ",UNINCORPORATED,-122.07006072998047,36.993484497070312
92198698,2023,2023-10-13,9720,2023-10-03,1803,021211,,2,2,9,4400,0,2,4,,1,021,"SOQUEL DR","PARK AVE",0.00,,Y,A,-,N,,,,,,,,,,Y,3,0,1,2,A,-,08,22107,,N,B,G,A,A,H,-,A,A,0,,Y,,,Y,,L,04,0,1,0,0,0,0,1,0,0,"- ","- ",36.989208221435547,-121.93562316894531,"SANTA CRUZ",UNINCORPORATED,-121.93574523925781,36.989109039306641
92200324,2023,2023-10-16,9720,2023-10-04,"728 ",023419,,3,1,9,4400,0,1,3,,2,030,SR-1,"MAR MONTE AVE",2112.00,S,N,A,-,Y,SCR,,1," ",R,6.278,H,,R,Y,3,0,1,3,A,-,07,21658,A,N,C,C,A,A,H,-,A,D,0,,,Y,,Y,,-,99,0,1,0,0,0,0,0,0,1,"- ","- ",36.94573974609375,-121.84568023681641,"SANTA CRUZ",UNINCORPORATED,-121.84568786621094,36.945732116699219
92202298,2023,2023-10-18,9720,2023-10-07,"835 ",022458,,6,1,9,4400,0,2,4,,1,021,"SOQUEL DRIVE","PERIMETER ROAD",0.00,,Y,A,-,N,,,,,,,,,,N,4,0,1,2,A,-,12,22450,A,N,D,C,A,A,H,-,A,B,0,,,,,Y,,A,07,0,0,1,0,0,0,0,0,0,"- ","- ",36.989841461181641,-121.92893981933594,"SANTA CRUZ",UNINCORPORATED,-121.928955078125,36.989810943603516
92202837,2023,2023-10-18,9720,2023-10-07,2120,023387,,6,2,9,4400,0,3,5,,2,100,"MILL ST",SR-9,250.00,E,N,A,-,N,,,,,,,,,,N,2,0,1,2,A,-,17,21200,,N,H,E,A,A,H,-,C,D,0,,Y,,,Y,Y,L,04,1,0,0,0,0,0,1,0,0,"- ","- ",37.088871002197266,-122.08969116210938,"SANTA CRUZ",UNINCORPORATED,-122.09152221679688,37.088985443115234
92204173,2023,2023-10-19,9720,2023-10-11,"845 ",022162,,3,1,9,4400,0,1,3,,1,035,"RIVERSIDE DR","774 W. RIVERSIDE DR",0.00,,Y,A,-,Y,SCR,,129," ",L,0.592,H,,L,Y,3,0,1,2,A,-,09,21804,B,N,D,C,A,A,H,-,A,A,0,,,,Y,Y,,A,01,0,1,0,0,0,0,0,0,0,"- ","- ",36.899589538574219,-121.76602935791016,"SANTA CRUZ",UNINCORPORATED,-121.76601409912109,36.899574279785156
92204900,2023,2023-10-20,9720,2023-10-14,"232 ",020916,,6,3,9,4400,0,1,S,,2,904,SR-129,"ROGGE LANE",5650.00,E,N,A,-,Y,SCR,,129," "," ",8.463,H,,R,Y,3,0,1,2,A,-,05,21460,A,N,B,C,A,A,H,-,A,D,0,,,,,Y,,-,"- ",0,1,0,0,0,0,0,0,0,"- ","- ",36.910018920898438,-121.62190246582031,"SANTA CRUZ",UNINCORPORATED,-121.62191009521484,36.909984588623047
92209153,2023,2023-10-26,9720,2023-10-18,1504,022162,,3,2,9,4400,0,2,4,,1,021,"SOQUEL DR","RESEARCH PARK DR36.987",0.00,,Y,A,-,N,,,,,,,,,,N,3,0,1,2,A,-,09,21801,A,N,D,C,A,A,H,-,A,A,0,,,Y,,Y,Y,C,03,0,1,0,0,0,0,0,0,1,"- ","- ",36.987319946289062,-121.96855163574219,"SANTA CRUZ",UNINCORPORATED,-121.96846771240234,36.987373352050781
92223517,2023,2023-10-31,9720,2023-10-18,1520,023447,,3,2,9,4400,0,2,4,,1,021,"SOQUEL DRIVE","PARK AVENUE",0.00,,Y,A,-,N,,,,,,,,,,N,3,0,1,1,A,-,08,22107,,N,E,J,A,A,B,-,B,A,0,,Y,,,Y,,M,91,0,1,0,0,0,0,1,0,0,"- ","- ",36.989181518554688,-121.93589782714844,"SANTA CRUZ",UNINCORPORATED,-121.93574523925781,36.989109039306641
92224251,2023,2023-10-31,9720,2023-10-22,"720 ",022901,,7,1,9,4400,0,2,4,,1,021,"SOQUEL DRIVE","ATHERTON DR",25.00,W,N,C,-,N,,,,,,,,,,N,3,0,1,1,A,-,03,22350,,N,E,8,A,B,H,-,A,D,0,,,,,Y,,A,01,0,1,0,0,0,0,0,0,0,"- ","- ",36.990520477294922,-121.93110656738281,"SANTA CRUZ",UNINCORPORATED,-121.93085479736328,36.990474700927734
92224562,2023,2023-10-31,9720,2023-10-23,1525,022140,,1,2,9,4400,0,1,3,,2,020,"SR-1 S/B","PARK AVE",30.00,N,N,A,-,Y,SCR,,1," "," ",12.114,H,,L,Y,4,0,1,1,C,-,18,,,N,E,8,A,A,H,-,A,D,0,,,,Y,Y,,-,"- ",0,0,1,0,0,0,0,0,0,"- ","- ",36.983840942382812,-121.93733215332031,"SANTA CRUZ",UNINCORPORATED,-121.93733215332031,36.983913421630859
92226881,2023,2023-11-02,9720,2023-10-23,1501,023447,,1,2,9,4400,0,1,3,,1,010,"SR-1 SB","DIMEO LANE",4460.00,S,N,A,-,Y,SCR,,1," "," ",23.566,H,,L,Y,3,0,1,1,A,-,01,23152,A,F,E,I,A,A,H,-,A,D,0,,,,,Y,Y,A,01,0,1,0,0,0,0,0,0,0,"- ","- ",36.969989776611328,-122.11866760253906,"SANTA CRUZ",UNINCORPORATED,-122.11864471435547,36.970054626464844
92227921,2023,2023-11-03,9720,2023-10-22,1642,023214,,7,2,9,4400,0,3,5,,2,300,"BUENA VISTA DR.","LARKIN VALLEY RD.",1584.00,E,N,C,-,N,,,,,,,,,,Y,2,0,1,1,A,-,03,22350,,N,E,I,A,B,H,-,A,D,0,,,,,Y,,A,01,1,0,0,0,0,0,0,0,0,"- ","- ",36.939628601074219,-121.80330657958984,"SANTA CRUZ",UNINCORPORATED,-121.80340576171875,36.939296722412109
92231182,2023,2023-11-08,9720,2023-10-31,"44  ",023245,,2,3,9,4400,0,1,3,,2,020,"SR-1 N/B","41ST AVENUE",1320.00,S,N,A,-,Y,SCR,,1," "," ",13.349,H,,R,Y,3,0,1,1,A,-,01,23152,A,M,E,I,A,A,H,-,C,D,0,,,,,Y,Y,A,01,0,1,0,0,0,0,0,0,0,"- ","- ",36.982990264892578,-121.95961761474609,"SANTA CRUZ",UNINCORPORATED,-121.95962524414062,36.983024597167969
92241879,2023,2023-11-21,9720,2023-11-08,1538,021304,,3,2,9,4400,0,3,5,,2,300,"MOUNT MADONNA RD","HAZEL DELL RD",5280.00,N,N,A,-,N,,,,,,,,,,N,4,0,2,2,A,-,17,21662,A,N,A,C,A,A,H,-,A,D,0,,,,,Y,,A,08,0,0,2,0,0,0,0,0,0,"- ","- ",37.001209259033203,-121.7315673828125,"SANTA CRUZ",UNINCORPORATED,-121.73119354248047,36.999515533447266
92242196,2023,2023-11-21,9720,2023-11-14,2218,023447,,2,3,9,4400,0,1,3,,2,020,"SR-1 S/B","PARK AVE",200.00,N,N,B,-,Y,SCR,,1," "," ",12.144,H,,L,Y,3,0,1,2,A,-,03,22350,,N,C,C,A,A,H,-,D,D,0,,,,,Y,,A,01,0,1,0,0,0,0,0,0,0,"- ","- ",36.983890533447266,-121.9378662109375,"SANTA CRUZ",UNINCORPORATED,-121.9378662109375,36.983917236328125
92245046,2023,2023-11-27,9720,2023-11-19,"930 ",022400,,7,1,9,4400,0,2,4,,1,021,"SOQUEL DR","RIO DEL MAR BLVD",1584.00,W,N,A,-,N,,,,,,,,,,N,3,0,1,2,A,-,08,22107,,N,H,G,A,A,H,-,A,D,0,,Y,,,Y,,A,01,0,1,0,0,0,0,1,0,0,"- ","- ",36.975639343261719,-121.89190673828125,"SANTA CRUZ",UNINCORPORATED,-121.88994598388672,36.975669860839844
92248144,2023,2023-11-29,9720,2023-11-20,1057,021211,,1,1,9,4400,0,1,3,,2,020,"SR-1 N/B","STATE PARK DR.",400.00,N,N,A,-,Y,SCR,,1," "," ",10.600,H,,R,Y,3,0,2,3,A,-,03,22350,,N,C,C,A,A,H,-,A,A,0,,,,,Y,,D,22,0,1,1,0,0,0,0,0,0,"- ","- ",36.978549957275391,-121.91133880615234,"SANTA CRUZ",UNINCORPORATED,-121.91131591796875,36.978580474853516
92249035,2023,2023-11-30,9720,2023-11-21,1350,021304,,2,1,9,4400,0,1,3,,1,034,SR-152,"RED HAWK CANYON RD",5280.00,W,N,A,-,Y,SCR,,152," "," ",4.894,H,,R,Y,4,0,1,2,A,-,03,22350,,N,C,C,A,A,H,-,A,D,0,,,,,Y,,A,01,0,0,1,0,0,0,0,0,0,"- ","- ",36.970218658447266,-121.72061920166016,"SANTA CRUZ",UNINCORPORATED,-121.72062683105469,36.970218658447266
92261465,2023,2023-12-13,9720,2023-12-06,1805,023245,,3,2,9,4400,0,3,5,,2,300,"BUENA VISTA DR","HARKINS SLOUGH RD",300.00,N,N,B,-,N,,,,,,,,,,Y,3,0,1,1,A,-,08,22107,,N,E,I,A,B,H,-,D,D,0,,,,,Y,,D,22,0,1,0,0,0,0,0,0,0,"- ","- ",36.922069549560547,-121.81198883056641,"SANTA CRUZ",UNINCORPORATED,-121.81196594238281,36.921573638916016
92262477,2023,2023-12-14,9720,2023-12-04,2048,023447,,1,2,9,4400,0,1,3,,1,034,SR-152,"CARLTON RD",0.00,,Y,A,-,N,,,,,,,,,,Y,3,0,2,2,A,-,09,21800,A,N,D,C,A,A,H,-,C,A,0,,,,,Y,,A,01,0,2,0,0,0,0,0,0,0,"- ","- ",36.956161499023438,-121.72746276855469,"SANTA CRUZ",UNINCORPORATED,-121.72746276855469,36.956123352050781
92262478,2023,2023-12-14,9720,2023-12-05,"924 ",021833,,2,1,9,4400,0,2,4,,1,021,"SOQUEL DR.","PAUL SWEET RD.",0.00,,Y,A,-,N,,,,,,,,,,N,3,0,1,2,A,-,10,21950,A,N,G,B,E,A,H,-,A,A,0,Y,,,Y,Y,,F,26,0,1,0,0,1,0,0,0,0,"- ","- ",36.987960815429688,-121.98528289794922,"SANTA CRUZ",UNINCORPORATED,-121.98526000976562,36.987850189208984
92262579,2023,2023-12-15,9720,2023-12-02,1125,023316,,6,1,9,4400,0,3,5,,2,200,"SOQUEL AVE","PAUL MINNIE AVE",415.00,E,N,B,-,N,,,,,,,,,,Y,3,0,1,1,C,-,18,,,N,A,8,A,A,H,-,A,D,0,,,,,Y,,-,"- ",0,1,0,0,0,0,0,0,0,"- ","- ",36.985988616943359,-121.98338317871094,"SANTA CRUZ",UNINCORPORATED,-121.98257446289062,36.985885620117188
92262580,2023,2023-12-15,9720,2023-12-02,"200 ",023146,,6,3,9,4400,0,3,5,,2,100,"BEAR CREEK RD","HOPKINS GULCH RD",1056.00,E,N,C,-,N,,,,,,,,,,N,3,0,1,1,A,-,03,22350,,N,E,I,A,B,H,-,D,D,0,,,,,Y,Y,A,01,0,1,0,0,0,0,0,0,0,"- ","- ",37.137779235839844,-122.09622192382812,"SANTA CRUZ",UNINCORPORATED,-122.09697723388672,37.137748718261719
92263489,2023,2023-12-15,9720,2023-12-06,1332,023516,,3,1,9,4400,0,1,3,,2,020,"SR-1 N/B","SOQUEL AVE",88.00,N,N,B,-,Y,SCR,,1," "," ",14.899,H,,R,Y,3,0,1,3,A,-,03,22350,,F,C,C,A,A,H,-,A,D,0,,,,,Y,,A,01,0,1,0,0,0,0,0,0,0,"- ","- ",36.987300872802734,-121.98683166503906,"SANTA CRUZ",UNINCORPORATED,-121.98683166503906,36.987293243408203