CASE_ID,ACCIDENT_YEAR,PROC_DATE,JURIS,COLLISION_DATE,COLLISION_TIME,OFFICER_ID,REPORTING_DISTRICT,DAY_OF_WEEK,CHP_SHIFT,POPULATION,CNTY_CITY_LOC,SPECIAL_COND,BEAT_TYPE,CHP_BEAT_TYPE,CITY_DIVISION_LAPD,CHP_BEAT_CLASS,BEAT_NUMBER,PRIMARY_RD,SECONDARY_RD,DISTANCE,DIRECTION,INTERSECTION,WEATHER_1,WEATHER_2,STATE_HWY_IND,CALTRANS_COUNTY,CALTRANS_DISTRICT,STATE_ROUTE,ROUTE_SUFFIX,POSTMILE_PREFIX,POSTMILE,LOCATION_TYPE,RAMP_INTERSECTION,SIDE_OF_HWY,TOW_AWAY,COLLISION_SEVERITY,NUMBER_KILLED,NUMBER_INJURED,PARTY_COUNT,PRIMARY_COLL_FACTOR,PCF_CODE_OF_VIOL,PCF_VIOL_CATEGORY,PCF_VIOLATION,PCF_VIOL_SUBSECTION,HIT_AND_RUN,TYPE_OF_COLLISION,MVIW,PED_ACTION,ROAD_SURFACE,ROAD_COND_1,ROAD_COND_2,LIGHTING,CONTROL_DEVICE,CHP_ROAD_TYPE,PEDESTRIAN_ACCIDENT,BICYCLE_ACCIDENT,MOTORCYCLE_ACCIDENT,TRUCK_ACCIDENT,NOT_PRIVATE_PROPERTY,ALCOHOL_INVOLVED,STWD_VEHTYPE_AT_FAULT,CHP_VEHTYPE_AT_FAULT,COUNT_SEVERE_INJ,COUNT_VISIBLE_INJ,COUNT_COMPLAINT_PAIN,COUNT_PED_KILLED,COUNT_PED_INJURED,COUNT_BICYCLIST_KILLED,COUNT_BICYCLIST_INJURED,COUNT_MC_KILLED,COUNT_MC_INJURED,PRIMARY_RAMP,SECONDARY_RAMP,LATITUDE,LONGITUDE,COUNTY,CITY,POINT_X,POINT_Y
92265327,2023,2023-12-18,9720,2023-11-12,2325,022976,,7,3,9,4400,0,1,3,,2,030,"S/B SR-1","AIRPORT BLVD",3432.00,N,N,A,-,Y,SCR,,1," ",R,3.846,H,,L,N,3,0,1,1,A,-,01,23152,A,N,E,I,A,A,H,-,D,D,0,,,,,Y,Y,A,07,0,1,0,0,0,0,0,0,0,"- ","- ",36.930000305175781,-121.80680847167969,"SANTA CRUZ",UNINCORPORATED,-121.80675506591797,36.930076599121094
92268697,2023,2023-12-21,9720,2023-12-11,"915 ",023516,,1,1,9,4400,0,2,4,,1,016,"GRAHAM HILL RD","LOCKWOOD LANE",1056.00,S,N,A,-,N,,,,,,,,,,Y,4,0,2,2,A,-,03,22350,,N,C,C,A,A,H,-,A,D,0,,,,,Y,,D,22,0,0,2,0,0,0,0,0,0,"- ","- ",37.032218933105469,-122.04109191894531,"SANTA CRUZ",UNINCORPORATED,-122.04150390625,37.034053802490234
92269809,2023,2024-02-14,9720,2023-12-12,"600 ",023516,,2,1,9,4400,0,1,3,,1,017,"SR-17 S/B","GLENWOOD CUTOFF",325.00,S,N,A,-,Y,SCR,,17," "," ",9.009,H,,L,Y,4,0,1,2,A,-,03,22350,,N,C,C,A,A,H,-,B,D,0,,,,,Y,,A,01,0,0,1,0,0,0,0,0,0,"- ","- ",37.099231719970703,-121.97605133056641,"SANTA CRUZ",UNINCORPORATED,-121.97608184814453,37.099212646484375
92274038,2023,2023-12-28,9720,2023-12-17,1315,023387,,7,1,9,4400,0,1,3,,2,020,"SR-1 S/B","MORRISSEY BLVD",150.00,S,N,B,C,Y,SCR,,1," "," ",15.774,H,,L,N,4,0,1,2,A,-,03,22350,,N,B,C,A,B,H,-,A,D,0,,,,,Y,,A,01,0,0,1,0,0,0,0,0,0,"- ","- ",36.988189697265625,-122.00257873535156,"SANTA CRUZ",UNINCORPORATED,-122.00257873535156,36.988208770751953
92274356,2023,2023-12-29,9720,2023-12-24,"904 ",023507,,7,1,9,4400,0,1,3,,1,010,"N/B SR-1","OLD COAST ROAD",30.00,S,N,A,-,Y,SCR,,1," "," ",28.388,H,,R,Y,2,0,1,1,A,-,08,22107,,N,E,I,A,A,H,-,A,D,0,,,,,Y,,A,07,1,0,0,0,0,0,0,0,0,"- ","- ",37.008941650390625,-122.19013977050781,"SANTA CRUZ",UNINCORPORATED,-122.19017028808594,37.008895874023438
92279467,2023,2024-01-04,9720,2023-12-24,1856,023214,,7,2,9,4400,0,1,3,,1,013,"SUMMIT RD.","HUTCHINSON RD.",0.28,W,N,A,-,N,,,,,,,,,,Y,3,0,1,1,A,-,01,23152,A,N,E,I,A,A,H,-,D,D,0,,,,,Y,Y,A,07,0,1,0,0,0,0,0,0,0,"- ","- ",37.148128509521484,-121.99324035644531,"SANTA CRUZ",UNINCORPORATED,-121.99108123779297,37.144359588623047
92281036,2023,2024-01-08,9720,2023-12-16,1720,023186,,6,2,9,4400,0,1,3,,1,015,"RT 9","LAKEVIEW DR",110.00,N,N,A,-,Y,SCR,,9," "," ",5.436,H,,R,N,2,0,2,1,A,-,03,22350,,N,F,A,A,A,H,-,D,D,0,,,Y,,Y,,C,02,1,1,0,0,0,0,0,0,2,"- ","- ",37.038368225097656,-122.067626953125,"SANTA CRUZ",UNINCORPORATED,-122.06764984130859,37.038345336914062
92282094,2023,2024-01-08,9720,2023-09-22,1428,023186,,5,2,9,4400,0,1,3,,1,012,SR-236,"S REDWOOD DR",130.00,S,N,A,-,Y,SCR,,236," "," ",0.808,H,,R,Y,2,0,3,4,A,-,01,23152,A,N,G,B,E,A,D,-,A,A,0,Y,,,,Y,Y,A,07,1,2,0,0,1,0,0,0,0,"- ","- ",37.129978179931641,-122.13394165039062,"SANTA CRUZ",UNINCORPORATED,-122.13397979736328,37.129962921142578
92283262,2023,2024-01-10,9720,2023-12-28,1051,023316,,4,1,9,4400,0,1,3,,1,017,"SR-17 S/B","LAUREL RD",1000.00,N,N,B,C,Y,SCR,,17," "," ",9.640,H,,L,Y,4,0,1,3,A,-,03,22350,,N,C,C,A,B,H,-,A,D,0,,,,,Y,,A,01,0,0,1,0,0,0,0,0,0,"- ","- ",37.106731414794922,-121.97627258300781,"SANTA CRUZ",UNINCORPORATED,-121.97629547119141,37.106704711914062
92286804,2023,2024-01-15,9720,2023-12-30,2226,022545,,6,3,9,4400,0,2,4,,1,031,"FREEDOM BLVD","REDWOOD HEIGHTS RD",50.00,W,N,B,-,N,,,,,,,,,,Y,2,0,1,1,A,-,01,23152,A,N,E,8,A,B,H,-,D,D,0,,,,,Y,Y,A,01,1,0,0,0,0,0,0,0,0,"- ","- ",36.987728118896484,-121.84197235107422,"SANTA CRUZ",UNINCORPORATED,-121.84190368652344,36.987667083740234
92287749,2023,2024-01-16,9720,2023-12-11,1725,023516,,1,2,9,4400,0,1,3,,1,015,"SR-9 S/B","MOUNTAIN ST",6.00,N,N,B,-,Y,SCR,,9," "," ",12.780,H,,L,N,2,0,1,2,A,-,10,21950,A,N,G,B,B,A,H,-,C,D,0,Y,,,,Y,,-,"- ",1,0,0,0,1,0,0,0,0,"- ","- ",37.120578765869141,-122.12095642089844,"SANTA CRUZ",UNINCORPORATED,-122.12092590332031,37.120582580566406
92359873,2023,2024-04-09,9720,2023-08-21,"435 ",022907,,1,3,9,4400,0,1,3,,2,020,"SR-1 N/B TO SR-17 N/B","SR-17 N/B",528.00,S,N,A,-,Y,SCR,,1," "," ",16.772,H,,R,Y,1,1,0,1,A,-,08,22107,,N,E,9,A,A,H,-,D,D,0,,,,,Y,,A,01,0,0,0,0,0,0,0,0,0,"- ","- ",36.989711761474609,-122.02044677734375,"SANTA CRUZ",UNINCORPORATED,-122.02049255371094,36.989490509033203
9321162,2023,2025-06-28,4402,2023-01-20,"613 ",153,4402,5,5,5,4402,0,0,0,,0,000,"RT 1","RT 9",0.00,,Y,A,-,Y,SCR,5,1,-,-,17.570,H,-,N,N,1,1,0,2,A,-,11,21453,D,N,G,B,D,A,H,-,C,A,0,Y,,,,Y,,N,60,0,0,0,1,0,0,0,0,0,"- ","- ",,,"SANTA CRUZ","SANTA CRUZ",-122.02996063232422,36.984424591064453
9470474,2023,2023-10-18,4403,2023-08-21,1751,T0016,1-09,1,5,4,4403,0,0,0,,0,001,"RT 129","MAIN ST",75.00,W,N,A,-,Y,SCR,5,129,-,L,1.440,H,-,E,N,2,0,1,3,A,-,09,21804,A,N,D,C,A,A,H,-,A,A,0,,,Y,,Y,,A,07,1,0,0,0,0,0,0,0,1,"- ","- ",,,"SANTA CRUZ",WATSONVILLE,-121.75375366210938,36.906822204589844
9471773,2023,2023-11-07,4403,2023-09-27,2218,398,528,3,5,4,4403,0,0,0,,0,005,"GREEN VALLEY RD","LAWRENCE AV",0.00,,Y,A,-,N,,,,,,,,,,Y,3,0,2,2,A,-,12,21453,A,F,A,C,A,A,H,-,C,A,0,,,,,Y,,A,07,0,2,0,0,0,0,0,0,0,"- ","- ",,,"SANTA CRUZ",WATSONVILLE,-121.77950286865234,36.926200866699219
9526333,2023,2023-02-28,4403,2023-01-20,1546,417,220,5,5,4,4403,0,0,0,,0,002,"RODRIGUEZ ST","6TH ST",0.00,,Y,A,-,N,,,,,,,,,,Y,4,0,1,2,A,-,09,21802,A,N,D,C,A,A,H,-,A,A,0,,,Y,,Y,,A,07,0,0,1,0,0,0,0,0,1,"- ","- ",,,"SANTA CRUZ",WATSONVILLE,-121.76342010498047,36.912509918212891
9535898,2023,2023-03-07,4402,2023-01-20,"53  ",153,4402,5,5,5,4402,0,0,0,,0,000,"LIGHTHOUSE AV","COWELL ST",0.00,,Y,A,-,N,,,,,,,,,,N,3,0,1,3,A,-,08,22107,,N,A,E,A,A,H,-,C,D,0,,,,,Y,,A,01,0,1,0,0,0,0,0,0,0,"- ","- ",,,"SANTA CRUZ","SANTA CRUZ",-122.02738952636719,36.960479736328125
9544259,2023,2023-02-01,4402,2023-01-07,1736,175,4402,6,5,5,4402,0,0,0,,0,000,"SOQUEL DR","DARWIN ST",72.00,W,N,A,C,N,,,,,,,,,,N,4,0,1,2,A,-,11,21950,B,N,G,B,B,B,H,-,C,D,0,Y,,,,Y,,N,60,0,0,1,0,1,0,0,0,0,"- ","- ",,,"SANTA CRUZ","SANTA CRUZ",-122.00801849365234,36.98095703125
9547085,2023,2023-03-08,4403,2023-02-06,1335,418,1-07,1,5,4,4403,0,0,0,,0,001,"FREEDOM BL","BRENNAN ST",310.00,N,N,A,-,N,,,,,,,,,,Y,4,0,2,2,A,-,03,22350,,N,C,C,A,A,H,-,A,A,0,,,,,Y,,D,22,0,0,2,0,0,0,0,0,0,"- ","- ",,,"SANTA CRUZ",WATSONVILLE,-121.76018524169922,36.917446136474609
9555144,2023,2023-04-03,4403,2023-03-13,1034,418,1-11,1,5,4,4403,0,0,0,,0,001,"MARCHANT ST","RIVERSIDE DR",0.00,,Y,A,-,Y,SCR,5,129,-,-,0.230,I,5,W,Y,4,0,1,3,A,-,09,21802,A,N,D,C,A,A,H,-,A,A,0,,,,,Y,,A,01,0,0,1,0,0,0,0,0,0,"- ","- ",,,"SANTA CRUZ",WATSONVILLE,-121.7503662109375,36.909442901611328
9555148,2023,2023-04-03,4403,2023-03-16,"719 ",417,2-23,4,5,4,4403,0,0,0,,0,002,"MAIN ST","AUTO CENTER DR",66.00,N,N,A,-,Y,SCR,5,152,-,T,2.139,I,5,W,Y,4,0,1,2,A,-,09,21453,B,N,D,C,A,A,H,-,A,A,0,,,,,Y,,A,07,0,0,1,0,0,0,0,0,0,"- ","- ",,,"SANTA CRUZ",WATSONVILLE,-121.76767730712891,36.915935516357422
9560689,2023,2023-03-22,4402,2023-02-14,1238,178,4402,2,5,5,4402,0,0,0,,0,000,"FREDERICK ST","HANOVER ST",274.00,N,N,A,-,N,,,,,,,,,,Y,2,0,2,2,A,-,01,23153,F,N,B,E,A,A,H,-,A,D,0,,,,,Y,,A,01,2,0,0,0,0,0,0,0,0,"- ","- ",,,"SANTA CRUZ","SANTA CRUZ",-122.00431823730469,36.979709625244141
9565309,2023,2023-05-02,4403,2023-04-08,1406,387,107,6,5,4,4403,0,0,0,,0,001,"FREEDOM BL","SUDDEN ST",27.00,W,N,A,-,N,,,,,,,,,,Y,4,0,1,3,A,-,03,22350,,M,C,C,A,A,H,-,A,D,0,,,,,Y,,A,01,0,0,1,0,0,0,0,0,0,"- ","- ",,,"SANTA CRUZ",WATSONVILLE,-121.75998687744141,36.918254852294922
9565310,2023,2023-05-02,4403,2023-04-01,1417,387,107,6,5,4,4403,0,0,0,,0,001,"LAKE AV","SUDDEN ST",5.00,W,N,A,-,N,,,,,,,,,,Y,4,0,1,2,C,-,18,,,N,G,B,B,A,H,-,A,D,0,Y,,,,Y,,-,"- ",0,0,1,0,1,0,0,0,0,"- ","- ",,,"SANTA CRUZ",WATSONVILLE,-121.75597381591797,36.913379669189453
9568282,2023,2023-05-04,4402,2023-03-20,1709,166,4402,1,5,5,4402,0,0,0,,0,000,"RT 1","OCEAN ST",500.00,W,N,A,-,Y,SCR,5,1,-,-,17.331,R,1,S,Y,3,0,1,2,A,-,01,23152,A,N,C,C,A,A,H,-,A,D,0,,,Y,,Y,Y,A,01,0,1,0,0,0,0,0,0,1,FR,"- ",,,"SANTA CRUZ","SANTA CRUZ",-122.02601623535156,36.985469818115234
9569162,2023,2023-06-28,4402,2023-05-15,1049,138,4402,1,5,5,4402,0,0,0,,0,000,"RT 1","MIRAMAR DR",74.00,N,N,A,-,Y,SCR,5,1,-,-,19.430,H,-,N,Y,3,0,1,2,A,-,09,21801,,N,D,C,A,A,H,-,A,D,0,,,,,Y,,A,07,0,1,0,0,0,0,0,0,0,"- ","- ",,,"SANTA CRUZ","SANTA CRUZ",-122.04543304443359,36.961986541748047
9571527,2023,2023-05-08,4402,2023-04-07,"953 ",153,4402,5,5,5,4402,0,0,0,,0,,"RIVER ST","MORA ST",5.00,S,N,B,C,N,,,,,,,,,,N,4,0,1,2,A,-,05,21650,,N,D,G,A,B,H,-,A,D,0,,Y,,,Y,,L,04,0,0,1,0,0,0,1,0,0,"- ","- ",,,"SANTA CRUZ","SANTA CRUZ",-122.02867889404297,36.980457305908203
9572178,2023,2023-05-18,4402,2023-04-09,2245,139,4402,7,5,5,4402,0,0,0,,0,000,"LAUREL ST","CENTER ST",0.00,,Y,A,-,N,,,,,,,,,,N,3,0,1,1,A,-,01,21200,5,N,F,A,A,A,H,-,C,A,0,,Y,,,Y,Y,L,04,0,1,0,0,0,0,1,0,0,"- ","- ",,,"SANTA CRUZ","SANTA CRUZ",-122.02725219726562,36.968929290771484
9573074,2023,2023-05-19,4403,2023-04-11,"759 ",418,4-34,2,5,4,4403,0,0,0,,0,004,"FREEDOM BL","ARTHUR RD",48.00,E,N,A,-,N,,,,,,,,,,,3,0,1,2,A,-,06,21750,,F,C,G,A,B,H,-,A,A,0,,Y,,,Y,,D,22,0,1,0,0,0,0,1,0,0,"- ","- ",,,"SANTA CRUZ",WATSONVILLE,-121.76748657226562,36.929573059082031
9575192,2023,2023-05-04,4402,2023-02-19,1738,169,4402,7,5,5,4402,0,0,0,,0,000,"BEACH ST","MAIN ST",415.00,W,N,A,-,N,,,,,,,,,,N,3,0,1,2,A,-,17,22517,,N,B,G,A,A,H,-,A,D,0,,Y,,,Y,,A,01,0,1,0,0,0,0,1,0,0,"- ","- ",,,"SANTA CRUZ","SANTA CRUZ",-122.02334594726562,36.962898254394531
9575193,2023,2023-05-04,4402,2023-02-28,1933,193,4402,2,5,5,4402,0,0,0,,0,000,"RIVER ST","NORTH PACIFIC AV",0.00,,Y,C,-,N,,,,,,,,,,Y,3,0,1,2,A,-,17,21451,A,N,-,C,A,B,H,-,C,A,0,,,,,Y,,A,01,0,1,0,0,0,0,0,0,0,"- ","- ",,,"SANTA CRUZ","SANTA CRUZ",-122.02702331542969,36.978832244873047
9583916,2023,2023-08-24,4403,2023-07-28,1248,341,539,5,5,4,4403,0,0,0,,0,005,"GREEN VALLEY RD","FREEDOM BL",102.00,E,N,A,-,N,,,,,,,,,,N,4,0,1,2,A,-,09,21804,A,N,D,C,A,A,H,-,A,D,0,,,,,Y,,D,22,0,0,1,0,0,0,0,0,0,"- ","- ",,,"SANTA CRUZ",WATSONVILLE,-121.77317047119141,36.935272216796875
9584284,2023,2023-05-23,4402,2023-04-16,1258,804,,7,5,5,4402,0,0,0,,0,,"CHINQUAPIN RD","MCLAUGHLIN DR",0.00,,-,A,-,N,,,,,,,,,,N,4,0,1,1,A,-,03,22350,,N,H,J,A,A,H,-,A,A,0,,Y,,,Y,,L,04,0,0,1,0,0,0,1,0,0,"- ","- ",37.000171661376953,-122.05779266357422,"SANTA CRUZ","SANTA CRUZ",-122.05628967285156,36.999973297119141
9589694,2023,2023-06-28,4403,2023-06-08,1159,418,221,4,5,4,4403,0,0,0,,0,002,"2ND ST","RODRIGUEZ ST",0.00,,Y,A,-,N,,,,,,,,,,Y,4,0,1,2,A,-,12,22450,,N,D,C,A,A,H,-,A,A,0,,,,,Y,,A,07,0,0,1,0,0,0,0,0,0,"- ","- ",,,"SANTA CRUZ",WATSONVILLE,-121.75688934326172,36.908306121826172
9591412,2023,2023-08-03,4401,2023-05-26,"16  ",524,4401,5,5,3,4401,0,0,0,,0,008,"KENNEDY DR","CALLAS LN",0.00,W,N,A,-,N,,,,,,,,,,Y,4,0,1,2,A,-,03,22350,,N,C,E,A,A,H,-,C,D,0,,,,,Y,Y,A,07,0,0,1,0,0,0,0,0,0,"- ","- ",,,"SANTA CRUZ",CAPITOLA,-121.94059753417969,36.982315063476562
9592701,2023,2023-08-03,4404,2023-06-03,1233,5461,4404,6,5,3,4404,0,0,0,,0,00S,"MT HERMON RD","KINGS VILLAGE RD",158.00,E,N,A,-,N,,,,,,,,,,N,4,0,1,2,A,-,08,22100,A,N,B,C,A,A,H,-,A,D,0,,,,,Y,,A,01,0,0,1,0,0,0,0,0,0,"- ","- ",37.046001434326172,-122.02822875976562,"SANTA CRUZ","SCOTTS VALLEY",-122.02783966064453,37.045768737792969
9594133,2023,2023-07-25,4402,2023-06-16,1522,186,4402,5,5,5,4402,0,0,0,,0,000,"S RIVER ST","SOQUEL AV",0.00,N,N,A,-,N,,,,,,,,,,N,3,0,1,2,A,-,11,21954,A,N,G,B,D,A,H,-,A,D,0,Y,,,,Y,,N,60,0,1,0,0,1,0,0,0,0,"- ","- ",,,"SANTA CRUZ","SANTA CRUZ",-122.02363586425781,36.97344970703125
9595074,2023,2023-10-19,4402,2023-07-03,"936 ",192,4402,1,5,5,4402,0,0,0,,0,000,BROADWAY,"SAN LORENZO BL",210.00,E,N,A,-,N,,,,,,,,,,Y,2,0,1,1,C,-,18,,,N,E,J,A,A,-,-,A,D,0,,,Y,,Y,,-,"- ",1,0,0,0,0,0,0,0,1,"- ","- ",,,"SANTA CRUZ","SANTA CRUZ",-122.02201080322266,36.970802307128906
9595101,2023,2023-07-20,4402,2023-06-11,"632 ",157,4402,7,5,5,4402,0,0,0,,0,000,"SOQUEL AV","RIVERSIDE AV",0.00,,Y,B,-,N,,,,,,,,,,Y,3,0,1,1,A,-,03,22350,,N,E,I,A,A,H,-,A,A,0,,,Y,,Y,,C,06,0,1,0,0,0,0,0,0,1,"- ","- ",,,"SANTA CRUZ","SANTA CRUZ",-122.02141571044922,36.973899841308594
9597023,2023,2023-08-23,4403,2023-07-04,1621,418,107,2,5,4,4403,0,0,0,,0,001,"LINCOLN ST","PALM AV",216.00,S,N,A,-,N,,,,,,,,,,N,4,0,1,2,A,-,09,21804,A,N,D,D,A,A,H,-,A,D,0,,,,,Y,,A,07,0,0,1,0,0,0,0,0,0,"- ","- ",,,"SANTA CRUZ",WATSONVILLE,-121.75580596923828,36.917392730712891
9597024,2023,2023-08-23,4403,2023-07-16,1715,432,109,7,5,4,4403,0,0,0,,0,001,"MAIN ST","PECK ST",0.00,,Y,A,-,N,,,,,,,,,,N,4,0,1,2,A,-,10,21950,A,N,G,B,B,A,H,-,A,A,0,Y,,,,Y,,A,01,0,0,1,0,1,0,0,0,0,"- ","- ",,,"SANTA CRUZ",WATSONVILLE,-121.75627136230469,36.909683227539062
9598088,2023,2023-08-10,4403,2023-07-06,1859,388,304,4,5,4,4403,0,0,0,,0,003,"FREEDOM BL","CRESTVIEW DR",0.00,,Y,A,-,N,,,,,,,,,,N,4,0,1,2,A,-,12,21453,A,N,D,C,A,A,D,-,A,A,0,,,,,Y,,A,01,0,0,1,0,0,0,0,0,0,"- ","- ",,,"SANTA CRUZ",WATSONVILLE,-121.76461791992188,36.926460266113281
9600124,2023,2023-08-11,4403,2023-07-03,1336,418,224,1,5,4,4403,0,0,0,,0,002,"2ND ST","WALKER ST",0.00,,Y,A,-,N,,,,,,,,,,N,3,0,2,2,A,-,09,21802,A,N,D,D,A,A,H,-,A,A,0,,,,,Y,,A,07,0,1,1,0,0,0,0,0,0,"- ","- ",,,"SANTA CRUZ",WATSONVILLE,-121.75956726074219,36.906444549560547
9601828,2023,2023-09-21,4403,2023-08-21,1325,418,431,1,5,4,4403,0,0,0,,0,004,"MAIN ST","PENNSYLVANIA AV",165.00,N,N,A,-,Y,SCR,5,152,-,T,1.940,H,-,E,N,3,0,1,2,A,-,11,21955,,N,G,B,D,A,H,-,A,D,0,Y,,,,Y,Y,N,60,0,1,0,0,1,0,0,0,0,"- ","- ",,,"SANTA CRUZ",WATSONVILLE,-121.77110290527344,36.916393280029297
9603494,2023,2023-08-23,4402,2023-07-16,1542,136,4402,7,5,5,4402,0,0,0,,0,,"MISSION ST","SWIFT ST",0.00,,Y,A,-,Y,SCR,5,1,-,-,19.690,I,5,N,N,3,0,1,2,A,-,12,21453,A,N,D,G,A,A,H,-,A,A,0,,Y,,,Y,,D,22,0,1,0,0,0,0,1,0,0,"- ","- ",,,"SANTA CRUZ","SANTA CRUZ",-122.04939270019531,36.960586547851562
9603906,2023,2023-08-18,4402,2023-07-24,2117,148,4402,1,5,5,4402,0,0,0,,0,000,"3RD AV","KAYE ST",49.00,N,N,A,-,N,,,,,,,,,,N,3,0,1,2,A,-,17,21657,,N,A,G,A,A,H,-,C,D,0,,Y,,,Y,,L,04,0,1,0,0,0,0,1,0,0,"- ","- ",,,"SANTA CRUZ","SANTA CRUZ",-122.01641082763672,36.967021942138672
9612777,2023,2023-08-28,4403,2023-07-26,1514,417,,3,5,4,4403,0,0,0,,0,,"BEACH ST","RODRIGUEZ ST",0.00,,Y,A,-,N,,,,,,,,,,N,4,0,1,2,A,-,09,21801,A,N,A,C,A,A,H,-,A,A,0,,,,,Y,,A,01,0,0,1,0,0,0,0,0,0,"- ","- ",,,"SANTA CRUZ",WATSONVILLE,-121.75807189941406,36.909397125244141
9615941,2023,2023-09-27,4403,2023-08-30,1426,417,317,3,5,4,4403,0,0,0,,0,003,"LAKE AV","TUTTLE AV",0.00,,Y,A,-,N,,,,,,,,,,N,4,0,2,3,A,-,10,21950,A,N,G,B,B,A,H,-,A,D,0,Y,,,,Y,,A,07,0,0,2,0,2,0,0,0,0,"- ","- ",,,"SANTA CRUZ",WATSONVILLE,-121.74692535400391,36.922401428222656
9615965,2023,2024-04-25,4403,2023-09-13,1047,417,5-27,3,5,4,4403,0,0,0,,0,005,"AIRPORT BL","HANGAR WY",25.00,E,N,A,-,N,,,,,,,,,,N,4,0,1,2,A,-,03,22350,,N,C,C,A,A,H,-,A,A,0,,,,,Y,,A,07,0,0,1,0,0,0,0,0,0,"- ","- ",,,"SANTA CRUZ",WATSONVILLE,-121.79108428955078,36.930881500244141
9616219,2023,2023-10-11,4402,2023-09-09,2200,148,4402,6,5,5,4402,0,0,0,,0,000,"MORRISSEY BL","HAMMOND AV",0.00,,Y,A,-,N,,,,,,,,,,N,2,0,1,2,A,-,03,22350,,N,D,G,A,A,H,-,C,A,0,,Y,,,Y,,D,22,1,0,0,0,0,0,1,0,0,"- ","- ",,,"SANTA CRUZ","SANTA CRUZ",-122.00563812255859,36.984310150146484
9619104,2023,2024-03-30,4402,2023-12-03,1502,830HT,,7,5,5,4402,0,0,0,,0,,"MCHENRY RD","MEYER RD",0.00,,Y,A,-,N,,,,,,,,,,N,3,0,1,1,A,-,11,21955,,N,H,A,A,A,H,-,A,D,0,,Y,,,Y,,L,04,0,1,0,0,0,0,1,0,0,"- ","- ",,,"SANTA CRUZ","SANTA CRUZ",,
9626502,2023,2023-11-13,4402,2023-09-18,"638 ",134,4402,1,5,5,4402,0,0,0,,0,,"RT 1","ALMAR AV",0.00,,Y,B,-,Y,SCR,5,1,-,-,19.351,I,5,N,N,4,0,1,2,A,-,08,22107,,N,B,C,A,A,H,-,A,A,0,,,,,Y,,-,,0,0,1,0,0,0,0,0,0,"- ","- ",,,"SANTA CRUZ","SANTA CRUZ",-122.04389953613281,36.962562561035156
9626815,2023,2023-10-25,4403,2023-09-02,1633,388,306,6,5,4,4403,0,0,0,,0,003,"FREEDOM BL","BROADIS ST",0.00,,Y,A,-,N,,,,,,,,,,N,4,0,1,2,A,-,05,21650,1,N,E,J,A,A,H,-,A,D,0,,,,,Y,,M,94,0,0,1,0,0,0,0,0,0,"- ","- ",,,"SANTA CRUZ",WATSONVILLE,-121.76187133789062,36.923408508300781
9628951,2023,2023-12-08,4403,2023-10-02,1947,402,3D5,1,5,4,4403,0,0,0,,0,003,"FREEDOM BL","MARIN ST",0.00,,Y,A,-,N,,,,,,,,,,N,4,0,2,2,A,-,03,22350,,N,D,C,A,A,H,-,D,D,0,,,,,Y,,A,07,0,0,2,0,0,0,0,0,0,"- ","- ",,,"SANTA CRUZ",WATSONVILLE,-121.76262664794922,36.924247741699219
9630647,2023,2023-11-28,4403,2023-10-11,1220,418,1-13,3,5,4,4403,0,0,0,,0,001,"BEACH ST","LINCOLN ST",225.00,W,N,A,-,N,,,,,,,,,,N,4,0,1,2,A,-,21,22106,,N,C,E,A,A,H,-,A,D,0,,,,,Y,,A,07,0,0,1,0,0,0,0,0,0,"- ","- ",,,"SANTA CRUZ",WATSONVILLE,-121.75281524658203,36.913238525390625
9630650,2023,2023-11-28,4403,2023-10-09,1343,418,4-01,1,5,4,4403,0,0,0,,0,004,"GREEN VALLEY RD","CARNATION DR",0.00,,Y,A,-,N,,,,,,,,,,N,4,0,1,2,A,-,12,21453,A,N,D,D,A,A,H,-,A,A,0,,,,,Y,,A,01,0,0,1,0,0,0,0,0,0,"- ","- ",,,"SANTA CRUZ",WATSONVILLE,-121.77140808105469,36.937538146972656
9632455,2023,2024-01-10,4403,2023-11-06,1252,418,109,1,5,4,4403,0,0,0,,0,001,"MAIN ST","LAKE AV",0.00,,Y,A,-,Y,SCR,5,152,-,T,2.810,H,-,W,N,4,0,2,2,A,-,03,22350,,N,C,C,A,B,H,-,A,A,0,,,,,Y,,D,22,0,0,2,0,0,0,0,0,0,"- ","- ",,,"SANTA CRUZ",WATSONVILLE,-121.75831604003906,36.911525726318359
9632459,2023,2023-11-28,4403,2023-10-24,"734 ",418,433,2,5,4,4403,0,0,0,,0,004,"MANANA LN","MARIN ST",0.00,,Y,A,-,N,,,,,,,,,,N,4,0,1,2,A,-,08,22103,,M,D,G,A,A,H,-,A,A,0,,Y,,,Y,,D,22,0,0,1,0,0,0,1,0,0,"- ","- ",,,"SANTA CRUZ",WATSONVILLE,-121.76515960693359,36.922752380371094
9636093,2023,2024-02-29,4403,2023-12-11,1759,281,4-01,1,5,4,4403,0,0,0,,0,004,"GREEN VALLEY RD","FREEDOM BL",0.00,,Y,A,-,N,,,,,,,,,,Y,4,0,1,2,A,-,09,21453,C,N,B,C,A,A,H,-,A,A,0,,,,,Y,,A,07,0,0,1,0,0,0,0,0,0,"- ","- ",,,"SANTA CRUZ",WATSONVILLE,-121.77336883544922,36.935035705566406