CASE_ID,ACCIDENT_YEAR,PROC_DATE,JURIS,COLLISION_DATE,COLLISION_TIME,OFFICER_ID,REPORTING_DISTRICT,DAY_OF_WEEK,CHP_SHIFT,POPULATION,CNTY_CITY_LOC,SPECIAL_COND,BEAT_TYPE,CHP_BEAT_TYPE,CITY_DIVISION_LAPD,CHP_BEAT_CLASS,BEAT_NUMBER,PRIMARY_RD,SECONDARY_RD,DISTANCE,DIRECTION,INTERSECTION,WEATHER_1,WEATHER_2,STATE_HWY_IND,CALTRANS_COUNTY,CALTRANS_DISTRICT,STATE_ROUTE,ROUTE_SUFFIX,POSTMILE_PREFIX,POSTMILE,LOCATION_TYPE,RAMP_INTERSECTION,SIDE_OF_HWY,TOW_AWAY,COLLISION_SEVERITY,NUMBER_KILLED,NUMBER_INJURED,PARTY_COUNT,PRIMARY_COLL_FACTOR,PCF_CODE_OF_VIOL,PCF_VIOL_CATEGORY,PCF_VIOLATION,PCF_VIOL_SUBSECTION,HIT_AND_RUN,TYPE_OF_COLLISION,MVIW,PED_ACTION,ROAD_SURFACE,ROAD_COND_1,ROAD_COND_2,LIGHTING,CONTROL_DEVICE,CHP_ROAD_TYPE,PEDESTRIAN_ACCIDENT,BICYCLE_ACCIDENT,MOTORCYCLE_ACCIDENT,TRUCK_ACCIDENT,NOT_PRIVATE_PROPERTY,ALCOHOL_INVOLVED,STWD_VEHTYPE_AT_FAULT,CHP_VEHTYPE_AT_FAULT,COUNT_SEVERE_INJ,COUNT_VISIBLE_INJ,COUNT_COMPLAINT_PAIN,COUNT_PED_KILLED,COUNT_PED_INJURED,COUNT_BICYCLIST_KILLED,COUNT_BICYCLIST_INJURED,COUNT_MC_KILLED,COUNT_MC_INJURED,PRIMARY_RAMP,SECONDARY_RAMP,LATITUDE,LONGITUDE,COUNTY,CITY,POINT_X,POINT_Y
9636870,2023,2023-12-21,4404,2023-11-06,1059,5440,4404,1,5,3,4404,0,0,0,,0,00S,"MT HERMON RD","EL RANCHOO",0.00,,Y,B,C,N,,,,,,,,,,Y,3,0,1,2,A,-,09,21801,A,N,D,C,A,B,H,-,A,D,0,,,,Y,Y,,A,01,0,1,0,0,0,0,0,0,0,"- ","- ",37.033828735351562,-122.02223205566406,"SANTA CRUZ","SCOTTS VALLEY",-122.02178955078125,37.033794403076172
9641799,2023,2023-12-13,4402,2023-10-21,1617,808CL,,6,5,5,4402,0,0,0,,0,,"HAGAR DR","STIENHART DR",0.00,,Y,A,-,N,,,,,,,,,,N,3,0,1,1,A,-,03,22350,,N,H,A,A,A,H,-,A,D,0,,Y,,,Y,,L,04,0,1,0,0,0,0,1,0,0,"- ","- ",36.997760772705078,-122.06192016601562,"SANTA CRUZ","SANTA CRUZ",-122.05535125732422,36.997165679931641
9642955,2023,2023-12-06,4402,2023-10-22,1259,193,4402,7,5,5,4402,0,0,0,,0,000,"SYLVANIA ST","HARVEY WEST BL",0.00,,Y,B,C,N,,,,,,,,,,N,3,0,1,2,A,-,10,21950,A,N,G,B,B,B,H,-,A,A,0,Y,,,,Y,,A,01,0,1,0,0,1,0,0,0,0,"- ","- ",,,"SANTA CRUZ","SANTA CRUZ",-122.03507995605469,36.983970642089844
9646921,2023,2024-01-30,4403,2023-12-17,"45  ",389,5-27,7,5,4,4403,0,0,0,,0,005,"AIRPORT BL","ROACHE RD",170.00,E,N,A,-,N,,,,,,,,,,Y,4,0,2,1,A,-,01,23152,A,N,E,I,A,A,H,-,C,D,0,,,,,Y,Y,D,22,0,0,2,0,0,0,0,0,0,"- ","- ",,,"SANTA CRUZ",WATSONVILLE,-121.78022003173828,36.935649871826172
9647568,2023,2023-12-18,4402,2023-10-28,2246,196,4402,6,5,5,4402,0,0,0,,0,,"KING ST","BAY ST",188.00,E,N,A,-,N,,,,,,,,,,N,3,0,1,1,A,-,01,21200,5,N,F,A,A,A,H,-,D,D,0,,Y,,,Y,Y,L,04,0,1,0,0,0,0,1,0,0,"- ","- ",,,"SANTA CRUZ","SANTA CRUZ",-122.04269409179688,36.968563079833984
9648858,2023,2024-01-09,4402,2023-11-25,1753,168,4402,6,5,5,4402,0,0,0,,0,000,"BEACH ST","MUNICIPAL WHARF",154.00,E,N,A,-,N,,,,,,,,,,N,3,0,1,1,A,-,05,21202,A,N,E,I,A,A,H,-,C,D,0,,Y,,,Y,Y,L,04,0,1,0,0,0,0,1,0,0,"- ","- ",,,"SANTA CRUZ","SANTA CRUZ",-122.02320098876953,36.96295166015625
9654047,2023,2024-02-02,4404,2023-11-26,1725,5820,4404,7,5,3,4404,0,0,0,,0,00S,"MT HERMON RD","KINGS VILLAGE RD",0.00,,Y,A,-,N,,,,,,,,,,Y,3,0,1,2,A,-,09,21801,A,N,B,C,A,A,H,-,C,A,0,,,,,Y,,A,07,0,1,0,0,0,0,0,0,0,"- ","- ",37.046001434326172,-122.02822875976562,"SANTA CRUZ","SCOTTS VALLEY",-122.02828979492188,37.046005249023438
9656099,2023,2024-02-16,4403,2023-12-04,1619,T0024,314,1,5,4,4403,0,0,0,,0,003,"LAKE AV","BLACKBURN ST",0.00,,Y,A,-,Y,SCR,5,152,-,-,0.571,I,5,W,N,4,0,1,2,A,-,09,21804,A,N,D,G,A,A,H,-,A,D,0,,Y,,,Y,,L,04,0,0,1,0,0,0,1,0,0,"- ","- ",,,"SANTA CRUZ",WATSONVILLE,-121.75119781494141,36.916873931884766
9656255,2023,2024-02-16,4403,2023-12-11,"252 ",T0015,108,1,5,4,4403,0,0,0,,0,001,"MAIN ST","BEACH ST",0.00,,Y,A,-,Y,SCR,5,152,-,T,2.128,I,5,E,N,4,0,1,2,A,-,12,21453,A,N,D,D,A,A,H,-,C,A,0,,,,,Y,,A,07,0,0,1,0,0,0,0,0,0,"- ","- ",,,"SANTA CRUZ",WATSONVILLE,-121.76786041259766,36.915863037109375
9656425,2023,2024-02-01,4403,2023-10-25,1830,433,109,3,5,4,4403,0,0,0,,0,001,"BEACH ST","MAIN ST",3.00,W,N,A,-,N,,,,,,,,,,N,4,0,1,2,A,-,10,21950,A,M,G,B,B,A,H,-,A,A,0,Y,,,,Y,,A,01,0,0,1,0,1,0,0,0,0,"- ","- ",,,"SANTA CRUZ",WATSONVILLE,-121.75691986083984,36.910255432128906
8939711,2023,2025-06-28,4401,2023-11-18,2023,523,4401,6,5,3,4401,0,0,0,,0,,"CROSSROADS LP","BAY AV",0.00,,Y,C,-,N,,,,,,,,,,N,1,1,0,2,A,-,03,22350,,F,G,B,-,B,H,-,C,A,0,Y,,,,Y,,A,01,0,0,0,1,0,0,0,0,0,"- ","- ",,,"SANTA CRUZ",CAPITOLA,,
91966575,2023,2023-01-12,9720,2023-01-01,2500,020977,,7,4,9,4400,0,1,3,,1,035,"STATE ROUTE 129","MURPHY ROAD",2388.00,E,N,B,-,Y,SCR,,129," "," ",5.196,H,,R,Y,3,0,1,1,A,-,01,23152,A,M,E,I,A,A,H,-,D,D,0,,,,,Y,Y,D,22,0,1,0,0,0,0,0,0,0,"- ","- ",36.914180755615234,-121.668701171875,"SANTA CRUZ",UNINCORPORATED,-121.66871643066406,36.914249420166016
91968314,2023,2023-01-13,9720,2023-01-01,1620,022140,,7,2,9,4400,0,3,5,,2,200,"HAMES RD","ENOS LN",60.00,E,N,A,-,N,,,,,,,,,,N,4,0,1,2,A,-,03,22350,,N,H,G,A,B,H,-,A,D,0,,Y,,,Y,,L,04,0,0,1,0,0,0,1,0,0,"- ","- ",36.994281768798828,-121.81590270996094,"SANTA CRUZ",UNINCORPORATED,-121.81581878662109,36.994213104248047
91968753,2023,2023-01-16,9720,2023-01-07,1935,022140,,6,2,9,4400,0,3,5,,2,200,"STATE PARD DR","OFF RAMP FROM SR-1 N/B",25.00,S,N,B,C,Y,,,,,,,,,,N,4,0,1,2,A,-,01,23152,A,F,C,C,A,B,H,-,C,A,0,,,,,Y,Y,D,22,0,0,1,0,0,0,0,0,0,"- ","- ",36.978630065917969,-121.90975189208984,"SANTA CRUZ",UNINCORPORATED,-121.91011047363281,36.977947235107422
91972326,2023,2023-01-19,9720,2023-01-06,2349,022329,,5,3,9,4400,0,1,3,,2,020,"SR-1 N/B","PORTER ST",250.00,S,N,A,-,Y,SCR,,1," "," ",13.020,H,,R,Y,2,0,1,2,A,-,03,22350,,N,D,C,A,A,H,-,C,D,0,,,,,Y,,A,07,1,0,0,0,0,0,0,0,0,"- ","- ",36.983570098876953,-121.95372772216797,"SANTA CRUZ",UNINCORPORATED,-121.9537353515625,36.983592987060547
91975611,2023,2023-01-24,9720,2023-01-03,1145,021548,,2,1,9,4400,0,1,3,,1,015,"SR-9 N/B","BRACKNEY LN.",142.00,S,N,B,-,Y,SCR,,9," "," ",7.802,H,,R,N,3,0,1,1,A,-,03,22350,,N,F,A,A,B,H,-,A,D,0,,Y,,,Y,,L,04,0,1,0,0,0,0,1,0,0,"- ","- ",37.068649291992188,-122.08329010009766,"SANTA CRUZ",UNINCORPORATED,-122.08331298828125,37.068637847900391
91976089,2023,2023-03-06,9720,2023-01-09,1150,023146,,1,1,9,4400,0,3,5,,2,300,"VARNI ROAD","CORRALITOS ROAD",1056.00,E,N,B,-,N,,,,,,,,,,Y,3,0,1,1,A,-,03,22350,,N,E,I,A,B,H,-,A,D,0,,,,,Y,,A,07,0,1,0,0,0,0,0,0,0,"- ","- ",36.967708587646484,-121.80193328857422,"SANTA CRUZ",UNINCORPORATED,-121.80399322509766,36.967929840087891
91976133,2023,2023-01-24,9720,2023-01-10,1850,023186,,2,2,9,4400,0,2,4,,1,021,"SOQUEL DR","DAUBENBISS AVE",15.00,W,N,A,-,N,,,,,,,,,,N,3,0,1,1,A,-,17,21200,,N,E,I,A,A,H,-,C,D,0,,Y,,,Y,Y,L,04,0,1,0,0,0,0,1,0,0,"- ","- ",36.987598419189453,-121.95883178710938,"SANTA CRUZ",UNINCORPORATED,-121.95838928222656,36.98779296875
91976873,2023,2023-01-25,9720,2023-01-14,1350,019100,,6,1,9,4400,0,1,3,,1,034,"SR-152 (E. LAKE AVENUE)","LEVEE PATH",10.00,W,N,B,-,Y,SCR,,152," "," ",1.926,H,,R,Y,3,0,1,2,A,-,09,21804,A,N,B,G,A,B,H,-,A,D,0,,Y,,,Y,Y,L,04,0,1,0,0,0,0,1,0,0,"- ","- ",36.934959411621094,-121.74327850341797,"SANTA CRUZ",UNINCORPORATED,-121.74327850341797,36.934959411621094
91981306,2023,2023-03-07,9720,2023-01-09,1330,023146,,1,1,4,4403,0,1,A,,2,730,"90 ALTA VISTA AVE","ALTA VISTA AVE",50.00,N,N,B,-,N,,,,,,,,,,N,4,0,1,2,B,-,22,,,N,H,E,A,B,H,-,A,D,0,,,,,Y,,D,22,0,0,1,0,0,0,0,0,0,"- ","- ",36.927291870117188,-121.76815795898438,"SANTA CRUZ",WATSONVILLE,,
91981374,2023,2023-01-30,9720,2023-01-24,1000,019100,,2,1,9,4400,0,1,3,,2,030,"SR-1 NORTHBOUND","LARKIN VALLEY ROAD",528.00,S,N,A,-,Y,SCR,,1," ",R,7.413,H,,R,N,3,0,1,2,A,-,03,22350,,N,C,C,A,A,H,-,A,D,0,,,,,Y,,A,01,0,1,0,0,0,0,0,0,0,"- ","- ",36.957809448242188,-121.85945129394531,"SANTA CRUZ",UNINCORPORATED,-121.85942840576172,36.957828521728516
91983424,2023,2023-01-31,9720,2023-01-19,1240,023110,,4,1,9,4400,0,2,4,,1,016,"GRAHAM HILL RD","LOCKEWOOD LN",200.00,S,N,A,-,N,,,,,,,,,,N,4,0,1,2,A,-,03,22350,,N,C,C,A,A,H,-,A,D,0,,,,,Y,,D,22,0,0,1,0,0,0,0,0,0,"- ","- ",37.034721374511719,-122.04161071777344,"SANTA CRUZ",UNINCORPORATED,-122.04207611083984,37.036354064941406
91983490,2023,2023-01-31,9720,2023-01-23,1220,015699,,1,1,9,4400,0,1,3,,1,010,"RT 1","DAVENPORT AVE",180.00,N,N,A,-,Y,SCR,,1," "," ",28.660,H,,R,Y,3,0,3,2,A,-,09,21801,A,N,A,C,A,A,H,-,A,D,0,,,,,Y,,A,01,0,1,2,0,0,0,0,0,0,"- ","- ",37.010898590087891,-122.19439697265625,"SANTA CRUZ",UNINCORPORATED,-122.19439697265625,37.010898590087891
91985059,2023,2023-02-02,9720,2023-01-25,1557,022140,,3,2,9,4400,0,3,5,,2,200,"SOQUEL AVE","GROSS RD",40.00,N,N,A,-,N,,,,,,,,,,N,4,0,1,2,A,-,21,22106,,N,C,C,A,A,H,-,A,A,0,,,,,Y,,A,08,0,0,1,0,0,0,0,0,0,"- ","- ",36.981258392333984,-121.96604156494141,"SANTA CRUZ",UNINCORPORATED,-121.96600341796875,36.981231689453125
91987016,2023,2023-02-06,9720,2023-01-21,"700 ",023110,,6,1,9,4400,0,2,4,,1,031,"FREEDOM BLVD","OWL RIDGE RD",300.00,S,N,A,-,Y,,,,,,,,,,Y,3,0,1,1,A,-,03,22350,,N,E,I,A,C,H,-,B,D,0,,,,,Y,,D,22,0,1,0,0,0,0,0,0,0,"- ","- ",36.986320495605469,-121.85167694091797,"SANTA CRUZ",UNINCORPORATED,-121.85270690917969,36.986339569091797
91987018,2023,2023-02-06,9720,2023-01-25,"955 ",023026,,3,1,9,4400,0,1,3,,1,014,SR-9,"PLEASANT WAY",20.00,S,N,A,-,Y,SCR,,9," "," ",15.103,H,,R,N,3,0,1,2,A,-,09,21802,,N,D,C,A,B,H,-,A,A,0,,,,,Y,,D,22,0,1,0,0,0,0,0,0,0,"- ","- ",37.151451110839844,-122.13616180419922,"SANTA CRUZ",UNINCORPORATED,-122.13614654541016,37.151439666748047
91988003,2023,2023-02-06,9720,2023-01-27,1023,023166,,5,1,9,4400,0,1,3,,1,015,"SR-9 N/B","SAN LORENZO WAY",210.00,N,N,A,-,Y,SCR,,9," "," ",6.821,H,,R,Y,3,0,2,2,A,-,01,23152,F,N,A,C,A,A,H,-,A,D,0,,,,Y,Y,,A,07,0,2,0,0,0,0,0,0,0,"- ","- ",37.057521820068359,-122.07636260986328,"SANTA CRUZ",UNINCORPORATED,-122.07633972167969,37.057533264160156
91989527,2023,2023-02-08,9720,2023-01-28,"303 ",022976,,6,3,9,4400,0,3,5,,2,300,"W BEACH STREET","CLEARWATER LANE",500.00,E,N,A,-,N,,,,,,,,,,N,4,0,1,1,A,-,01,23152,A,N,F,A,A,A,H,-,D,D,0,,,,,Y,Y,A,01,0,0,1,0,0,0,0,0,0,"- ","- ",36.8931884765625,-121.78399658203125,"SANTA CRUZ",UNINCORPORATED,-121.783935546875,36.893112182617188
91989805,2023,2023-02-08,9720,2023-01-30,1921,023103,,1,2,9,4400,0,1,3,,1,034,"SR-152 (E. LAKE AVE)","BRIDGE ST",0.00,,Y,A,-,Y,SCR,,152," "," ",1.616,H,,R,Y,3,0,1,2,A,-,09,21802,A,F,D,C,A,A,H,-,C,A,0,,,,,Y,,A,01,0,1,0,0,0,0,0,0,0,"- ","- ",36.930469512939453,-121.74429321289062,"SANTA CRUZ",UNINCORPORATED,-121.74435424804688,36.93048095703125
91990565,2023,2023-02-09,9720,2023-01-29,1925,022545,,7,2,9,4400,0,1,3,,1,017,SR-17,"VINE HILL RD",0.00,,Y,A,-,Y,SCR,,17," "," ",7.665,H,,R,Y,4,0,2,2,A,-,09,21802,A,N,D,C,A,A,H,-,C,A,0,,,,,Y,,D,22,0,0,2,0,0,0,0,0,0,"- ","- ",37.078960418701172,-121.97956848144531,"SANTA CRUZ",UNINCORPORATED,-121.97950744628906,37.07891845703125
91992531,2023,2023-02-13,9720,2023-02-03,1335,023146,,5,1,9,4400,0,3,5,,2,200,"SOQUEL AVE","PAUL MINNIE AVE",70.00,W,N,C,-,N,,,,,,,,,,N,3,0,2,2,A,-,03,22350,,N,C,C,A,B,H,-,A,D,0,,,,,Y,,A,01,0,1,1,0,0,0,0,0,0,"- ","- ",36.986320495605469,-121.98436737060547,"SANTA CRUZ",UNINCORPORATED,-121.98416137695312,36.986278533935547
91992541,2023,2023-02-13,9720,2023-02-09,1100,021248,,4,1,9,4400,0,1,3,,2,020,"SR-1 N/B","PORTER ST.",1056.00,S,N,A,-,Y,SCR,,1," "," ",13.000,H,,R,N,4,0,1,2,A,-,03,22350,,N,C,C,A,A,H,-,A,D,0,,,,,Y,,A,07,0,0,1,0,0,0,0,0,0,"- ","- ",36.983600616455078,-121.953369140625,"SANTA CRUZ",UNINCORPORATED,-121.95337677001953,36.983627319335938
91992551,2023,2023-02-13,9720,2023-02-05,"810 ",019956,,7,1,9,4400,0,1,3,,1,017,"SR-17 S/B","SUMMIT RD",528.00,S,N,B,C,Y,SCL,,17," "," ",0.018,H,,L,Y,4,0,1,2,A,-,03,22350,,N,E,I,A,B,H,-,A,D,0,,,,,Y,,A,01,0,0,1,0,0,0,0,0,0,"- ","- ",37.144321441650391,-121.98471832275391,"SANTA CRUZ",UNINCORPORATED,-121.98472595214844,37.144321441650391
91993403,2023,2023-02-13,9720,2023-02-10,1555,022140,,5,2,9,4400,0,2,4,,1,021,"SOQUEL DR","SPRECKLES DR",500.00,W,N,A,-,N,,,,,,,,,,Y,4,0,3,3,A,-,03,22350,,N,C,C,A,A,H,-,A,D,0,,,,,Y,,A,01,0,0,3,0,0,0,0,0,0,"- ","- ",36.977508544921875,-121.90628051757812,"SANTA CRUZ",UNINCORPORATED,-121.90567016601562,36.977001190185547
91994186,2023,2023-02-14,9720,2023-02-06,2335,022976,,1,3,9,4400,0,1,3,,1,010,"SR-1 N/B","SWANTON ROAD",2640.00,N,N,A,-,Y,SCR,,1," "," ",30.987,H,,R,N,4,0,1,1,C,-,18,,,N,E,I,A,A,H,-,D,D,0,,,,,Y,,-,"- ",0,0,1,0,0,0,0,0,0,"- ","- ",37.033489227294922,-122.22402191162109,"SANTA CRUZ",UNINCORPORATED,-122.22411346435547,37.033405303955078
91995075,2023,2023-02-15,9720,2023-02-04,"915 ",023110,,6,1,9,4400,0,3,5,,2,300,"PIONEER RD","GREEN VALLEY",150.00,W,N,A,-,N,,,,,,,,,,Y,3,0,1,1,A,-,03,22350,,N,E,I,A,B,H,-,A,D,0,,,,,Y,,A,01,0,1,0,0,0,0,0,0,0,"- ","- ",36.971088409423828,-121.77255249023438,"SANTA CRUZ",UNINCORPORATED,-121.77245330810547,36.97119140625
91995161,2023,2023-02-15,9720,2023-02-05,1645,023103,,7,2,9,4400,0,2,4,,1,016,"GRAHAM HILL ROAD","DEER PATH ROAD",0.00,,Y,A,-,N,,,,,,,,,,Y,3,0,1,1,A,-,01,23152,A,N,E,I,A,B,H,-,A,D,0,,,,,Y,Y,A,01,0,1,0,0,0,0,0,0,0,"- ","- ",37.006698608398438,-122.03412628173828,"SANTA CRUZ",UNINCORPORATED,-122.03410339355469,37.006622314453125
91999145,2023,2023-02-21,9720,2023-02-14,"647 ",023180,,2,1,9,4400,0,1,3,,2,020,"N/B SR-1","STATE PARD DR",700.00,S,N,A,-,Y,SCR,,1," "," ",10.251,H,,R,N,3,0,1,2,A,-,03,22350,,N,C,C,A,A,H,-,A,D,0,,,,,Y,,A,01,0,1,0,0,0,0,0,0,0,"- ","- ",36.975849151611328,-121.90596008300781,"SANTA CRUZ",UNINCORPORATED,-121.90596008300781,36.975852966308594
91999784,2023,2023-02-22,9720,2023-02-19,1503,022458,,7,2,9,4400,0,1,3,,1,017,"SR-17 N/B","SUGARLOAF ROAD",250.00,S,N,A,-,Y,SCR,,17," "," ",8.653,H,,R,Y,3,0,1,1,A,-,03,22350,,N,F,A,A,A,H,-,A,D,0,,,Y,,Y,,C,02,0,1,0,0,0,0,0,0,1,"- ","- ",37.094478607177734,-121.97724914550781,"SANTA CRUZ",UNINCORPORATED,-121.97727203369141,37.094490051269531
92001059,2023,2023-02-23,9720,2023-02-22,1640,021540,,3,2,9,4400,0,1,3,,2,020,"S/B SR-1","41ST AVE",300.00,N,N,A,-,Y,SCR,,1," "," ",13.760,H,,R,N,4,0,1,2,A,-,03,22350,,N,C,C,A,A,H,-,A,D,0,,,,,Y,,D,22,0,0,1,0,0,0,0,0,0,"- ","- ",36.982791900634766,-121.96694946289062,"SANTA CRUZ",UNINCORPORATED,-121.96693420410156,36.982978820800781
92001075,2023,2023-02-23,9720,2023-02-22,1833,021540,,3,2,9,4400,0,2,4,,1,023,"41ST AVE","GLADYS AVE",100.00,N,N,A,-,N,,,,,,,,,,Y,4,0,2,2,A,-,09,21801,A,N,A,C,A,A,H,-,C,D,0,,,,,Y,,A,01,0,0,2,0,0,0,0,0,0,"- ","- ",36.966690063476562,-121.96488952636719,"SANTA CRUZ",UNINCORPORATED,-121.96492004394531,36.966663360595703
92003950,2023,2023-02-27,9720,2023-01-28,1053,021548,,6,1,9,4400,0,1,3,,1,017,"SR-17 NB","PASATIEMPO DR. OVERCROSSING",3696.00,N,N,A,-,Y,SCR,,17," "," ",1.427,H,,R,Y,3,0,3,2,A,-,01,23152,A,F,D,C,A,A,H,-,A,D,0,,,,,Y,Y,A,01,0,2,1,0,0,0,0,0,0,"- ","- ",37.009029388427734,-122.02172088623047,"SANTA CRUZ",UNINCORPORATED,-122.021728515625,37.009029388427734
92005156,2023,2023-02-28,9720,2023-02-18,2100,021717,,6,2,9,4400,0,3,5,,2,300,"PAULSEN RD","DIAS LN.",2640.00,W,N,A,-,N,,,,,,,,,,Y,2,0,4,2,A,-,01,23152,A,N,A,2,A,A,H,-,D,D,0,,,,,Y,Y,A,01,2,2,0,0,0,0,0,0,0,"- ","- ",36.955478668212891,-121.75581359863281,"SANTA CRUZ",UNINCORPORATED,,
92009916,2023,2023-03-06,9720,2023-02-23,1850,023186,,4,2,9,4400,0,1,3,,1,017,"S/B SR-17","MT. HERMON RD",740.00,N,N,A,-,Y,SCR,,17," "," ",3.584,H,,R,Y,3,0,1,1,A,-,03,22350,,N,E,I,A,B,H,-,C,D,0,,,,,Y,,A,01,0,1,0,0,0,0,0,0,0,"- ","- ",37.036918640136719,-122.01907348632812,"SANTA CRUZ",UNINCORPORATED,-122.01898193359375,37.036846160888672
92009936,2023,2023-03-06,9720,2023-02-24,1200,021304,,5,1,9,4400,0,3,5,,2,200,"S. MAIN ST","PORTER ST",180.00,N,N,A,-,N,,,,,,,,,,Y,4,0,1,2,A,-,09,21804,A,N,B,C,A,A,H,-,A,D,0,,,,,Y,,A,07,0,0,1,0,0,0,0,0,0,"- ","- ",36.98419189453125,-121.95645141601562,"SANTA CRUZ",UNINCORPORATED,-121.95720672607422,36.984161376953125
92011926,2023,2023-03-07,9720,2023-02-27,1911,022458,,1,2,9,4400,0,1,3,,1,017,"SR-17 N/B","MT. HERMON ROAD",1056.00,S,N,B,-,Y,SCR,,17," "," ",2.935,H,,R,Y,2,0,1,1,A,-,03,22350,,N,E,8,A,B,H,-,D,D,0,,,,,Y,,A,01,1,0,0,0,0,0,0,0,0,"- ","- ",37.028759002685547,-122.02332305908203,"SANTA CRUZ",UNINCORPORATED,-122.02338409423828,37.028789520263672
92012019,2023,2023-03-07,9720,2023-02-24,"555 ",021714,,5,3,9,4400,0,2,4,,1,016,"GRAHAM HILL RD","LOCKEWOOD LN",528.00,W,N,B,C,N,,,,,,,,,,Y,3,0,1,1,A,-,03,22350,,N,E,I,A,C,H,-,D,D,0,,,,,Y,,D,22,0,1,0,0,0,0,0,0,0,"- ","- ",37.038120269775391,-122.04309844970703,"SANTA CRUZ",UNINCORPORATED,-122.04315948486328,37.03814697265625
92012998,2023,2023-03-08,9720,2023-02-25,2238,022399,,6,3,9,4400,0,1,3,,2,020,"NB SR-1","SOQUEL DRIVE",3696.00,S,N,A,-,Y,SCR,,1," "," ",14.159,H,,R,Y,3,0,1,1,A,-,01,23152,A,N,E,I,A,A,H,-,D,D,0,,,,,Y,Y,A,01,0,1,0,0,0,0,0,0,0,"- ","- ",36.984058380126953,-121.97403717041016,"SANTA CRUZ",UNINCORPORATED,-121.97400665283203,36.984149932861328
92013032,2023,2023-03-08,9720,2023-01-20,2120,022044,,5,2,9,4400,0,1,3,,2,030,"CARLTON RD.","PECKHAM RD.",50.00,S,N,A,-,N,,,,,,,,,,N,3,0,1,2,A,-,11,21954,A,N,G,B,E,A,H,-,D,D,0,Y,,,,Y,,N,60,0,1,0,0,1,0,0,0,0,"- ","- ",36.944129943847656,-121.714599609375,"SANTA CRUZ",UNINCORPORATED,-121.71453094482422,36.944087982177734
92014043,2023,2023-03-09,9720,2023-02-26,2027,019956,,7,2,9,4400,0,1,3,,1,017,"SR-17 N/B","EL RANCHO DR",150.00,S,N,B,C,Y,SCR,,17," "," ",2.146,H,,R,Y,2,0,1,1,A,-,01,23152,A,N,E,I,A,B,H,-,C,D,0,,,,,Y,Y,A,01,1,0,0,0,0,0,0,0,0,"- ","- ",37.018489837646484,-122.02770233154297,"SANTA CRUZ",UNINCORPORATED,-122.02763366699219,37.018497467041016
92014113,2023,2023-03-09,9720,2023-02-28,1445,023180,,2,2,9,4400,0,2,4,,1,022,"SOQUEL SAN JOSE RD","LITTLE CREEK RD",600.00,S,N,B,-,N,,,,,,,,,,Y,3,0,1,1,A,-,08,22107,,N,E,I,A,B,H,-,A,D,0,,,,,Y,,A,01,0,1,0,0,0,0,0,0,0,"- ","- ",37.001808166503906,-121.95503997802734,"SANTA CRUZ",UNINCORPORATED,-121.95503234863281,37.001865386962891
92015895,2023,2023-03-13,9720,2023-02-28,1220,015699,,2,1,9,4400,0,2,4,,1,031,"FREEDOM BLVD","LA VIDA DR.",1056.00,N,N,B,C,N,,,,,,,,,,Y,4,0,1,1,A,-,08,22107,,N,E,I,A,B,H,-,A,D,0,,,,,Y,,A,07,0,0,1,0,0,0,0,0,0,"- ","- ",36.982578277587891,-121.82975769042969,"SANTA CRUZ",UNINCORPORATED,-121.82986450195312,36.982711791992188
92018401,2023,2023-03-15,9720,2023-03-05,"749 ",021304,,7,1,9,4400,0,1,3,,1,035,SR-129,"LEE ROAD",1056.00,E,N,C,-,Y,SCR,,129," ",L,0.051,H,,R,Y,2,0,2,2,A,-,05,21460,A,N,A,C,A,B,H,-,A,D,0,,,,,Y,,A,01,1,1,0,0,0,0,0,0,0,"- ","- ",36.894630432128906,-121.77333068847656,"SANTA CRUZ",UNINCORPORATED,-121.7733154296875,36.894603729248047
92018408,2023,2023-03-15,9720,2023-03-10,1545,023026,,5,2,9,4400,0,1,3,,1,017,"SR-17 S/B","MT. HERMON RD",200.00,N,N,C,-,Y,SCR,,17," "," ",3.614,H,,L,Y,4,0,1,2,A,-,08,22107,,N,B,C,A,B,H,-,A,D,0,,,,,Y,,A,07,0,0,1,0,0,0,0,0,0,"- ","- ",37.037220001220703,-122.01860809326172,"SANTA CRUZ",UNINCORPORATED,-122.01866912841797,37.037254333496094