CASE_ID,ACCIDENT_YEAR,PROC_DATE,JURIS,COLLISION_DATE,COLLISION_TIME,OFFICER_ID,REPORTING_DISTRICT,DAY_OF_WEEK,CHP_SHIFT,POPULATION,CNTY_CITY_LOC,SPECIAL_COND,BEAT_TYPE,CHP_BEAT_TYPE,CITY_DIVISION_LAPD,CHP_BEAT_CLASS,BEAT_NUMBER,PRIMARY_RD,SECONDARY_RD,DISTANCE,DIRECTION,INTERSECTION,WEATHER_1,WEATHER_2,STATE_HWY_IND,CALTRANS_COUNTY,CALTRANS_DISTRICT,STATE_ROUTE,ROUTE_SUFFIX,POSTMILE_PREFIX,POSTMILE,LOCATION_TYPE,RAMP_INTERSECTION,SIDE_OF_HWY,TOW_AWAY,COLLISION_SEVERITY,NUMBER_KILLED,NUMBER_INJURED,PARTY_COUNT,PRIMARY_COLL_FACTOR,PCF_CODE_OF_VIOL,PCF_VIOL_CATEGORY,PCF_VIOLATION,PCF_VIOL_SUBSECTION,HIT_AND_RUN,TYPE_OF_COLLISION,MVIW,PED_ACTION,ROAD_SURFACE,ROAD_COND_1,ROAD_COND_2,LIGHTING,CONTROL_DEVICE,CHP_ROAD_TYPE,PEDESTRIAN_ACCIDENT,BICYCLE_ACCIDENT,MOTORCYCLE_ACCIDENT,TRUCK_ACCIDENT,NOT_PRIVATE_PROPERTY,ALCOHOL_INVOLVED,STWD_VEHTYPE_AT_FAULT,CHP_VEHTYPE_AT_FAULT,COUNT_SEVERE_INJ,COUNT_VISIBLE_INJ,COUNT_COMPLAINT_PAIN,COUNT_PED_KILLED,COUNT_PED_INJURED,COUNT_BICYCLIST_KILLED,COUNT_BICYCLIST_INJURED,COUNT_MC_KILLED,COUNT_MC_INJURED,PRIMARY_RAMP,SECONDARY_RAMP,LATITUDE,LONGITUDE,COUNTY,CITY,POINT_X,POINT_Y
92018433,2023,2023-03-15,9720,2023-02-21,1209,015170,,2,1,9,4400,0,1,3,,1,017,SR-17,"GLENWOOD DR",528.00,S,N,A,G,Y,SCR,,17," "," ",10.450,H,,R,Y,3,0,1,1,A,-,08,22107,,N,E,I,A,A,H,-,A,D,0,,,,,Y,,A,01,0,1,0,0,0,0,0,0,0,"- ","- ",37.117378234863281,-121.97543334960938,"SANTA CRUZ",UNINCORPORATED,-121.97533416748047,37.117336273193359
92019506,2023,2023-03-16,9720,2023-03-11,1400,023110,,6,2,9,4400,0,2,4,,1,032,"HOLOHAN ROAD","GRIMMER ROAD",518.00,W,N,A,-,Y,,,,,,,,,,Y,3,0,1,1,A,-,03,22350,,N,E,I,A,B,H,-,A,D,0,,,,,Y,,A,07,0,1,0,0,0,0,0,0,0,"- ","- ",36.938808441162109,-121.760009765625,"SANTA CRUZ",UNINCORPORATED,-121.75746154785156,36.939132690429688
92022140,2023,2023-03-20,9720,2023-03-08,1000,020977,,3,1,9,4400,0,2,4,,1,021,"SOQUEL DRIVE","THURBER LANE",150.00,N,N,A,-,N,,,,,,,,,,N,4,0,1,2,A,-,08,22107,,N,D,G,A,B,H,-,A,D,0,,Y,,,Y,,A,01,0,0,1,0,0,0,1,0,0,"- ","- ",36.988971710205078,-121.97972869873047,"SANTA CRUZ",UNINCORPORATED,-121.97966766357422,36.988887786865234
92028861,2023,2023-03-27,9720,2023-03-18,1000,023245,,6,1,9,4400,0,3,5,,2,200,"SANTA MARGUARITA DR","CLUBHOUSE DR",210.00,N,N,A,-,N,,,,,,,,,,Y,3,0,1,1,A,-,08,22107,,N,E,8,A,A,H,-,A,D,0,,,,,Y,,A,01,0,1,0,0,0,0,0,0,0,"- ","- ",36.966011047363281,-121.88169860839844,"SANTA CRUZ",UNINCORPORATED,-121.88175201416016,36.965946197509766
92030339,2023,2023-03-28,9720,2023-03-17,"645 ",023214,,5,1,9,4400,0,1,S,,2,900,"SR-1 N/B","RIO DEL MAR BLVD.",320.00,S,N,A,-,Y,SCR,,1," "," ",9.086,H,,R,Y,3,0,1,2,A,-,03,22350,,N,C,C,A,A,H,-,A,D,0,,,,,Y,,A,01,0,1,0,0,0,0,0,0,0,"- ","- ",36.974758148193359,-121.88510894775391,"SANTA CRUZ",UNINCORPORATED,-121.88510131835938,36.974784851074219
92035693,2023,2023-04-03,9720,2023-03-23,1530,021248,,4,2,9,4400,0,1,3,,1,015,"NEWELL CREEK RD","RANCHO RIO AVE",125.00,N,N,B,-,N,,,,,,,,,,N,3,0,3,1,A,-,08,22107,,N,E,8,A,A,H,-,A,D,0,,,,,Y,,D,22,0,1,2,0,0,0,0,0,0,"- ","- ",37.08837890625,-122.07795715332031,"SANTA CRUZ",UNINCORPORATED,-122.07802581787109,37.088359832763672
92036673,2023,2023-04-04,9720,2023-03-25,1810,022140,,6,2,9,4400,0,3,5,,2,300,"SAN ANDREAS RD","ESTRELLA AVE",85.00,N,N,A,-,N,,,,,,,,,,Y,2,0,2,1,A,-,08,22107,,N,E,I,A,A,H,-,A,D,0,,,,,Y,,D,22,2,0,0,0,0,0,0,0,0,"- ","- ",36.935070037841797,-121.85984039306641,"SANTA CRUZ",UNINCORPORATED,-121.85973358154297,36.935081481933594
92037638,2023,2023-04-05,9720,2023-03-23,2300,023026,,4,3,9,4400,0,1,3,,1,014,"SR-9 S/B","STAPP RD",100.00,N,N,B,-,Y,SCR,,9," "," ",17.848,H,,L,Y,3,0,1,1,A,-,01,23152,A,N,E,J,A,B,H,-,D,D,0,,,,,Y,Y,D,22,0,1,0,0,0,0,0,0,0,"- ","- ",37.189170837402344,-122.14369201660156,"SANTA CRUZ",UNINCORPORATED,-122.14369964599609,37.189163208007812
92039909,2023,2023-04-07,9720,2023-03-27,1601,023103,,1,2,9,4400,0,3,5,,2,300,"CALABASAS ROAD","BOWKER ROAD",0.00,,Y,A,-,N,,,,,,,,,,Y,4,0,1,2,A,-,12,22450,A,N,D,C,A,A,H,-,A,A,0,,,,,Y,,A,07,0,0,1,0,0,0,0,0,0,"- ","- ",36.942169189453125,-121.79046630859375,"SANTA CRUZ",UNINCORPORATED,-121.79041290283203,36.942184448242188
92039914,2023,2023-04-07,9720,2023-03-25,1749,023166,,6,2,9,4400,0,3,5,,2,300,"CELIA DR.","GREEN VALLEY RD.",17.00,W,N,A,-,N,,,,,,,,,,Y,2,0,3,2,D,-,00,,,F,C,C,A,A,H,-,A,A,0,,,,,Y,,-,"- ",2,1,0,0,0,0,0,0,0,"- ","- ",36.953891754150391,-121.76481628417969,"SANTA CRUZ",UNINCORPORATED,-121.76492309570312,36.953838348388672
92040171,2023,2023-04-10,9720,2023-03-29,1450,021717,,3,2,9,4400,0,2,4,,1,024,"EAST CLIFF DR","PROSPECT ST",528.00,W,N,B,-,N,,,,,,,,,,Y,3,0,1,1,A,-,08,22107,,N,E,8,A,A,H,-,A,D,0,,,,,Y,,A,07,0,1,0,0,0,0,0,0,0,"- ","- ",36.961868286132812,-121.99597930908203,"SANTA CRUZ",UNINCORPORATED,-121.99590301513672,36.962051391601562
92040173,2023,2023-04-10,9720,2023-04-08,1150,022293,,6,1,9,4400,0,1,3,,1,015,SR-9,"EXIT RD",3960.00,N,N,A,-,Y,SCR,,9," "," ",2.044,H,,R,Y,3,0,1,1,C,-,18,,,N,E,J,A,A,H,-,A,D,0,,,,,Y,,-,"- ",0,1,0,0,0,0,0,0,0,"- ","- ",37.007419586181641,-122.04515838623047,"SANTA CRUZ",UNINCORPORATED,-122.04515075683594,37.007427215576172
92040180,2023,2023-04-10,9720,2023-03-30,1520,021717,,4,2,9,4400,0,2,4,,1,022,"SOQUEL SAN JOSE RD.","ONEIL LN",387.00,S,N,A,-,N,,,,,,,,,,N,4,0,3,2,A,-,04,21703,,N,C,C,A,A,H,-,A,D,0,,,,,Y,,A,01,0,0,3,0,0,0,0,0,0,"- ","- ",36.991710662841797,-121.95729064941406,"SANTA CRUZ",UNINCORPORATED,-121.95726013183594,36.991748809814453
92041735,2023,2023-04-11,9720,2023-03-29,1115,020562,,3,1,9,4400,0,1,3,,1,017,"SR-17 S/B","LA MADRONA DR",132.00,S,N,B,-,Y,SCR,,17," "," ",2.150,H,,L,N,3,0,1,1,A,-,03,22350,,N,E,I,A,B,H,-,A,D,0,,,,,Y,,A,01,0,1,0,0,0,0,0,0,0,"- ","- ",37.018539428710938,-122.02810668945312,"SANTA CRUZ",UNINCORPORATED,-122.02799987792969,37.018539428710938
92041849,2023,2023-04-11,9720,2023-03-31,1915,023146,,5,2,9,4400,0,2,4,,1,023,"41ST AVE","SOQUEL DR",550.00,S,N,A,-,N,,,,,,,,,,Y,4,0,1,2,A,-,09,21801,A,N,A,C,A,A,H,-,A,D,0,,,,,Y,,A,07,0,0,1,0,0,0,0,0,0,"- ","- ",36.985858917236328,-121.96488952636719,"SANTA CRUZ",UNINCORPORATED,-121.96494293212891,36.985889434814453
92044932,2023,2023-04-14,9720,2023-03-23,1055,015699,,4,1,9,4400,0,3,5,,2,300,"CORRALITOS RD","SKYLARK LN",1056.00,N,N,B,-,N,,,,,,,,,,N,3,0,1,1,A,-,08,22107,,N,E,I,A,A,H,-,A,D,0,,,,,Y,,D,22,0,1,0,0,0,0,0,0,0,"- ","- ",36.979610443115234,-121.80612182617188,"SANTA CRUZ",UNINCORPORATED,-121.80603790283203,36.979774475097656
92045136,2023,2023-04-14,9720,2023-04-04,2206,023186,,2,3,9,4400,0,1,3,,1,034,SR-152,"RED HAWK PLACE",1584.00,E,N,A,-,Y,SCR,,152," "," ",5.624,H,,R,Y,3,0,1,1,A,-,01,23152,A,N,E,8,A,A,H,-,D,D,0,,,,,Y,Y,D,22,0,1,0,0,0,0,0,0,0,"- ","- ",36.975658416748047,-121.71485137939453,"SANTA CRUZ",UNINCORPORATED,-121.71487426757812,36.975643157958984
92047654,2023,2023-04-18,9720,2023-04-06,1525,023245,,4,2,9,4400,0,1,3,,1,034,SR-152,"FALLOWFIELD LANE",1584.00,E,N,B,-,Y,SCR,,152," "," ",4.373,H,,R,Y,3,0,1,1,A,-,08,22107,,N,F,A,A,A,H,-,A,D,0,,,,,Y,,A,01,0,1,0,0,0,0,0,0,0,"- ","- ",36.964069366455078,-121.72090911865234,"SANTA CRUZ",UNINCORPORATED,-121.72101593017578,36.964088439941406
92048785,2023,2023-04-19,9720,2023-04-09,"14  ",022545,,7,3,9,4400,0,1,3,,2,020,"SR-1 N/B TO STATE PARK DR","STATE PARD DR",528.00,S,N,A,-,Y,,,,,,,,,,Y,3,0,1,1,A,-,01,23152,A,N,E,I,A,A,H,-,D,D,0,,,,,Y,Y,-,"- ",0,1,0,0,0,0,0,0,0,"- ","- ",36.977508544921875,-121.90863037109375,"SANTA CRUZ",UNINCORPORATED,-121.90863037109375,36.977508544921875
92049746,2023,2023-04-20,9720,2023-04-10,1035,015699,,1,1,9,4400,0,1,3,,2,030,"STATE HIGHWAY 1 (SOUTHBOUND)","BEACH ST",150.00,S,N,A,-,Y,SCR,,1," ",R,0.989,H,,R,Y,4,0,1,2,A,-,03,22350,,N,C,C,A,A,D,-,A,A,0,,,,,Y,,A,01,0,0,1,0,0,0,0,0,0,"- ","- ",36.897811889648438,-121.77638244628906,"SANTA CRUZ",UNINCORPORATED,-121.77617645263672,36.897891998291016
92049895,2023,2023-04-20,9720,2023-04-10,"245 ",022879,,1,3,9,4400,0,1,3,,1,017,"SR-17 N/B","LAUREL RD.",845.00,N,N,A,-,Y,SCR,,17," "," ",9.602,H,,R,N,3,0,1,1,A,-,01,23152,F,N,E,I,A,A,H,-,D,D,0,,,,,Y,,A,01,0,1,0,0,0,0,0,0,0,"- ","- ",37.106410980224609,-121.97566223144531,"SANTA CRUZ",UNINCORPORATED,-121.97565460205078,37.106410980224609
92050441,2023,2023-05-24,9720,2023-04-11,2245,023110,,2,3,9,4400,0,1,3,,2,030,"SR-1 N/B","MAR MONTE",7920.00,S,N,A,-,Y,SCR,,1," ",R,5.306,H,,R,Y,3,0,2,2,A,-,03,22350,,N,C,C,A,A,H,-,D,D,0,,,,,Y,,A,01,0,2,0,0,0,0,0,0,0,"- ","- ",36.938091278076172,-121.83110046386719,"SANTA CRUZ",UNINCORPORATED,-121.83108520507812,36.938125610351562
92050792,2023,2023-04-21,9720,2023-04-13,"938 ",020977,,4,1,9,4400,0,1,3,,2,020,"SR-1 N/B","SPRECKELS DRIVE",1584.00,S,N,A,-,Y,SCR,,1," "," ",9.725,H,,R,Y,4,0,1,4,A,-,03,22350,,N,C,C,A,A,H,-,A,D,0,,,,,Y,,D,22,0,0,1,0,0,0,0,0,0,"- ","- ",36.975109100341797,-121.89668273925781,"SANTA CRUZ",UNINCORPORATED,-121.89667510986328,36.975059509277344
92051889,2023,2023-04-24,9720,2023-04-12,1240,021211,,3,1,9,4400,0,1,3,,1,014,SR-9,"ROMONA DR.",150.00,S,N,A,-,Y,SCR,,9," "," ",17.503,H,,R,Y,3,0,1,1,A,-,08,22107,,N,E,8,A,A,H,-,A,D,0,,,,,Y,,A,01,0,1,0,0,0,0,0,0,0,"- ","- ",37.185081481933594,-122.14158630371094,"SANTA CRUZ",UNINCORPORATED,-122.14145660400391,37.185138702392578
92051911,2023,2023-04-24,9720,2023-03-28,1330,015699,,2,1,9,4400,0,2,4,,1,024,"BROMMER ST","LIVE OAK AVE",40.00,E,N,B,-,N,,,,,,,,,,N,3,0,2,3,A,-,03,22350,,N,C,C,A,B,H,-,A,D,0,,,,,Y,,A,07,0,1,1,0,0,0,0,0,0,"- ","- ",36.972049713134766,-121.99127960205078,"SANTA CRUZ",UNINCORPORATED,-121.99136352539062,36.972049713134766
92052125,2023,2023-04-24,9720,2023-04-13,1250,020977,,4,1,9,4400,0,2,4,,1,021,"SOQUEL DRIVE","STATE PARK DRIVE",40.00,S,N,A,-,N,,,,,,,,,,Y,3,0,1,3,A,-,03,22350,,N,C,C,A,A,H,-,A,A,0,,,,,Y,,A,01,0,1,0,0,0,0,0,0,0,"- ","- ",36.979690551757812,-121.90815734863281,"SANTA CRUZ",UNINCORPORATED,-121.90836334228516,36.979766845703125
92053229,2023,2023-04-26,9720,2023-04-16,1920,022458,,7,2,9,4400,0,1,3,,2,020,"SR-1 N/B","STATE PARK DRIVE",80.00,N,N,A,-,Y,SCR,,1," "," ",10.559,H,,R,Y,4,0,1,2,A,-,03,22350,,N,C,C,A,A,H,-,B,D,0,,,,,Y,,A,01,0,0,1,0,0,0,0,0,0,"- ","- ",36.978279113769531,-121.91069030761719,"SANTA CRUZ",UNINCORPORATED,-121.91070556640625,36.978260040283203
92053773,2023,2023-04-26,9720,2023-04-15,"742 ",021714,,6,1,9,4400,0,3,5,,2,100,"EMPIRE GRADE RD","ICE CREAM GRD",528.00,W,N,A,-,N,,,,,,,,,,Y,3,0,1,1,A,-,08,22107,,N,E,8,A,A,H,-,A,D,0,,,,,Y,,-,"- ",0,1,0,0,0,0,0,0,0,"- ","- ",37.059131622314453,-122.12438201904297,"SANTA CRUZ",UNINCORPORATED,,
92055066,2023,2023-04-27,9720,2023-04-16,1335,020977,,7,1,9,4400,0,3,5,,2,300,"CORRALITOS RD","VARNI RD",0.00,,Y,A,-,N,,,,,,,,,,Y,4,0,1,2,A,-,09,21802,A,N,D,C,A,A,H,-,A,A,0,,,,,Y,,A,01,0,0,1,0,0,0,0,0,0,"- ","- ",36.967151641845703,-121.80725860595703,"SANTA CRUZ",UNINCORPORATED,-121.80734252929688,36.966949462890625
92055082,2023,2023-04-27,9720,2023-03-30,1210,015699,,4,1,9,4400,0,2,4,,1,031,"FREEDOM BLVD","DAY VALLEY RD.",200.00,N,N,B,-,N,,,,,,,,,,Y,4,0,3,2,A,-,03,22350,,N,C,C,A,A,H,-,A,D,0,,,,,Y,,A,01,0,0,3,0,0,0,0,0,0,"- ","- ",36.987808227539062,-121.83859252929688,"SANTA CRUZ",UNINCORPORATED,-121.83831024169922,36.987808227539062
92057369,2023,2023-05-01,9720,2023-04-19,1602,022907,,3,2,9,4400,0,1,3,,2,020,"SR-1 S/B","MORRISSEY BLVD",1584.00,N,N,A,-,Y,SCR,,1," "," ",16.278,H,,L,Y,4,0,1,2,A,-,03,22350,,N,C,C,A,A,H,-,A,D,0,,,,,Y,,A,07,0,0,1,0,0,0,0,0,0,"- ","- ",36.988418579101562,-122.01161956787109,"SANTA CRUZ",UNINCORPORATED,-122.01161193847656,36.988502502441406
92061084,2023,2023-05-04,9720,2023-04-21,1735,022907,,5,2,9,4400,0,1,3,,1,017,"SR-17 N/B","VINE HILL RD",68.00,N,N,A,-,Y,SCR,,17," "," ",7.683,H,,R,Y,3,0,2,2,A,-,09,21802,A,N,C,C,A,A,H,-,A,D,0,,,,,Y,,A,08,0,1,1,0,0,0,0,0,0,"- ","- ",37.079109191894531,-121.97917938232422,"SANTA CRUZ",UNINCORPORATED,-121.97923278808594,37.079151153564453
92061180,2023,2023-05-04,9720,2023-04-23,1957,022458,,7,2,9,4400,0,2,4,,1,022,"SOQUEL SAN JOSE ROAD","AMAYA RIDGE ROAD",792.00,S,N,A,-,N,,,,,,,,,,Y,3,0,1,1,A,-,08,22107,,N,F,A,A,A,H,-,D,D,0,,,,,Y,,A,01,0,1,0,0,0,0,0,0,0,"- ","- ",37.069900512695312,-121.93868255615234,"SANTA CRUZ",UNINCORPORATED,-121.93863677978516,37.069198608398438
92063164,2023,2023-05-08,9720,2023-04-15,2325,022976,,6,3,9,4400,0,1,3,,1,015,SR-9,"OLD BIG TREES ROAD",5280.00,S,N,A,-,Y,SCR,,9," "," ",3.863,H,,R,N,4,0,1,1,A,-,01,23152,A,M,E,8,A,A,H,-,D,D,0,,,,,Y,Y,A,01,0,0,1,0,0,0,0,0,0,"- ","- ",37.024021148681641,-122.06076812744141,"SANTA CRUZ",UNINCORPORATED,-122.06074523925781,37.023994445800781
92063168,2023,2023-05-08,9720,2023-04-26,2013,022879,,3,2,9,4400,0,2,4,,1,021,"SOQUEL DR.","COMMERCIAL CROSSING",154.00,E,N,A,-,N,,,,,,,,,,N,3,0,1,1,C,-,18,,,N,F,A,A,A,H,-,C,D,0,,Y,,,Y,,-,"- ",0,1,0,0,0,0,1,0,0,"- ","- ",36.988780975341797,-121.98235321044922,"SANTA CRUZ",UNINCORPORATED,-121.98243713378906,36.988826751708984
92064222,2023,2023-05-08,9720,2023-04-27,1445,022044,,4,2,9,4400,0,1,3,,1,013,SR-35,"UPPER ZAYANTE RD.",1214.00,S,N,A,-,Y,SCR,,35," "," ",2.385,H,,R,Y,4,0,1,2,A,-,05,21650,,N,A,C,A,A,H,-,A,D,0,,,,,Y,,A,07,0,0,1,0,0,0,0,0,0,"- ","- ",37.160678863525391,-122.01109313964844,"SANTA CRUZ",UNINCORPORATED,-122.01095581054688,37.160877227783203
92065797,2023,2023-06-21,9720,2023-04-27,2114,021304,,4,2,9,4400,0,1,3,,1,035,SR-129,"CARLTON RD",0.00,,Y,A,-,Y,SCR,,129," "," ",3.268,H,,R,Y,3,0,6,2,A,-,09,21802,A,N,D,C,A,A,H,-,D,A,0,,,,,Y,,A,07,0,1,5,0,0,0,0,0,0,"- ","- ",36.924388885498047,-121.69921112060547,"SANTA CRUZ",UNINCORPORATED,-121.69921112060547,36.924308776855469
92065799,2023,2023-05-10,9720,2023-04-24,1140,020562,,1,1,9,4400,0,1,3,,2,020,SR-1,BAY/PORTER,1250.00,S,N,A,-,Y,SCR,,1," "," ",12.968,H,,R,N,3,0,1,3,A,-,07,21658,A,N,B,C,A,A,H,-,A,D,0,,,Y,,Y,,C,02,0,1,0,0,0,0,0,0,1,"- ","- ",36.983669281005859,-121.95278930664062,"SANTA CRUZ",UNINCORPORATED,-121.95278930664062,36.983676910400391
92066544,2023,2023-05-11,9720,2023-04-29,2123,023245,,6,2,9,4400,0,3,5,,2,100,"E. ZAYANTE ROAD","OLYMPIA STATION ROAD",2270.00,S,N,A,-,N,,,,,,,,,,Y,4,0,1,5,A,-,01,23152,A,M,D,E,A,A,H,-,C,D,0,,,,,Y,Y,D,22,0,0,1,0,0,0,0,0,0,"- ","- ",37.067619323730469,-122.05721282958984,"SANTA CRUZ",UNINCORPORATED,-122.05720520019531,37.067863464355469
92066552,2023,2023-05-11,9720,2023-04-29,2125,023245,,6,2,9,4400,0,3,5,,2,100,"EAST ZAYANTE ROAD","VALLEY VIEW AVE",300.00,S,N,A,-,N,,,,,,,,,,Y,4,0,1,1,A,-,01,23152,A,N,E,8,A,A,H,-,D,D,0,,,,,Y,Y,D,22,0,0,1,0,0,0,0,0,0,"- ","- ",37.085151672363281,-122.048828125,"SANTA CRUZ",UNINCORPORATED,-122.04882049560547,37.085155487060547
92066804,2023,2023-05-11,9720,2023-05-02,1540,022901,,2,2,9,4400,0,2,4,,1,022,"SOQUEL SAN JOSE ROAD","OLSON ROAD",3062.00,N,N,B,-,N,,,,,,,,,,Y,3,0,1,1,A,-,01,23152,A,N,E,I,A,A,H,-,A,D,0,,,,,Y,Y,A,01,0,1,0,0,0,0,0,0,0,"- ","- ",37.065170288085938,-121.94091796875,"SANTA CRUZ",UNINCORPORATED,-121.94081878662109,37.065166473388672
92066887,2023,2023-05-11,9720,2023-04-28,"530 ",022976,,5,3,9,4400,0,1,3,,1,014,SR-9,"OLD MILL RD",0.38,S,N,A,-,Y,SCR,,9," "," ",20.308,H,,R,Y,4,0,1,1,A,-,03,22350,,N,E,I,A,A,H,-,A,D,0,,,,,Y,,D,22,0,0,1,0,0,0,0,0,0,"- ","- ",37.210849761962891,-122.14888763427734,"SANTA CRUZ",UNINCORPORATED,-122.14896392822266,37.210929870605469
92067056,2023,2023-05-11,9720,2023-05-03,"615 ",023214,,3,1,9,4400,0,3,5,,2,300,"PIONEER RD.","AMESTI RD.",528.00,E,N,C,-,N,,,,,,,,,,Y,4,0,1,1,A,-,08,22107,,N,E,8,A,B,H,-,A,D,0,,,,,Y,,A,07,0,0,1,0,0,0,0,0,0,"- ","- ",36.971218109130859,-121.79258728027344,"SANTA CRUZ",UNINCORPORATED,-121.79340362548828,36.971218109130859
92067207,2023,2023-05-12,9720,2023-05-01,"255 ",020977,,1,3,9,4400,0,1,3,,2,030,"RT 1","SR-152 (MAIN STREET)",322.00,S,N,A,-,Y,SCR,,1," ",R,2.760,H,,R,Y,3,0,1,1,A,-,01,23152,A,N,E,I,A,A,H,-,A,D,0,,,,,Y,Y,A,01,0,1,0,0,0,0,0,0,0,"- ","- ",36.92047119140625,-121.79116821289062,"SANTA CRUZ",UNINCORPORATED,-121.79091644287109,36.920627593994141
92069858,2023,2023-05-16,9720,2023-05-07,1435,023103,,7,2,9,4400,0,1,3,,1,010,SR-1,"BONNY DOON ROAD",2640.00,N,N,A,-,Y,SCR,,1," "," ",28.080,H,,R,Y,4,0,2,2,A,-,09,21804,A,N,B,C,A,A,H,-,A,D,0,,,,,Y,,D,22,0,0,2,0,0,0,0,0,0,"- ","- ",37.006141662597656,-122.18579864501953,"SANTA CRUZ",UNINCORPORATED,-122.18583679199219,37.006114959716797
92071443,2023,2023-05-17,9720,2023-05-07,1358,021211,,7,1,9,4400,0,1,3,,1,010,SR-1,"BOONY DOON RD.",2640.00,S,N,A,-,Y,SCR,,1," "," ",27.122,H,,R,Y,3,0,4,3,A,-,03,22350,,N,C,C,A,A,H,-,A,D,0,,,,,Y,,A,01,0,1,3,0,0,0,0,0,0,"- ","- ",36.996089935302734,-122.17349243164062,"SANTA CRUZ",UNINCORPORATED,-122.17349243164062,36.996089935302734
92071456,2023,2023-05-17,9720,2023-05-06,1205,021211,,6,1,3,4404,0,1,3,,1,017,"SR-17 N/B","MOUNT HERMON RD.",1584.00,N,N,B,C,Y,SCR,,17," "," ",3.747,H,,R,Y,3,0,1,1,A,-,03,22350,,N,F,A,A,B,H,-,A,D,0,,,,,Y,,D,22,0,1,0,0,0,0,0,0,0,"- ","- ",37.038810729980469,-122.01738739013672,"SANTA CRUZ","SCOTTS VALLEY",-122.01744842529297,37.038825988769531
92071457,2023,2023-05-17,9720,2023-05-08,1636,023103,,1,2,9,4400,0,2,4,,1,016,"GRAHAM HILL ROAD","LOCKEWOOD LN",528.00,S,N,A,-,N,,,,,,,,,,N,4,0,1,2,A,-,03,22350,,N,C,C,A,A,H,-,A,A,0,,,,,Y,,A,01,0,0,1,0,0,0,0,0,0,"- ","- ",37.035221099853516,-122.04167175292969,"SANTA CRUZ",UNINCORPORATED,-122.04176330566406,37.035488128662109
92071464,2023,2023-05-18,9720,2023-05-13,"710 ",022349,,6,1,9,4400,0,3,5,,2,100,"BEAR CREEK RD.","BEAR MOUNTAIN RD.",5.00,S,N,A,-,N,,,,,,,,,,Y,3,0,1,1,A,-,08,22107,,N,E,8,A,A,H,-,A,D,0,,,,,Y,,A,07,0,1,0,0,0,0,0,0,0,"- ","- ",37.166538238525391,-122.026611328125,"SANTA CRUZ",UNINCORPORATED,-122.03047180175781,37.166042327880859
92071694,2023,2023-05-18,9720,2023-05-06,1415,023103,,6,2,9,4400,0,1,3,,1,017,"N/B SR-17","MT HERMON RD",1584.00,S,N,B,-,Y,SCR,,17," "," ",3.138,H,,R,N,4,0,1,2,A,-,07,21658,A,N,B,C,A,B,H,-,A,D,0,,,Y,,Y,,A,01,0,0,1,0,0,0,0,0,1,"- ","- ",37.031620025634766,-122.02265167236328,"SANTA CRUZ",UNINCORPORATED,-122.02264404296875,37.031620025634766
92073718,2023,2023-05-22,9720,2023-05-07,1430,023186,,7,2,9,4400,0,2,4,,1,021,"THURBER LN","BOBWHTE LANE",105.00,S,N,A,-,N,,,,,,,,,,Y,3,0,1,1,A,-,01,23152,A,N,E,I,A,A,H,-,A,D,0,,,,,Y,Y,A,01,0,1,0,0,0,0,0,0,0,"- ","- ",36.990859985351562,-121.97853088378906,"SANTA CRUZ",UNINCORPORATED,-121.97853851318359,36.990959167480469
92073722,2023,2023-05-29,9720,2023-05-11,"900 ",023166,,4,1,9,4400,0,2,4,,1,021,"SOQUEL DR.","STATE PARK DR.",328.00,E,N,A,-,N,,,,,,,,,,Y,3,0,1,2,A,-,09,21801,A,N,D,C,A,A,H,-,A,D,0,,,Y,,Y,,A,01,0,1,0,0,0,0,0,0,1,"- ","- ",36.978008270263672,-121.90669250488281,"SANTA CRUZ",UNINCORPORATED,-121.90779876708984,36.979122161865234