CASE_ID,ACCIDENT_YEAR,PROC_DATE,JURIS,COLLISION_DATE,COLLISION_TIME,OFFICER_ID,REPORTING_DISTRICT,DAY_OF_WEEK,CHP_SHIFT,POPULATION,CNTY_CITY_LOC,SPECIAL_COND,BEAT_TYPE,CHP_BEAT_TYPE,CITY_DIVISION_LAPD,CHP_BEAT_CLASS,BEAT_NUMBER,PRIMARY_RD,SECONDARY_RD,DISTANCE,DIRECTION,INTERSECTION,WEATHER_1,WEATHER_2,STATE_HWY_IND,CALTRANS_COUNTY,CALTRANS_DISTRICT,STATE_ROUTE,ROUTE_SUFFIX,POSTMILE_PREFIX,POSTMILE,LOCATION_TYPE,RAMP_INTERSECTION,SIDE_OF_HWY,TOW_AWAY,COLLISION_SEVERITY,NUMBER_KILLED,NUMBER_INJURED,PARTY_COUNT,PRIMARY_COLL_FACTOR,PCF_CODE_OF_VIOL,PCF_VIOL_CATEGORY,PCF_VIOLATION,PCF_VIOL_SUBSECTION,HIT_AND_RUN,TYPE_OF_COLLISION,MVIW,PED_ACTION,ROAD_SURFACE,ROAD_COND_1,ROAD_COND_2,LIGHTING,CONTROL_DEVICE,CHP_ROAD_TYPE,PEDESTRIAN_ACCIDENT,BICYCLE_ACCIDENT,MOTORCYCLE_ACCIDENT,TRUCK_ACCIDENT,NOT_PRIVATE_PROPERTY,ALCOHOL_INVOLVED,STWD_VEHTYPE_AT_FAULT,CHP_VEHTYPE_AT_FAULT,COUNT_SEVERE_INJ,COUNT_VISIBLE_INJ,COUNT_COMPLAINT_PAIN,COUNT_PED_KILLED,COUNT_PED_INJURED,COUNT_BICYCLIST_KILLED,COUNT_BICYCLIST_INJURED,COUNT_MC_KILLED,COUNT_MC_INJURED,PRIMARY_RAMP,SECONDARY_RAMP,LATITUDE,LONGITUDE,COUNTY,CITY,POINT_X,POINT_Y
92073775,2023,2023-05-22,9720,2023-05-14,1543,022901,,7,2,9,4400,0,3,5,,2,200,"VINE HILL ROAD","JARVIS ROAD",868.00,N,N,B,-,N,,,,,,,,,,N,4,0,1,1,A,-,08,22107,,N,E,I,A,A,H,-,A,D,0,,,,,Y,,A,07,0,0,1,0,0,0,0,0,0,"- ","- ",37.059638977050781,-121.98126983642578,"SANTA CRUZ",UNINCORPORATED,-121.98137664794922,37.05999755859375
92074200,2023,2023-05-22,9720,2023-05-17,1440,023214,,3,2,9,4400,0,1,3,,1,035,SR-129,"ROGGE LN.",4752.00,E,N,A,-,Y,SCR,,129," "," ",8.069,H,,R,Y,3,0,1,1,A,-,08,22107,,N,E,I,A,A,H,-,A,D,0,,,,Y,Y,,G,27,0,1,0,0,0,0,0,0,0,"- ","- ",36.912689208984375,-121.62824249267578,"SANTA CRUZ",UNINCORPORATED,-121.62823486328125,36.912635803222656
92076093,2023,2023-05-24,9720,2023-05-12,1525,023026,,5,2,9,4400,0,1,3,,1,035,SR-129,"ROGGE LN",528.00,W,N,A,-,Y,SCR,,129," "," ",7.052,H,,R,Y,4,0,2,4,A,-,01,23152,A,N,A,C,A,A,H,-,A,D,0,,,,,Y,Y,A,01,0,0,2,0,0,0,0,0,0,"- ","- ",36.903949737548828,-121.64186859130859,"SANTA CRUZ",UNINCORPORATED,-121.64187622070312,36.903911590576172
92076391,2023,2023-05-24,9720,2023-05-21,"610 ",021211,,7,1,9,4400,0,1,3,,1,010,SR-1,"DAVENPORT AVE",400.00,S,N,B,-,Y,SCR,,1," "," ",28.546,H,,R,Y,4,0,1,1,A,-,08,22107,,N,E,I,A,A,H,-,A,A,0,,,,,Y,,A,01,0,0,1,0,0,0,0,0,0,"- ","- ",37.009998321533203,-122.19268798828125,"SANTA CRUZ",UNINCORPORATED,-122.19265747070312,37.010047912597656
92080115,2023,2023-05-29,9720,2023-05-12,1720,022907,,5,2,9,4400,0,1,3,,1,034,SR-152,"CASSERLY RD",2112.00,E,N,A,-,Y,SCR,,152," "," ",4.194,H,,R,Y,3,0,2,2,A,-,01,23152,A,N,A,C,A,A,H,-,A,D,0,,,,,Y,Y,D,22,0,1,1,0,0,0,0,0,0,"- ","- ",36.961769104003906,-121.72215270996094,"SANTA CRUZ",UNINCORPORATED,-121.72217559814453,36.961765289306641
92080144,2023,2023-05-29,9720,2023-05-20,2311,022545,,6,3,9,4400,0,2,4,,1,031,"FREEDOM BLVD","HAMES RD",528.00,S,N,A,-,N,,,,,,,,,,Y,3,0,1,1,A,-,01,23152,A,N,E,8,A,A,H,-,D,D,0,,,,,Y,Y,A,01,0,1,0,0,0,0,0,0,0,"- ","- ",36.986141204833984,-121.83358764648438,"SANTA CRUZ",UNINCORPORATED,-121.83470916748047,36.986980438232422
92080404,2023,2023-05-29,9720,2023-05-26,1222,022458,,5,1,9,4400,0,1,3,,2,020,"S/B SR-1 FROM S/B SR-17","N. BRANCIFORTE AVE.",2112.00,N,N,B,-,Y,SCR,,1," "," ",16.669,H,,R,N,4,0,1,2,A,-,03,22350,,N,C,C,A,A,H,-,A,D,0,,,,,Y,,D,22,0,0,1,0,0,0,0,0,0,"- ","- ",36.989109039306641,-122.01857757568359,"SANTA CRUZ",UNINCORPORATED,-122.0185546875,36.989223480224609
92080684,2023,2023-05-29,9720,2023-05-22,1505,022044,,1,2,9,4400,0,1,3,,1,017,"SR-17 S/B",SR-1,500.00,N,N,A,-,Y,SCR,,17," "," ",0.147,H,,L,Y,4,0,1,2,A,-,07,21658,A,N,B,C,A,A,H,-,A,D,0,,,,,Y,,D,22,0,0,1,0,0,0,0,0,0,"- ","- ",36.991580963134766,-122.02046203613281,"SANTA CRUZ",UNINCORPORATED,-122.02051544189453,36.991611480712891
92080687,2023,2023-05-30,9720,2023-05-21,2500,023166,,7,4,9,4400,0,1,3,,1,012,SR-236,"ACORN DR",1.00,S,N,A,-,Y,SCR,,236," "," ",2.167,H,,R,Y,3,0,1,1,A,-,08,22107,,M,E,8,A,A,H,-,D,D,0,,,,,Y,,A,07,0,1,0,0,0,0,0,0,0,"- ","- ",37.140018463134766,-122.15242004394531,"SANTA CRUZ",UNINCORPORATED,-122.15240478515625,37.140029907226562
92081591,2023,2023-05-30,9720,2023-05-24,"223 ",023214,,3,3,9,4400,0,1,3,,1,015,SR-9,"GRAHAM HILL RD.",320.00,S,N,A,-,Y,SCR,,9," "," ",6.394,H,,R,Y,3,0,1,2,A,-,01,23152,A,N,E,8,A,A,H,-,C,D,0,,,,,Y,Y,A,07,0,1,0,0,0,0,0,0,0,"- ","- ",37.052040100097656,-122.07333374023438,"SANTA CRUZ",UNINCORPORATED,-122.07323455810547,37.052040100097656
92083842,2023,2023-06-01,9720,2023-05-27,1945,023166,,6,2,9,4400,0,1,3,,1,012,SR-236,"LITTLE BASIN RD",2640.00,S,N,A,-,Y,SCR,,236," "," ",6.052,H,,R,Y,2,0,1,1,C,-,18,,,N,H,H,A,A,H,-,B,D,0,,Y,,,Y,,-,"- ",1,0,0,0,0,0,1,0,0,"- ","- ",37.170658111572266,-122.18379211425781,"SANTA CRUZ",UNINCORPORATED,-122.18378448486328,37.170650482177734
92083844,2023,2023-06-01,9720,2023-05-31,"930 ",020562,,3,1,9,4400,0,2,4,,1,021,"SOQUEL DR","MAIN ST",165.00,W,N,B,-,N,,,,,,,,,,N,3,0,1,2,A,-,03,22350,,N,C,C,A,A,H,-,A,D,0,,,Y,,Y,,D,22,0,1,0,0,0,0,0,0,1,"- ","- ",36.98876953125,-121.95532989501953,"SANTA CRUZ",UNINCORPORATED,-121.95519256591797,36.988845825195312
92086755,2023,2023-06-06,9720,2023-05-27,1920,023146,,6,2,9,4400,0,3,5,,2,100,"PINE ST","LOMOND ST",0.00,,Y,A,-,N,,,,,,,,,,N,4,0,1,2,A,-,12,22450,A,N,D,C,A,A,H,-,A,A,0,,,,,Y,,A,01,0,0,1,0,0,0,0,0,0,"- ","- ",37.123210906982422,-122.12235260009766,"SANTA CRUZ",UNINCORPORATED,-122.12232208251953,37.123191833496094
92087391,2023,2023-06-06,9720,2023-06-06,"959 ",020562,,2,1,9,4400,0,3,5,,2,200,"SIESTA DR","PALO VERDE DR",260.00,E,N,B,C,N,,,,,,,,,,Y,3,0,1,3,A,-,08,22107,,N,C,E,A,B,H,-,A,D,0,,,,,Y,,D,22,0,1,0,0,0,0,0,0,0,"- ","- ",36.9788818359375,-121.89047241210938,"SANTA CRUZ",UNINCORPORATED,-121.89048767089844,36.978923797607422
92088531,2023,2023-06-07,9720,2023-05-25,"10  ",020977,,4,3,9,4400,0,1,3,,1,035,"STATE ROUTE 129","ROGGE LANE",374.00,E,N,B,C,N,,,,,,,,,,Y,3,0,1,2,A,-,01,23152,A,N,E,I,A,B,H,-,D,D,0,,,,,Y,Y,A,01,0,1,0,0,0,0,0,0,0,"- ","- ",36.904170989990234,-121.64373779296875,"SANTA CRUZ",UNINCORPORATED,-121.64374542236328,36.904155731201172
92089525,2023,2023-06-08,9720,2023-06-04,"930 ",021940,,7,1,9,4400,0,3,5,,2,300,"PLEASANT VALLEY RD.","HAMES RD.",792.00,W,N,A,-,N,,,,,,,,,,Y,3,0,1,1,A,-,08,22107,,N,E,I,A,A,H,-,A,D,0,,,,,Y,,D,22,0,1,0,0,0,0,0,0,0,"- ","- ",36.992538452148438,-121.82884216308594,"SANTA CRUZ",UNINCORPORATED,-121.82872009277344,36.992511749267578
92089648,2023,2023-06-08,9720,2023-05-27,1745,022901,,6,2,9,4400,0,2,4,,1,024,"EAST CLIFF DRIVE","36TH AVENUE",152.00,E,N,A,-,N,,,,,,,,,,N,3,0,1,2,A,-,08,22107,,N,H,G,A,A,H,-,A,D,0,,Y,,,Y,,A,01,0,1,0,0,0,0,1,0,0,"- ","- ",36.958099365234375,-121.96913909912109,"SANTA CRUZ",UNINCORPORATED,-121.96926116943359,36.957965850830078
92090511,2023,2023-06-09,9720,2023-05-27,"938 ",023103,,6,1,9,4400,0,3,5,,2,100,"PINE FLAT ROAD","KELLY LN",3696.00,N,N,A,-,N,,,,,,,,,,Y,4,0,1,1,A,-,08,22107,,N,E,I,A,A,H,-,A,D,0,,,,,Y,,A,07,0,0,1,0,0,0,0,0,0,"- ","- ",37.071128845214844,-122.14357757568359,"SANTA CRUZ",UNINCORPORATED,-122.14237976074219,37.076587677001953
92090517,2023,2023-06-09,9720,2023-05-28,1210,023103,,7,1,9,4400,0,1,3,,1,015,SR-9,"HILLSIDE AVE",50.00,S,N,B,-,Y,SCR,,9," "," ",9.302,H,,R,Y,4,0,1,2,A,-,03,22350,,N,C,C,A,A,H,-,A,D,0,,,,,Y,,A,01,0,0,1,0,0,0,0,0,0,"- ","- ",37.087600708007812,-122.08865356445312,"SANTA CRUZ",UNINCORPORATED,-122.08866119384766,37.087600708007812
92090957,2023,2023-06-12,9720,2023-06-03,1559,023166,,6,2,9,4400,0,3,5,,2,300,"SR-129 W/B","ROGGE LN",5280.00,E,N,A,-,Y,SCR,,129," "," ",8.148,H,,L,Y,4,0,1,1,A,-,08,22107,,N,E,8,A,A,H,-,A,D,0,,,,,Y,,A,07,0,0,1,0,0,0,0,0,0,"- ","- ",36.912300109863281,-121.62686157226562,"SANTA CRUZ",UNINCORPORATED,-121.62688446044922,36.912261962890625
92091825,2023,2023-06-12,9720,2023-06-08,1920,018171,,4,2,9,4400,0,1,3,,1,017,"SR-17 S/B","SANTA CRUZ RIDGE",650.00,N,N,A,-,Y,SCR,,17," "," ",11.534,H,,L,N,4,0,1,2,A,-,03,22350,,N,C,C,A,A,D,-,A,D,0,,,,,Y,,A,01,0,0,1,0,0,0,0,0,0,"- ","- ",37.130508422851562,-121.97862243652344,"SANTA CRUZ",UNINCORPORATED,-121.97864532470703,37.130496978759766
92091873,2023,2023-06-12,9720,2023-06-09,1147,022458,,5,1,9,4400,0,2,4,,1,024,"BROMMER STREET","CAPTAINS CT",100.00,W,N,A,-,N,,,,,,,,,,N,3,0,1,1,A,-,16,24002,A,N,F,A,A,A,H,-,A,D,0,,Y,,,Y,,M,91,0,1,0,0,0,0,1,0,0,"- ","- ",36.972080230712891,-121.99375915527344,"SANTA CRUZ",UNINCORPORATED,-121.99393463134766,36.972030639648438
92091900,2023,2023-06-12,9720,2023-06-12,"605 ",022399,,1,1,9,4400,0,1,3,,2,030,"SB SR-1","BUENA VISTA DR",1056.00,S,N,B,-,Y,SCR,,1," ",R,3.853,H,,L,Y,2,0,1,1,A,-,08,22107,,N,E,I,A,A,H,-,A,D,0,,,,,Y,,D,22,1,0,0,0,0,0,0,0,0,"- ","- ",36.930030822753906,-121.80693054199219,"SANTA CRUZ",UNINCORPORATED,-121.80686950683594,36.930122375488281
92092353,2023,2023-06-13,9720,2023-06-03,"18  ",019100,,6,3,9,4400,0,1,3,,2,020,"SR-1 N/B","MORRISSEY BLVD",528.00,S,N,A,-,Y,SCR,,1," "," ",15.714,H,,R,N,3,0,1,1,A,-,01,23152,A,N,E,I,A,A,H,-,D,D,0,,,,,Y,Y,A,01,0,1,0,0,0,0,0,0,0,"- ","- ",36.988449096679688,-122.00137329101562,"SANTA CRUZ",UNINCORPORATED,-122.00137329101562,36.988349914550781
92092377,2023,2023-06-13,9720,2023-06-01,1540,023166,,4,2,9,4400,0,2,4,,1,023,"41ST AVE","BAIN AVE",135.00,S,N,A,-,N,,,,,,,,,,N,3,0,1,2,A,-,08,22107,,N,H,G,A,A,H,-,A,D,0,,Y,,,Y,,A,01,0,1,0,0,0,0,1,0,0,"- ","- ",36.965278625488281,-121.96498107910156,"SANTA CRUZ",UNINCORPORATED,-121.96491241455078,36.965278625488281
92092381,2023,2023-06-13,9720,2023-06-04,"945 ",021211,,7,1,9,4400,0,1,3,,1,017,"SR-17 S/B","SUMMIT RD",4752.00,S,N,A,-,Y,SCR,,17," "," ",11.781,H,,L,Y,4,0,4,5,A,-,03,22350,,N,C,C,A,A,H,-,A,D,0,,,,,Y,,A,01,0,0,4,0,0,0,0,0,0,"- ","- ",37.133338928222656,-121.98168182373047,"SANTA CRUZ",UNINCORPORATED,-121.98165893554688,37.133354187011719
92092387,2023,2023-06-13,9720,2023-06-04,1520,021833,,7,2,9,4400,0,1,3,,1,010,SR-1,"LOWER SWANTON RD",4224.00,N,N,B,-,Y,SCR,,1," "," ",31.499,H,,R,Y,3,0,3,2,A,-,09,21804,A,N,D,2,A,A,H,-,A,D,0,,,,,Y,,A,01,0,3,0,0,0,0,0,0,0,"- ","- ",37.039989471435547,-122.22825622558594,"SANTA CRUZ",UNINCORPORATED,-122.22830200195312,37.039966583251953
92093353,2023,2023-06-14,9720,2023-06-06,"740 ",015170,,2,1,9,4400,0,1,3,,1,017,SR-17,"GLENWOOD DR",0.00,,Y,B,-,Y,SCR,,17," "," ",10.639,H,,R,N,3,0,1,2,A,-,09,21802,A,N,D,C,A,A,H,-,A,A,0,,,Y,,Y,,A,01,0,1,0,0,0,0,0,0,1,"- ","- ",37.119850158691406,-121.97602844238281,"SANTA CRUZ",UNINCORPORATED,-121.97596740722656,37.119857788085938
92093847,2023,2023-06-14,9720,2023-06-05,"705 ",021211,,1,1,9,4400,0,3,5,,2,200,"SEACLIFF DR","SPRECKLES DR",158400.00,W,N,B,-,N,,,,,,,,,,N,3,0,1,1,A,-,03,22350,,N,F,A,A,B,H,-,A,A,0,,Y,,,Y,,L,04,0,1,0,0,0,0,1,0,0,"- ","- ",36.974918365478516,-121.90315246582031,"SANTA CRUZ",UNINCORPORATED,-121.91097259521484,36.973590850830078
92094631,2023,2023-06-15,9720,2023-06-11,1600,023166,,7,2,9,4400,0,1,3,,1,014,SR-9,"BEEKHUIS RD.",50.00,N,N,A,-,Y,SCR,,9," "," ",23.305,H,,R,N,4,0,1,2,A,-,05,21460,A,N,B,C,A,A,H,-,A,D,0,,,Y,,Y,,-,"- ",0,0,1,0,0,0,0,0,1,"- ","- ",37.23529052734375,-122.14534759521484,"SANTA CRUZ",UNINCORPORATED,-122.14546203613281,37.235282897949219
92095032,2023,2023-06-15,9720,2023-06-15,"615 ",020562,,4,1,9,4400,0,1,3,,2,020,"SR-1 S/B","RIO DEL MAR BLVD",3168.00,N,N,B,-,Y,SCR,,1," "," ",9.811,H,,L,Y,4,0,1,1,A,-,08,22107,,N,E,8,A,B,H,-,A,D,0,,,,,Y,,A,01,0,0,1,0,0,0,0,0,0,"- ","- ",36.974811553955078,-121.89820861816406,"SANTA CRUZ",UNINCORPORATED,-121.89821624755859,36.974868774414062
92096495,2023,2023-06-19,9720,2023-06-09,1145,023103,,5,1,9,4400,0,1,3,,1,015,SR-9,"LAZY WOODS RD",528.00,S,N,A,-,Y,SCR,,9," "," ",7.331,H,,R,N,4,0,1,2,A,-,09,21804,A,N,B,C,A,A,H,-,A,D,0,,,,,Y,,D,22,0,0,1,0,0,0,0,0,0,"- ","- ",37.063510894775391,-122.07984161376953,"SANTA CRUZ",UNINCORPORATED,-122.07987976074219,37.063518524169922
92098123,2023,2023-06-20,9720,2023-06-16,1426,023245,,5,2,9,4400,0,1,3,,1,035,SR-129,"BLACKBURN ST",1584.00,E,N,A,-,Y,SCR,,129," "," ",0.847,H,,R,N,4,0,1,2,A,-,03,22350,,N,C,C,A,A,H,-,A,D,0,,,,,Y,,A,07,0,0,1,0,0,0,0,0,0,"- ","- ",36.913990020751953,-121.74073791503906,"SANTA CRUZ",UNINCORPORATED,-121.74073028564453,36.913963317871094
92098205,2023,2023-06-20,9720,2023-06-19,1238,020562,,1,1,9,4400,0,1,3,,2,020,"SR-1 N/B","PARK AVE",2640.00,S,N,A,-,Y,SCR,,1," "," ",11.566,H,,R,Y,3,0,1,2,A,-,03,22350,,N,C,C,A,A,H,-,A,D,0,,,,,Y,,A,01,0,1,0,0,0,0,0,0,0,"- ","- ",36.983310699462891,-121.92743682861328,"SANTA CRUZ",UNINCORPORATED,-121.92742919921875,36.983360290527344
92098735,2023,2023-06-21,9720,2023-06-17,1612,023166,,6,2,9,4400,0,3,5,,2,200,"OPAL CLIFF DR.","CLIFF DR",397.00,W,N,A,-,N,,,,,,,,,,N,2,0,1,1,A,-,03,22350,,N,F,A,A,A,H,-,A,D,0,,Y,,,Y,,M,91,1,0,0,0,0,0,1,0,0,"- ","- ",36.967861175537109,-121.95845794677734,"SANTA CRUZ",UNINCORPORATED,-121.9583740234375,36.967864990234375
92099698,2023,2023-06-22,9720,2023-06-15,1548,023245,,4,2,9,4400,0,1,3,,2,020,"SR-1 S/B",SR-17,1000.00,N,N,A,-,Y,SCR,,1," "," ",17.346,H,,L,Y,3,0,1,2,A,-,03,22350,,N,C,C,A,A,H,-,A,D,0,,,,,Y,,A,01,0,1,0,0,0,0,0,0,0,"- ","- ",36.985431671142578,-122.02626800537109,"SANTA CRUZ",UNINCORPORATED,-122.02626037597656,36.985404968261719
92101791,2023,2023-06-26,9720,2023-06-16,1632,022140,,5,2,9,4400,0,1,3,,2,020,"SR-1 S/B","41ST AVE",180.00,N,N,A,-,Y,SCR,,1," "," ",13.667,H,,L,Y,2,0,1,3,A,-,07,21658,A,N,B,C,A,A,D,-,A,D,0,,,Y,,Y,,A,07,1,0,0,0,0,0,0,0,1,"- ","- ",36.982719421386719,-121.96530151367188,"SANTA CRUZ",UNINCORPORATED,-121.96530151367188,36.982734680175781
92102438,2023,2023-06-26,9720,2023-06-21,1732,023245,,3,2,9,4400,0,2,4,,1,021,"SOQUEL DR","MONROE AVE",45.00,E,N,A,-,N,,,,,,,,,,Y,3,0,1,1,A,-,08,22107,,N,E,8,A,A,H,-,A,D,0,,,,,Y,,A,01,0,1,0,0,0,0,0,0,0,"- ","- ",36.976551055908203,-121.88526153564453,"SANTA CRUZ",UNINCORPORATED,-121.88520050048828,36.976463317871094
92103448,2023,2023-06-27,9720,2023-06-19,1545,022901,,1,2,9,4400,0,3,5,,2,200,"TROUT GULCH ROAD","FERN FLAT ROAD",5386.00,S,N,A,-,N,,,,,,,,,,N,3,0,1,2,A,-,05,21650,,N,H,G,A,A,H,-,A,D,0,,Y,,,Y,,-,"- ",0,1,0,0,0,0,1,0,0,"- ","- ",37.013710021972656,-121.88468933105469,"SANTA CRUZ",UNINCORPORATED,-121.88477325439453,37.014087677001953
92109300,2023,2023-07-04,9720,2023-06-26,1830,023245,,1,2,9,4400,0,2,4,,1,024,"CAPITOLA RD","30TH AVENUE",0.00,,Y,A,-,N,,,,,,,,,,N,4,0,1,2,A,-,10,21950,A,N,G,A,B,A,H,-,A,A,0,Y,,,,Y,,A,08,0,0,1,0,1,0,0,0,0,"- ","- ",36.973739624023438,-121.97334289550781,"SANTA CRUZ",UNINCORPORATED,-121.97322082519531,36.97369384765625
92109665,2023,2023-07-05,9720,2023-06-23,1900,023166,,5,2,9,4400,0,3,5,,2,200,"WEBSTER ST.","16TH AVE",339.00,W,N,A,-,N,,,,,,,,,,Y,4,0,1,4,A,-,08,22107,,N,A,E,A,A,H,-,A,D,0,,,,,Y,,A,01,0,0,1,0,0,0,0,0,0,"- ","- ",36.979839324951172,-121.98433685302734,"SANTA CRUZ",UNINCORPORATED,-121.98422241210938,36.979774475097656
92109677,2023,2023-07-05,9720,2023-06-24,1927,022140,,6,2,9,4400,0,3,5,,2,200,"RIO DEL MAR BLVD","SUMNER AVE",15.00,E,N,A,-,N,,,,,,,,,,N,4,0,1,2,A,-,03,22350,,M,C,C,A,A,H,-,A,A,0,,,,,Y,,A,01,0,0,1,0,0,0,0,0,0,"- ","- ",36.971210479736328,-121.89601898193359,"SANTA CRUZ",UNINCORPORATED,-121.89620208740234,36.971195220947266
92109704,2023,2023-07-05,9720,2023-06-25,2124,023166,,7,2,9,4400,0,1,3,,1,034,"SR-152 (E LAKE AVE)","DELANEY AVE",2640.00,W,N,A,-,Y,SCR,,152," "," ",2.974,H,,R,N,2,0,1,1,A,-,08,22107,,N,F,A,A,A,H,-,D,D,0,,,Y,,Y,,C,02,1,0,0,0,0,0,0,0,1,"- ","- ",36.948001861572266,-121.73503875732422,"SANTA CRUZ",UNINCORPORATED,-121.73504638671875,36.948001861572266
92109794,2023,2023-07-05,9720,2023-06-30,1700,018650,,5,2,9,4400,0,2,4,,1,021,"SOQUEL DR","N RODEO GULCH ROAD",50.00,W,N,A,-,N,,,,,,,,,,Y,3,0,2,2,A,-,04,21703,,N,C,C,A,A,H,-,A,A,0,,,,,Y,,A,01,0,1,1,0,0,0,0,0,0,"- ","- ",36.987659454345703,-121.96987152099609,"SANTA CRUZ",UNINCORPORATED,-121.9697265625,36.987636566162109
92112580,2023,2023-07-10,9720,2023-07-02,1224,021211,,7,1,9,4400,0,1,3,,2,020,"SR-1 N/B","STATE PARD DR",1056.00,N,N,A,-,Y,SCR,,1," "," ",10.729,H,,R,Y,4,0,3,2,A,-,03,22350,,N,C,C,A,A,H,-,A,D,0,,,,,Y,,A,01,0,0,3,0,0,0,0,0,0,"- ","- ",36.979591369628906,-121.91329193115234,"SANTA CRUZ",UNINCORPORATED,-121.91327667236328,36.979606628417969
92113707,2023,2023-07-11,9720,2023-06-29,1640,021833,,4,2,9,4400,0,1,3,,1,010,"SR-1 S/B","COAST ROAD",1056.00,N,N,A,-,Y,SCR,,1," "," ",22.165,H,,L,N,2,0,1,1,A,-,03,22350,,N,F,A,A,A,H,-,A,D,0,,Y,,,Y,,L,04,1,0,0,0,0,0,1,0,0,"- ","- ",36.961639404296875,-122.09602355957031,"SANTA CRUZ",UNINCORPORATED,-122.09599304199219,36.961715698242188
92113814,2023,2023-07-11,9720,2023-07-04,1510,022901,,2,2,9,4400,0,1,3,,1,015,SR-9,"ALAMEDA AVE",350.00,S,N,A,-,Y,SCR,,9," "," ",11.228,H,,R,N,2,0,1,1,D,-,00,,,N,F,A,A,A,H,-,A,D,0,,Y,,,Y,Y,-,"- ",1,0,0,0,0,0,1,0,0,"- ","- ",37.1068115234375,-122.10697937011719,"SANTA CRUZ",UNINCORPORATED,-122.10691070556641,37.106857299804688
92114864,2023,2023-07-12,9720,2023-06-13,1402,023245,,2,2,9,4400,0,1,3,,1,015,SR-9,"GLENGARRY RD",7392.00,S,N,A,-,Y,SCR,,9," "," ",3.359,H,,R,Y,3,0,1,2,A,-,06,21760,C,N,C,G,A,A,D,-,A,A,0,,Y,,,Y,,A,08,0,1,0,0,0,0,1,0,0,"- ","- ",37.017250061035156,-122.06311798095703,"SANTA CRUZ",UNINCORPORATED,-122.06312561035156,37.017250061035156
92115068,2023,2023-07-12,9720,2023-07-04,2350,023026,,2,3,9,4400,0,3,5,,2,100,"CROWS NEST DR","EAST HILTON DR",100.00,N,N,A,-,N,,,,,,,,,,N,4,0,1,2,A,-,01,23152,A,M,A,E,A,A,H,-,C,D,0,,,,,Y,Y,A,01,0,0,1,0,0,0,0,0,0,"- ","- ",37.146778106689453,-122.15090179443359,"SANTA CRUZ",UNINCORPORATED,-122.15077972412109,37.146793365478516
92115245,2023,2023-07-12,9720,2023-07-11,"703 ",021211,,2,1,9,4400,0,1,3,,1,034,SR-129,"LAKEVIEW RD",0.00,,Y,B,-,Y,SCR,,129," "," ",1.415,H,,R,Y,4,0,2,1,A,-,08,22107,,N,E,I,A,A,H,-,A,D,0,,,,,Y,,A,01,0,0,2,0,0,0,0,0,0,"- ","- ",36.916648864746094,-121.73136901855469,"SANTA CRUZ",UNINCORPORATED,-121.73143005371094,36.916881561279297
92117831,2023,2023-07-17,9720,2023-07-04,1955,021304,,2,2,9,4400,0,3,5,,2,300,"PLAYA BLVD","SAN ANDREAS RD",528.00,W,N,A,-,N,,,,,,,,,,Y,3,0,1,3,A,-,01,23152,A,N,C,4,A,A,H,-,C,D,0,,,,,Y,Y,A,01,0,1,0,0,0,0,0,0,0,"- ","- ",36.938800811767578,-121.86055755615234,"SANTA CRUZ",UNINCORPORATED,-121.85913848876953,36.940589904785156
92118895,2023,2023-07-17,9720,2023-07-10,1210,022399,,1,1,9,4400,0,2,4,,1,021,"SOQUEL DR","41ST AVE",210.00,N,N,A,-,N,,,,,,,,,,N,4,0,2,2,A,-,03,22350,,M,C,C,A,A,H,-,A,A,0,,,,,Y,,-,99,0,0,2,0,0,0,0,0,0,"- ","- ",36.987281799316406,-121.96571350097656,"SANTA CRUZ",UNINCORPORATED,-121.96427917480469,36.987529754638672