CASE_ID,ACCIDENT_YEAR,PROC_DATE,JURIS,COLLISION_DATE,COLLISION_TIME,OFFICER_ID,REPORTING_DISTRICT,DAY_OF_WEEK,CHP_SHIFT,POPULATION,CNTY_CITY_LOC,SPECIAL_COND,BEAT_TYPE,CHP_BEAT_TYPE,CITY_DIVISION_LAPD,CHP_BEAT_CLASS,BEAT_NUMBER,PRIMARY_RD,SECONDARY_RD,DISTANCE,DIRECTION,INTERSECTION,WEATHER_1,WEATHER_2,STATE_HWY_IND,CALTRANS_COUNTY,CALTRANS_DISTRICT,STATE_ROUTE,ROUTE_SUFFIX,POSTMILE_PREFIX,POSTMILE,LOCATION_TYPE,RAMP_INTERSECTION,SIDE_OF_HWY,TOW_AWAY,COLLISION_SEVERITY,NUMBER_KILLED,NUMBER_INJURED,PARTY_COUNT,PRIMARY_COLL_FACTOR,PCF_CODE_OF_VIOL,PCF_VIOL_CATEGORY,PCF_VIOLATION,PCF_VIOL_SUBSECTION,HIT_AND_RUN,TYPE_OF_COLLISION,MVIW,PED_ACTION,ROAD_SURFACE,ROAD_COND_1,ROAD_COND_2,LIGHTING,CONTROL_DEVICE,CHP_ROAD_TYPE,PEDESTRIAN_ACCIDENT,BICYCLE_ACCIDENT,MOTORCYCLE_ACCIDENT,TRUCK_ACCIDENT,NOT_PRIVATE_PROPERTY,ALCOHOL_INVOLVED,STWD_VEHTYPE_AT_FAULT,CHP_VEHTYPE_AT_FAULT,COUNT_SEVERE_INJ,COUNT_VISIBLE_INJ,COUNT_COMPLAINT_PAIN,COUNT_PED_KILLED,COUNT_PED_INJURED,COUNT_BICYCLIST_KILLED,COUNT_BICYCLIST_INJURED,COUNT_MC_KILLED,COUNT_MC_INJURED,PRIMARY_RAMP,SECONDARY_RAMP,LATITUDE,LONGITUDE,COUNTY,CITY,POINT_X,POINT_Y
92119578,2023,2023-07-18,9720,2023-07-08,1747,022140,,6,2,9,4400,0,1,3,,2,020,"SR-1 S/B","PARK AVE",1320.00,S,N,A,-,Y,SCR,,1," "," ",11.845,H,,L,Y,3,0,2,1,A,-,01,23152,A,N,E,8,A,A,H,-,A,D,0,,,,,Y,Y,A,07,0,1,1,0,0,0,0,0,0,"- ","- ",36.983741760253906,-121.93247985839844,"SANTA CRUZ",UNINCORPORATED,-121.93246459960938,36.983848571777344
92119695,2023,2023-07-18,9720,2023-07-12,"127 ",021717,,3,3,9,4400,0,2,4,,1,032,"HOLOHAN RD","LAKEN DR",1584.00,W,N,A,-,N,,,,,,,,,,Y,3,0,2,2,A,-,01,23152,A,N,C,C,A,A,D,-,D,A,0,,,,,Y,Y,A,01,0,1,1,0,0,0,0,0,0,"- ","- ",36.937488555908203,-121.74994659423828,"SANTA CRUZ",UNINCORPORATED,-121.75048065185547,36.937679290771484
92120069,2023,2023-07-18,9720,2023-07-09,1434,022349,,7,2,9,4400,0,1,3,,2,020,"SR-1 N/B","STATE PARD DR",1584.00,N,N,A,-,Y,SCR,,1," "," ",10.838,H,,R,Y,3,0,1,1,A,-,08,22107,,N,E,I,A,A,H,-,D,D,0,,,,,Y,,A,01,0,1,0,0,0,0,0,0,0,"- ","- ",36.980491638183594,-121.91490173339844,"SANTA CRUZ",UNINCORPORATED,-121.9149169921875,36.980464935302734
92124021,2023,2023-07-24,9720,2023-07-02,1917,022044,,7,2,9,4400,0,1,3,,1,017,"SR-17 S/B","GLENWOOD CUTOFF",200.00,S,N,A,-,Y,SCR,,17," "," ",8.994,H,,L,N,3,0,1,1,A,-,01,23152,A,N,E,I,A,A,H,-,A,D,0,,,,,Y,Y,A,01,0,1,0,0,0,0,0,0,0,"- ","- ",37.09906005859375,-121.97586059570312,"SANTA CRUZ",UNINCORPORATED,-121.97592163085938,37.099025726318359
92124286,2023,2023-07-24,9720,2023-07-14,2500,022458,,5,4,9,4400,0,1,3,,1,010,SR-1,"UPPER SWANTON ROAD",5280.00,S,N,A,-,Y,SCR,,1," "," ",34.249,H,,R,Y,2,0,1,1,A,-,21,22106,,N,E,I,A,A,H,-,A,D,0,,,,,Y,,A,01,1,0,0,0,0,0,0,0,0,"- ","- ",37.071521759033203,-122.25891876220703,"SANTA CRUZ",UNINCORPORATED,-122.25873565673828,37.071613311767578
92125135,2023,2023-07-25,9720,2023-07-14,"30  ",020977,,5,3,9,4400,0,1,3,,1,015,"RT 9","LORENZO AVE",89.00,S,N,A,-,Y,SCR,,9," "," ",12.180,H,,R,Y,3,0,1,1,A,-,01,23152,A,N,E,I,A,A,H,-,D,D,0,,,,,Y,Y,A,01,0,1,0,0,0,0,0,0,0,"- ","- ",37.113090515136719,-122.11763000488281,"SANTA CRUZ",UNINCORPORATED,-122.11760711669922,37.113151550292969
92125211,2023,2023-07-25,9720,2023-07-16,"320 ",023026,,7,3,9,4400,0,2,4,,1,031,"FREEDOM BLVD","BUENA VISTA AVE",200.00,N,N,A,-,N,,,,,,,,,,Y,3,0,1,1,A,-,01,23152,A,M,E,I,A,A,H,-,D,D,0,,,,,Y,Y,A,01,0,1,0,0,0,0,0,0,0,"- ","- ",36.941341400146484,-121.78273010253906,"SANTA CRUZ",UNINCORPORATED,-121.78195190429688,36.940692901611328
92125327,2023,2023-07-25,9720,2023-07-19,1645,022293,,3,2,9,4400,0,3,5,,2,100,"SUMMIT DRIVE","844 SUMMIT DRIVE",189.00,N,N,A,-,N,,,,,,,,,,N,2,0,2,1,A,-,03,22350,,N,F,A,A,A,H,-,A,D,0,,,Y,,Y,,C,06,1,1,0,0,0,0,0,0,2,"- ","- ",37.091030120849609,-122.13803100585938,"SANTA CRUZ",UNINCORPORATED,-121.83211517333984,37.089687347412109
92125748,2023,2023-07-25,9720,2023-07-14,1730,021304,,5,2,9,4400,0,1,3,,1,035,SR-129,"CARLTON ROAD",0.00,,Y,A,-,Y,SCR,,129," "," ",3.269,H,,R,Y,2,0,2,2,A,-,09,21802,A,N,D,C,A,A,H,-,A,A,0,,,,Y,Y,,A,01,1,0,1,0,0,0,0,0,0,"- ","- ",36.924339294433594,-121.69918823242188,"SANTA CRUZ",UNINCORPORATED,-121.69918823242188,36.924308776855469
92126442,2023,2023-07-26,9720,2023-07-18,1715,023331,,2,2,9,4400,0,3,5,,2,200,"SUMNER AVE","DRY CREEK RD",25.00,W,N,A,-,N,,,,,,,,,,Y,4,0,1,1,A,-,08,22107,,N,E,I,A,A,H,-,A,D,0,,,,,Y,,A,01,0,0,1,0,0,0,0,0,0,"- ","- ",36.963340759277344,-121.88787841796875,"SANTA CRUZ",UNINCORPORATED,-121.88837432861328,36.963565826416016
92126900,2023,2023-07-26,9720,2023-07-17,1816,023311,,1,2,9,4400,0,2,4,,1,024,"CAPITOLA RD","15TH AVE",0.00,,Y,A,-,N,,,,,,,,,,Y,3,0,5,2,A,-,01,23152,A,N,C,C,A,A,H,-,A,A,0,,,,,Y,Y,A,07,0,2,3,0,0,0,0,0,0,"- ","- ",36.976539611816406,-121.98526000976562,"SANTA CRUZ",UNINCORPORATED,-121.98524475097656,36.97650146484375
92127391,2023,2023-07-27,9720,2023-07-19,1041,023316,,3,1,9,4400,0,1,3,,1,017,"S/B SR-17 FROM MT HERMON RD","MT HERMON RD",528.00,S,N,A,-,Y,,,,,,,,,,Y,3,0,1,1,C,-,18,,,N,H,H,A,A,H,-,A,D,0,,,,,Y,,-,"- ",0,1,0,0,0,0,0,0,0,"- ","- ",,,"SANTA CRUZ",UNINCORPORATED,-122.02165222167969,37.035060882568359
92131524,2023,2023-07-31,9720,2023-07-16,1150,021940,,7,1,9,4400,0,2,4,,1,022,"SOQUEL SAN JOSE RD","HOOVER RD.",200.00,N,N,A,-,N,,,,,,,,,,N,3,0,1,1,A,-,03,22350,,N,F,A,A,A,H,-,A,D,0,,,Y,,Y,,C,02,0,1,0,0,0,0,0,0,1,"- ","- ",37.055950164794922,-121.941650390625,"SANTA CRUZ",UNINCORPORATED,-121.94122314453125,37.055793762207031
92132099,2023,2023-07-31,9720,2023-03-26,2141,022976,,7,2,9,4400,0,1,3,,1,015,SR-9,"FILLMORE AVENUE",150.00,N,N,A,-,Y,SCR,,9," "," ",9.625,H,,R,N,1,1,0,2,D,-,00,,,F,G,B,D,A,H,-,C,D,0,Y,,,,Y,,-,"- ",0,0,0,1,0,0,0,0,0,"- ","- ",37.089431762695312,-122.09201049804688,"SANTA CRUZ",UNINCORPORATED,-122.09200286865234,37.089405059814453
92132773,2023,2023-08-01,9720,2023-07-20,"954 ",015170,,4,1,9,4400,0,1,3,,1,017,SR-17,"GLENWOOD DR",0.00,,Y,A,-,N,,,,,,,,,,Y,3,0,2,2,A,-,09,21802,A,N,D,C,A,A,H,-,A,A,0,,,,,Y,,A,01,0,2,0,0,0,0,0,0,0,"- ","- ",37.119850158691406,-121.97602844238281,"SANTA CRUZ",UNINCORPORATED,-121.97604370117188,37.119960784912109
92133174,2023,2023-08-01,9720,2023-07-23,1530,022293,,7,2,9,4400,0,1,3,,1,017,"N/B SR-17","SPANISH OAKS ROAD",125.00,N,N,A,-,Y,SCR,,17," "," ",10.083,H,,R,Y,4,0,1,3,A,-,07,21658,A,N,C,C,A,A,H,-,A,D,0,,,,,Y,,A,01,0,0,1,0,0,0,0,0,0,"- ","- ",37.112651824951172,-121.97548675537109,"SANTA CRUZ",UNINCORPORATED,-121.97548675537109,37.112648010253906
92133181,2023,2023-08-01,9720,2023-07-23,1750,023245,,7,2,9,4400,0,2,4,,1,024,"EAST CLIFF DRIVE","14TH AVENUE",0.00,,Y,A,-,N,,,,,,,,,,Y,3,0,2,2,A,-,09,21802,A,N,D,2,A,A,H,-,A,A,0,,,,,Y,,A,01,0,1,1,0,0,0,0,0,0,"- ","- ",36.963809967041016,-121.99170684814453,"SANTA CRUZ",UNINCORPORATED,-121.99167633056641,36.963809967041016
92135469,2023,2023-08-03,9720,2023-07-20,1700,022044,,4,2,9,4400,0,1,3,,1,015,SR-9,SR-236,5280.00,N,N,A,-,Y,SCR,,9," "," ",22.124,H,,R,Y,3,0,1,2,A,-,05,21460,A,N,C,2,A,A,H,-,A,D,0,,,Y,,Y,,C,02,0,1,0,0,0,0,0,0,1,"- ","- ",37.225360870361328,-122.15126037597656,"SANTA CRUZ",UNINCORPORATED,-122.15126037597656,37.225337982177734
92136981,2023,2023-08-07,9720,2023-07-16,2105,022349,,7,2,9,4400,0,1,3,,1,034,SR-152,"BELLA VISTA LN",160.00,E,N,A,-,Y,SCR,,152," "," ",8.206,H,,R,Y,2,0,1,1,A,-,01,23152,A,N,E,I,A,A,H,-,D,D,0,,,,,Y,Y,D,22,1,0,0,0,0,0,0,0,0,"- ","- ",36.994621276855469,-121.71826934814453,"SANTA CRUZ",UNINCORPORATED,-121.71810150146484,36.994655609130859
92137012,2023,2023-08-07,9720,2023-07-28,"230 ",021940,,5,3,9,4400,0,1,3,,2,020,"SR-1 N/B TO SR-17 N/B","EMELINE AVE.",950.00,N,N,A,-,Y,SCR,,1," "," ",16.773,H,,R,Y,3,0,1,1,A,-,01,23152,A,N,E,I,A,A,H,-,D,D,0,,,,,Y,Y,A,01,0,1,0,0,0,0,0,0,0,"- ","- ",36.989700317382812,-122.02046966552734,"SANTA CRUZ",UNINCORPORATED,-122.02051544189453,36.989490509033203
92137016,2023,2023-08-07,9720,2023-07-30,1029,023345,,7,1,9,4400,0,1,3,,1,017,SR-17,"PASATIEMPO DR OVERCROSSING",2112.00,S,N,A,-,Y,SCR,,17," "," ",0.236,H,,R,Y,2,0,1,2,A,-,07,21658,A,M,F,A,A,A,H,-,A,D,0,,,Y,,Y,,A,07,1,0,0,0,0,0,0,0,1,"- ","- ",36.992729187011719,-122.01962280273438,"SANTA CRUZ",UNINCORPORATED,-122.01947784423828,36.992664337158203
92138513,2023,2023-08-08,9720,2023-07-30,2330,022901,,7,3,9,4400,0,3,5,,2,100,"BEAN CREEK ROAD","REDWOOD ROAD",3538.00,N,N,A,-,N,,,,,,,,,,N,3,0,1,1,A,-,01,23152,A,N,E,I,A,A,H,-,D,D,0,,,Y,,Y,Y,C,02,0,1,0,0,0,0,0,0,1,"- ","- ",37.061389923095703,-122.0181884765625,"SANTA CRUZ",UNINCORPORATED,-122.01858520507812,37.060676574707031
92140492,2023,2023-08-10,9720,2023-08-04,2301,022545,,5,3,9,4400,0,3,5,,2,100,"RIVA RIDGE RD","MAJESTIC DR",60.00,S,N,A,-,N,,,,,,,,,,Y,3,0,1,1,A,-,01,23152,A,N,E,I,A,A,H,-,D,D,0,,,,,Y,Y,A,01,0,1,0,0,0,0,0,0,0,"- ","- ",37.140251159667969,-121.99433135986328,"SANTA CRUZ",UNINCORPORATED,-121.99442291259766,37.140541076660156
92143467,2023,2023-08-14,9720,2023-08-02,"536 ",020977,,3,3,9,4400,0,1,3,,1,035,SR-129,"N/B STATE ROUTE 1",0.00,,Y,C,-,Y,SCR,,129," ",L,0.122,H,,R,Y,3,0,1,2,A,-,09,21802,A,N,D,C,A,B,H,-,A,A,0,,,,,Y,,A,08,0,1,0,0,0,0,0,0,0,"- ","- ",36.895259857177734,-121.77216339111328,"SANTA CRUZ",UNINCORPORATED,-121.77205657958984,36.895168304443359
92143478,2023,2023-08-14,9720,2023-08-03,"10  ",022907,,4,3,9,4400,0,3,5,,2,200,"SEACLIFF DR","PARK DRIVE",22.00,E,N,A,-,N,,,,,,,,,,Y,4,0,1,1,A,-,01,23152,A,M,E,8,A,A,H,-,C,D,0,,,,,Y,Y,A,01,0,0,1,0,0,0,0,0,0,"- ","- ",36.974460601806641,-121.91354370117188,"SANTA CRUZ",UNINCORPORATED,-121.91340637207031,36.974491119384766
92143934,2023,2023-08-15,9720,2023-08-03,1508,023331,,4,2,9,4400,0,2,4,,1,021,"SOQUEL DR","SOQUEL AVENUE",33.00,E,N,A,-,N,,,,,,,,,,N,3,0,1,2,A,-,12,21453,A,N,B,C,A,A,H,-,A,A,0,,,,,Y,,A,01,0,1,0,0,0,0,0,0,0,"- ","- ",36.986099243164062,-121.98728942871094,"SANTA CRUZ",UNINCORPORATED,-121.98747253417969,36.986007690429688
92145021,2023,2023-08-16,9720,2023-08-04,"245 ",021940,,5,3,9,4400,0,1,3,,2,020,SR-1,"STATE PARK DR.",1214.00,N,N,A,-,Y,SCR,,1," "," ",10.773,H,,L,N,3,0,3,1,A,-,08,22107,,N,E,I,A,A,H,-,D,D,0,,,,,Y,,D,22,0,3,0,0,0,0,0,0,0,"- ","- ",36.979721069335938,-121.91413116455078,"SANTA CRUZ",UNINCORPORATED,-121.91405487060547,36.979812622070312
92145365,2023,2023-08-16,9720,2023-08-08,"756 ",023345,,2,1,9,4400,0,1,3,,2,030,"SR-1 N/B","FREEDOM BLVD",1584.00,S,N,B,-,Y,SCR,,1," ",R,8.200,H,,R,N,3,0,2,2,A,-,03,22350,,N,C,C,A,A,H,-,A,D,0,,,,,Y,,A,08,0,2,0,0,0,0,0,0,0,"- ","- ",36.966629028320312,-121.86856079101562,"SANTA CRUZ",UNINCORPORATED,-121.86855316162109,36.966636657714844
92146277,2023,2023-08-17,9720,2023-08-07,1000,021248,,1,1,9,4400,0,1,3,,2,020,"SR-1 N/B","RIO DEL MAR BLVD",3168.00,N,N,A,-,Y,SCR,,1," "," ",9.742,H,,R,N,4,0,1,2,A,-,03,22350,,N,E,I,A,A,H,-,A,D,0,,,,,Y,,D,22,0,0,1,0,0,0,0,0,0,"- ","- ",36.975040435791016,-121.89697265625,"SANTA CRUZ",UNINCORPORATED,-121.89697265625,36.975040435791016
92148720,2023,2023-08-21,9720,2023-08-06,"925 ",023322,,7,1,9,4400,0,1,3,,1,035,SR-129,"SILLIMAN RD",1584.00,W,N,A,-,Y,SCR,,129," "," ",3.838,H,,R,N,4,0,1,1,A,-,01,23152,F,N,A,9,A,A,H,-,A,D,0,,,,,Y,,A,01,0,0,1,0,0,0,0,0,0,"- ","- ",36.920669555664062,-121.69013977050781,"SANTA CRUZ",UNINCORPORATED,-121.69014739990234,36.920658111572266
92148865,2023,2023-08-21,9720,2023-08-10,1636,023245,,4,2,9,4400,0,1,3,,1,014,SR-9,"CHESEBROUGH SCOUT RESERVATION RD",1320.00,S,N,A,-,Y,SCR,,9," "," ",24.931,H,,R,Y,3,0,1,1,A,-,08,22107,,N,E,8,A,A,H,-,A,D,0,,,,,Y,,A,01,0,1,0,0,0,0,0,0,0,"- ","- ",37.247211456298828,-122.14959716796875,"SANTA CRUZ",UNINCORPORATED,-122.14958190917969,37.247241973876953
92149003,2023,2023-08-21,9720,2023-08-11,1652,018650,,5,2,9,4400,0,1,3,,2,020,"SR-1 S/B","BAY AVENUE",528.00,N,N,A,-,Y,SCR,,1," "," ",13.400,H,,L,N,4,0,1,2,A,-,03,22350,,N,C,C,A,A,H,-,A,D,0,,,,,Y,,D,22,0,0,1,0,0,0,0,0,0,"- ","- ",36.982860565185547,-121.96053314208984,"SANTA CRUZ",UNINCORPORATED,-121.96053314208984,36.982860565185547
92149022,2023,2023-08-21,9720,2023-08-11,1826,023103,,5,2,9,4400,0,2,4,,1,032,"HOLOHAN RD","GREEN VALLEY RD",50.00,E,N,A,-,N,,,,,,,,,,N,4,0,1,2,A,-,21,22106,,N,C,C,A,A,H,-,A,A,0,,,,,Y,,A,07,0,0,1,0,0,0,0,0,0,"- ","- ",36.9410400390625,-121.76915740966797,"SANTA CRUZ",UNINCORPORATED,-121.76930236816406,36.941020965576172
92151282,2023,2023-08-23,9720,2023-08-13,"130 ",022907,,7,3,9,4400,0,2,4,,1,021,"SOQUEL DR","SOQUEL AVE",30.00,E,N,A,-,N,,,,,,,,,,Y,4,0,1,1,A,-,01,23152,A,N,E,I,A,A,H,-,C,A,0,,,,,Y,Y,A,01,0,0,1,0,0,0,0,0,0,"- ","- ",36.986011505126953,-121.98726654052734,"SANTA CRUZ",UNINCORPORATED,-121.98748016357422,36.986000061035156
92151357,2023,2023-08-23,9720,2023-08-15,1650,021304,,2,2,9,4400,0,2,4,,1,032,"518 GREEN VALLEY ROAD","MINTO ROAD",45.00,E,N,A,-,N,,,,,,,,,,N,2,0,1,2,A,-,01,23152,A,M,D,E,A,A,D,-,A,D,0,,,,,Y,Y,D,22,1,0,0,0,0,0,0,0,0,"- ","- ",36.951541900634766,-121.76480102539062,"SANTA CRUZ",UNINCORPORATED,-121.76490783691406,36.951358795166016
92151665,2023,2023-08-23,9720,2023-08-20,"945 ",021717,,7,1,9,4400,0,2,4,,1,032,"HOLOHAN RD","LAKEN DR",1056.00,W,N,A,-,N,,,,,,,,,,Y,3,0,2,3,A,-,03,22350,,N,C,C,A,A,H,-,A,D,0,,,,,Y,,A,07,0,1,1,0,0,0,0,0,0,"- ","- ",36.937381744384766,-121.74903869628906,"SANTA CRUZ",UNINCORPORATED,-121.74874877929688,36.937267303466797
92152093,2023,2023-08-24,9720,2023-08-14,"745 ",023322,,1,1,9,4400,0,1,3,,2,030,"NB SR-1","LARKIN VALLEY RD",1584.00,N,N,B,E,Y,SCR,,1," ",R,7.985,H,,R,Y,4,0,1,3,A,-,03,22350,,N,C,C,A,A,H,-,A,D,0,,,,,Y,,D,22,0,0,1,0,0,0,0,0,0,"- ","- ",36.964199066162109,-121.86607360839844,"SANTA CRUZ",UNINCORPORATED,-121.86602783203125,36.964229583740234
92152120,2023,2023-08-24,9720,2023-08-16,1645,023214,,3,2,9,4400,0,1,3,,2,020,"SR-1 S/B","N BRANCIFORTE AVE.",150.00,N,N,A,-,Y,SCR,,1," "," ",16.278,H,,L,Y,3,0,1,2,A,-,03,22350,,N,C,C,A,A,H,-,A,D,0,,,,,Y,,A,08,0,1,0,0,0,0,0,0,0,"- ","- ",36.988441467285156,-122.01161956787109,"SANTA CRUZ",UNINCORPORATED,-122.01161956787109,36.988502502441406
92152353,2023,2023-08-24,9720,2023-08-12,1753,023166,,6,2,9,4400,0,3,5,,2,300,"SAN ANDREAS RD.","DAIRY RD.",528.00,E,N,A,-,N,,,,,,,,,,Y,4,0,1,1,A,-,08,22107,,N,E,8,A,A,H,-,A,D,0,,,,,Y,,A,01,0,0,1,0,0,0,0,0,0,"- ","- ",36.887748718261719,-121.80487060546875,"SANTA CRUZ",UNINCORPORATED,-121.80490112304688,36.887809753417969
92155192,2023,2023-08-28,9720,2023-08-15,1653,021304,,2,2,9,4400,0,2,4,,1,032,"GREEN VALLEY RD","PAULSEN RD",20.00,W,N,A,-,N,,,,,,,,,,Y,2,0,3,2,A,-,01,23152,A,F,C,2,A,A,D,-,A,A,0,,,,,Y,Y,D,22,1,1,1,0,0,0,0,0,0,"- ","- ",36.955608367919922,-121.76492309570312,"SANTA CRUZ",UNINCORPORATED,-121.76495361328125,36.955780029296875
92155193,2023,2023-08-28,9720,2023-08-17,1800,022140,,4,2,9,4400,0,3,5,,2,200,"STATE PARD DR","SANTA CRUZ AVE",180.00,S,N,B,-,N,,,,,,,,,,Y,3,0,1,1,A,-,08,22107,,N,E,I,A,A,H,-,A,D,0,,,,,Y,,D,22,0,1,0,0,0,0,0,0,0,"- ","- ",36.973129272460938,-121.91236114501953,"SANTA CRUZ",UNINCORPORATED,-121.91242980957031,36.973209381103516
92157190,2023,2023-08-29,9720,2023-08-18,2300,022293,,5,3,9,4400,0,1,3,,2,020,"N/B SR-1 TO 41ST AVE","41ST AVENUE",0.00,,Y,A,-,Y,,,,,,,,,,N,4,0,1,2,A,-,14,21201,D,N,D,G,A,A,H,-,C,A,0,,Y,,,Y,,L,04,0,0,1,0,0,0,1,0,0,"- ","- ",36.983779907226562,-121.96456909179688,"SANTA CRUZ",UNINCORPORATED,-121.96439361572266,36.982837677001953
92157711,2023,2023-08-29,9720,2023-08-24,"823 ",021714,,4,1,9,4400,0,1,3,,1,017,"SR-17 N/B","PASATIEMPO DR.",1056.00,S,N,B,-,Y,,,,,,,,,,Y,3,0,1,1,A,-,08,22107,,N,E,I,A,B,H,-,A,D,0,,,,,Y,,D,22,0,1,0,0,0,0,0,0,0,"- ","- ",36.995521545410156,-121.01927185058594,"SANTA CRUZ",UNINCORPORATED,-122.021240234375,36.997753143310547
92157773,2023,2023-08-29,9720,2023-08-20,1740,022140,,7,2,9,4400,0,1,3,,1,010,SR-1,"BONNY DOON RD",1162.00,S,N,A,-,Y,SCR,,1," "," ",27.401,H,,R,Y,3,0,3,2,A,-,09,21804,A,N,D,2,A,A,H,-,A,D,0,,,,,Y,,A,01,0,3,0,0,0,0,0,0,0,"- ","- ",36.998600006103516,-122.17768096923828,"SANTA CRUZ",UNINCORPORATED,-122.17766571044922,36.998611450195312
92158190,2023,2023-08-30,9720,2023-08-15,2246,023311,,2,3,9,4400,0,1,3,,2,020,"SR-1 S/B","BRANCIFORTE AVE",258.00,S,N,A,-,Y,SCR,,1," "," ",16.184,H,,L,Y,3,0,3,2,A,-,08,22107,,F,E,I,A,A,H,-,C,D,0,,,,,Y,Y,A,01,0,3,0,0,0,0,0,0,0,"- ","- ",36.988491058349609,-122.00995635986328,"SANTA CRUZ",UNINCORPORATED,-122.00996398925781,36.988445281982422
92158285,2023,2023-08-30,9720,2023-08-18,1605,023331,,5,2,9,4400,0,1,3,,1,035,"SR-129 E/B","LAKEVIEW RD",1365.00,W,N,A,-,Y,SCR,,129," "," ",1.130,H,,R,N,2,0,1,2,A,-,09,21801,A,F,D,C,A,A,H,-,A,D,0,,,Y,,Y,,D,22,1,0,0,0,0,0,0,0,1,"- ","- ",36.915378570556641,-121.73606872558594,"SANTA CRUZ",UNINCORPORATED,-121.736083984375,36.915401458740234
92159497,2023,2023-08-31,9720,2023-08-20,1830,023166,,7,2,9,4400,0,1,3,,2,030,"SR-1 S/B",SR-129,2640.00,N,N,A,-,Y,SCR,,1," ",R,1.286,H,,L,Y,3,0,1,2,A,-,03,22350,,N,C,C,A,A,D,-,A,D,0,,,Y,,Y,,C,02,0,1,0,0,0,0,0,0,1,"- ","- ",36.901679992675781,-121.77889251708984,"SANTA CRUZ",UNINCORPORATED,-121.77889251708984,36.901679992675781
92159522,2023,2023-08-31,9720,2023-08-24,1455,023146,,4,2,9,4400,0,2,4,,1,024,"CAPITOLA RD","17TH AVE",5.00,W,N,B,-,N,,,,,,,,,,N,3,0,1,2,A,-,08,22107,,N,H,G,A,A,H,-,A,D,0,,Y,,,Y,,A,08,0,1,0,0,0,0,1,0,0,"- ","- ",36.975780487060547,-121.98317718505859,"SANTA CRUZ",UNINCORPORATED,-121.98303985595703,36.975845336914062
92159670,2023,2023-08-31,9720,2023-08-19,"150 ",020977,,6,3,9,4400,0,1,3,,1,034,SR-152,"RED HAWK PLACE",2112.00,E,N,B,-,Y,SCR,,152," "," ",5.845,H,,R,Y,3,0,1,1,A,-,01,23152,A,N,F,A,A,A,H,-,D,D,0,,,,,Y,Y,A,01,0,1,0,0,0,0,0,0,0,"- ","- ",36.977809906005859,-121.71273040771484,"SANTA CRUZ",UNINCORPORATED,-121.71277618408203,36.977859497070312
92160275,2023,2023-08-31,9720,2023-08-19,1820,023186,,6,2,9,4400,0,3,5,,2,200,"VIENNA DR","VIENNA PINES CT",65.00,E,N,A,-,N,,,,,,,,,,Y,3,0,1,2,A,-,01,23152,A,N,C,E,A,A,H,-,A,D,0,,,,,Y,Y,A,01,0,1,0,0,0,0,0,0,0,"- ","- ",36.987411499023438,-121.91880035400391,"SANTA CRUZ",UNINCORPORATED,-121.91883850097656,36.987407684326172
92161750,2023,2023-09-04,9720,2023-08-25,2045,023166,,5,2,9,4400,0,1,3,,1,034,"SR-152 W/B","DELANEY AVE",400.00,W,N,A,-,N,,,,,,,,,,Y,3,0,1,1,A,-,01,23152,A,N,E,I,A,A,H,-,D,D,0,,,,,Y,Y,A,01,0,1,0,0,0,0,0,0,0,"- ","- ",36.952430725097656,-121.73110961914062,"SANTA CRUZ",UNINCORPORATED,-121.73105621337891,36.952377319335938
92161837,2023,2023-09-04,9720,2023-08-11,"725 ",023322,,5,1,9,4400,0,1,3,,1,017,"SR-17 S/B","CRESCENT DR",1267.00,N,N,B,-,Y,SCR,,17," "," ",7.187,H,,L,Y,4,0,3,6,A,-,07,21658,A,F,E,I,A,A,H,-,A,D,0,,,,,Y,,-,99,0,0,3,0,0,0,0,0,0,"- ","- ",37.076278686523438,-121.98638153076172,"SANTA CRUZ",UNINCORPORATED,-121.98636627197266,37.076255798339844
92163392,2023,2023-09-06,9720,2023-08-27,2255,022879,,7,3,9,4400,0,3,5,,2,300,"LAKEVIEW RD.","KINGSTON DR.",80.00,N,N,A,-,N,,,,,,,,,,Y,2,0,1,3,A,-,01,23152,A,N,E,E,A,A,H,-,C,D,0,,,,,Y,Y,A,01,1,0,0,0,0,0,0,0,0,"- ","- ",36.930599212646484,-121.73281097412109,"SANTA CRUZ",UNINCORPORATED,-121.73280334472656,36.930461883544922