CASE_ID,ACCIDENT_YEAR,PROC_DATE,JURIS,COLLISION_DATE,COLLISION_TIME,OFFICER_ID,REPORTING_DISTRICT,DAY_OF_WEEK,CHP_SHIFT,POPULATION,CNTY_CITY_LOC,SPECIAL_COND,BEAT_TYPE,CHP_BEAT_TYPE,CITY_DIVISION_LAPD,CHP_BEAT_CLASS,BEAT_NUMBER,PRIMARY_RD,SECONDARY_RD,DISTANCE,DIRECTION,INTERSECTION,WEATHER_1,WEATHER_2,STATE_HWY_IND,CALTRANS_COUNTY,CALTRANS_DISTRICT,STATE_ROUTE,ROUTE_SUFFIX,POSTMILE_PREFIX,POSTMILE,LOCATION_TYPE,RAMP_INTERSECTION,SIDE_OF_HWY,TOW_AWAY,COLLISION_SEVERITY,NUMBER_KILLED,NUMBER_INJURED,PARTY_COUNT,PRIMARY_COLL_FACTOR,PCF_CODE_OF_VIOL,PCF_VIOL_CATEGORY,PCF_VIOLATION,PCF_VIOL_SUBSECTION,HIT_AND_RUN,TYPE_OF_COLLISION,MVIW,PED_ACTION,ROAD_SURFACE,ROAD_COND_1,ROAD_COND_2,LIGHTING,CONTROL_DEVICE,CHP_ROAD_TYPE,PEDESTRIAN_ACCIDENT,BICYCLE_ACCIDENT,MOTORCYCLE_ACCIDENT,TRUCK_ACCIDENT,NOT_PRIVATE_PROPERTY,ALCOHOL_INVOLVED,STWD_VEHTYPE_AT_FAULT,CHP_VEHTYPE_AT_FAULT,COUNT_SEVERE_INJ,COUNT_VISIBLE_INJ,COUNT_COMPLAINT_PAIN,COUNT_PED_KILLED,COUNT_PED_INJURED,COUNT_BICYCLIST_KILLED,COUNT_BICYCLIST_INJURED,COUNT_MC_KILLED,COUNT_MC_INJURED,PRIMARY_RAMP,SECONDARY_RAMP,LATITUDE,LONGITUDE,COUNTY,CITY,POINT_X,POINT_Y
92163560,2023,2023-09-06,9720,2023-08-30,1424,023316,,3,2,9,4400,0,2,4,,1,021,"SOQUEL DR","STATE PARK",700.00,W,N,A,-,N,,,,,,,,,,Y,3,0,1,2,A,-,09,21801,A,N,D,2,A,A,D,-,A,D,0,,,,,Y,,A,01,0,1,0,0,0,0,0,0,0,"- ","- ",36.981998443603516,-121.91045379638672,"SANTA CRUZ",UNINCORPORATED,-121.90973663330078,36.981475830078125
92163838,2023,2023-09-06,9720,2023-08-27,1654,023146,,7,2,9,4400,0,1,3,,2,020,"SR-1 N/B","PARK AVE",845.00,N,N,A,-,Y,SCR,,1," "," ",12.287,H,,R,Y,3,0,2,2,A,-,03,22350,,N,C,C,A,A,H,-,A,D,0,,,,,Y,,A,01,0,2,0,0,0,0,0,0,0,"- ","- ",36.98406982421875,-121.9404296875,"SANTA CRUZ",UNINCORPORATED,-121.9404296875,36.984081268310547
92167436,2023,2023-09-11,9720,2023-09-02,1355,023146,,6,1,9,4400,0,2,4,,1,021,"SOQUEL DR","APTOS CREEK RD",10.00,W,N,B,-,N,,,,,,,,,,N,3,0,1,2,A,-,08,22100,B,F,H,G,A,A,H,-,A,A,0,,Y,,,Y,,-,99,0,1,0,0,0,0,1,0,0,"- ","- ",36.977920532226562,-121.90248107910156,"SANTA CRUZ",UNINCORPORATED,-121.90235900878906,36.977066040039062
92168585,2023,2023-09-12,9720,2023-08-23,"539 ",023311,,3,3,9,4400,0,1,3,,1,035,SR-129,"MURPHY RD",8448.00,E,N,A,-,Y,SCR,,129," "," ",6.331,H,,R,Y,2,0,1,2,A,-,05,21460,A,N,A,C,A,A,H,-,D,D,0,,,,Y,Y,,A,07,1,0,0,0,0,0,0,0,0,"- ","- ",36.909679412841797,-121.65115356445312,"SANTA CRUZ",UNINCORPORATED,-121.65111541748047,36.909687042236328
92169128,2023,2023-09-13,9720,2023-09-11,"935 ",021717,,1,1,9,4400,0,2,4,,1,021,"SOQUEL DR","CARRIKER LN.",0.00,,Y,A,-,N,,,,,,,,,,Y,3,0,1,2,A,-,09,21801,A,N,D,C,A,A,H,-,A,D,0,,,,,Y,,D,22,0,1,0,0,0,0,0,0,0,"- ","- ",36.987369537353516,-121.96819305419922,"SANTA CRUZ",UNINCORPORATED,-121.96810150146484,36.987281799316406
92170065,2023,2023-09-14,9720,2023-09-06,2210,022293,,3,3,9,4400,0,3,5,,2,300,"MANFRE ROAD","LAS PALMAS",25.00,W,N,A,-,N,,,,,,,,,,N,3,0,1,1,A,-,01,23152,A,M,E,I,A,A,H,-,D,D,0,,,,,Y,Y,A,01,0,1,0,0,0,0,0,0,0,"- ","- ",36.933048248291016,-121.79853057861328,"SANTA CRUZ",UNINCORPORATED,-121.79845428466797,36.933086395263672
92170351,2023,2023-09-14,9720,2023-09-03,1626,023186,,7,2,9,4400,0,1,3,,1,010,SR-1,"SWANTON RD",4118.00,N,N,A,-,Y,SCR,,1," "," ",31.419,H,,R,N,3,0,1,1,A,-,03,22350,,N,F,A,A,A,H,-,A,D,0,,,Y,,Y,,C,02,0,1,0,0,0,0,0,0,1,"- ","- ",37.039009094238281,-122.22744750976562,"SANTA CRUZ",UNINCORPORATED,-122.22748565673828,37.038993835449219
92172217,2023,2023-09-18,9720,2023-09-02,"650 ",023345,,6,1,9,4400,0,2,4,,1,022,"SOQUEL SAN JOSE RD","SPRING HOLLOW RD",220.00,N,N,B,-,N,,,,,,,,,,Y,3,0,1,1,A,-,08,22107,,N,E,I,A,A,H,-,A,D,0,,,,,Y,,A,01,0,1,0,0,0,0,0,0,0,"- ","- ",37.116500854492188,-121.93161010742188,"SANTA CRUZ",UNINCORPORATED,-121.93144226074219,37.116596221923828
92172233,2023,2023-09-18,9720,2023-09-04,1518,023146,,1,2,9,4400,0,3,5,,2,100,"ICE CREAM GRADE","WINTER CREEK RD",2006.00,E,N,A,-,N,,,,,,,,,,Y,2,0,2,1,A,-,08,22107,,N,E,8,A,A,H,-,A,D,0,,,,,Y,,A,01,1,1,0,0,0,0,0,0,0,"- ","- ",37.059528350830078,-122.13371276855469,"SANTA CRUZ",UNINCORPORATED,-122.1337890625,37.059494018554688
92172342,2023,2023-09-18,9720,2023-09-09,"324 ",023026,,6,3,9,4400,0,1,3,,1,017,"N/B SR-17","GLENWOOD DR",100.00,N,N,A,-,Y,SCR,,17," "," ",10.683,H,,R,N,2,0,1,2,A,-,03,22350,,F,G,B,E,A,H,-,D,D,0,Y,,,,Y,,A,01,1,0,0,0,1,0,0,0,0,"- ","- ",37.120479583740234,-121.97582244873047,"SANTA CRUZ",UNINCORPORATED,-121.97594451904297,37.120517730712891
92172358,2023,2023-09-18,9720,2023-09-09,1404,023166,,6,2,9,4400,0,3,5,,2,200,"BRANCIFORTE DR.","MILL RD",286.00,S,N,A,-,N,,,,,,,,,,Y,3,0,1,1,A,-,08,22107,,N,E,I,A,A,H,-,A,D,0,,,,,Y,,D,22,0,1,0,0,0,0,0,0,0,"- ","- ",36.998680114746094,-122.00502777099609,"SANTA CRUZ",UNINCORPORATED,-122.00505065917969,36.998779296875
92172370,2023,2023-09-18,9720,2023-09-09,1457,022140,,6,2,9,4400,0,1,3,,1,014,SR-9,"TIN CAN RANCH RD",3168.00,N,N,A,-,Y,SCR,,9," "," ",24.382,H,,R,Y,4,0,1,1,A,-,03,22350,,N,F,0,A,A,H,-,A,D,0,,,Y,,Y,,C,02,0,0,1,0,0,0,0,0,1,"- ","- ",37.245880126953125,-122.15145874023438,"SANTA CRUZ",UNINCORPORATED,-122.15145874023438,37.245880126953125
92172421,2023,2023-09-18,9720,2023-09-12,"720 ",021717,,2,1,9,4400,0,3,5,,2,300,"CASSERLY RD","DIAS LN",528.00,E,N,A,-,N,,,,,,,,,,Y,3,0,1,2,A,-,09,21804,A,N,D,C,A,A,H,-,A,D,0,,,,,Y,,A,07,0,1,0,0,0,0,0,0,0,"- ","- ",36.964931488037109,-121.74012756347656,"SANTA CRUZ",UNINCORPORATED,-121.73289489746094,36.963764190673828
92172776,2023,2023-09-18,9720,2023-09-15,"710 ",022399,,5,1,9,4400,0,1,3,,2,030,"SR-1 N/B TO FREEDOM BLVD","FREEDOM BLVD",0.00,,Y,B,-,Y,,,,,,,,,,Y,4,0,1,2,A,-,09,21802,A,N,D,C,A,A,H,-,A,A,0,,,,,Y,,D,22,0,0,1,0,0,0,0,0,0,"- ","- ",36.970638275146484,-121.87277984619141,"SANTA CRUZ",UNINCORPORATED,-121.87303924560547,36.970432281494141
92173292,2023,2023-09-19,9720,2023-09-07,1648,023166,,4,2,9,4400,0,3,5,,2,300,"CARLTON RD.","LAKEVIEW RD",1584.00,W,N,A,-,N,,,,,,,,,,Y,3,0,1,2,A,-,01,23152,A,N,A,C,A,A,H,-,A,D,0,,,,,Y,Y,A,01,0,1,0,0,0,0,0,0,0,"- ","- ",36.949390411376953,-121.72074890136719,"SANTA CRUZ",UNINCORPORATED,-121.72068786621094,36.949497222900391
92175338,2023,2023-09-20,9720,2023-09-06,1740,023316,,3,2,9,4400,0,2,4,,1,031,"FREEDOM BLVD","WHITE RD",300.00,S,N,A,-,N,,,,,,,,,,Y,3,0,2,1,A,-,08,22107,,N,E,I,A,A,H,-,A,D,0,,,,,Y,,D,22,0,2,0,0,0,0,0,0,0,"- ","- ",36.970710754394531,-121.81899261474609,"SANTA CRUZ",UNINCORPORATED,-121.81907653808594,36.970729827880859
92178054,2023,2023-09-25,9720,2023-09-06,1444,023146,,3,2,9,4400,0,2,4,,1,024,"BROMMER ST","CAPTIANS CT",135.00,W,N,A,-,N,,,,,,,,,,N,3,0,1,2,A,-,09,21804,A,F,H,G,A,A,H,-,A,D,0,,Y,,,Y,,A,07,0,1,0,0,0,0,1,0,0,"- ","- ",36.972000122070312,-121.99417114257812,"SANTA CRUZ",UNINCORPORATED,-121.99404907226562,36.972030639648438
92181096,2023,2023-09-27,9720,2023-09-18,"250 ",023146,,1,3,9,4400,0,3,5,,2,100,"MT HERMON RD","GRAHAM HILL RD",528.00,E,N,A,-,N,,,,,,,,,,Y,3,0,2,1,A,-,08,22107,,N,E,I,A,A,H,-,D,D,0,,,,,Y,,A,01,0,1,1,0,0,0,0,0,0,"- ","- ",37.053699493408203,-122.06903076171875,"SANTA CRUZ",UNINCORPORATED,-122.06963348388672,37.053298950195312
92182309,2023,2023-09-28,9720,2023-09-16,2249,022901,,6,3,9,4400,0,3,5,,2,100,"MILL STREET",SR-9,180.00,W,N,A,-,N,,,,,,,,,,N,3,0,1,2,A,-,01,23152,A,M,B,E,A,A,H,-,C,D,0,,,,,Y,Y,A,01,0,1,0,0,0,0,0,0,0,"- ","- ",37.088829040527344,-122.08924102783203,"SANTA CRUZ",UNINCORPORATED,-122.09217071533203,37.089340209960938
92182323,2023,2023-09-28,9720,2023-09-19,1800,022901,,2,2,9,4400,0,3,5,,2,300,"BUENA VISTA DRIVE","WHISKEY HILL ROAD",269.00,E,N,A,-,N,,,,,,,,,,N,3,0,1,1,A,-,08,22107,,N,F,A,A,A,H,-,A,D,0,,,,,Y,,A,01,0,1,0,0,0,0,0,0,0,"- ","- ",36.916629791259766,-121.82170867919922,"SANTA CRUZ",UNINCORPORATED,-121.82444000244141,36.917018890380859
92183527,2023,2023-10-02,9720,2023-09-23,1640,023387,,6,2,9,4400,0,1,3,,2,020,"SR-1 S/B","SPRECKELS DR",528.00,S,N,A,-,Y,SCR,,1," "," ",9.895,H,,L,Y,3,0,1,1,A,-,08,22107,,N,F,A,A,A,H,-,A,D,0,,,,,Y,Y,A,07,0,1,0,0,0,0,0,0,0,"- ","- ",36.974758148193359,-121.89975738525391,"SANTA CRUZ",UNINCORPORATED,-121.89974975585938,36.974838256835938
92183546,2023,2023-10-02,9720,2023-09-24,1850,023387,,7,2,9,4400,0,1,3,,2,020,"SR-1 N/B","41ST AVE",1056.00,S,N,A,-,Y,SCR,,1," "," ",13.817,H,,R,Y,4,0,1,1,A,-,08,22107,,N,E,I,A,A,D,-,A,D,0,,,,,Y,,A,01,0,0,1,0,0,0,0,0,0,"- ","- ",36.983081817626953,-121.96797180175781,"SANTA CRUZ",UNINCORPORATED,-121.96797180175781,36.983028411865234
92188176,2023,2023-10-02,9720,2023-09-28,"808 ",019956,,4,1,9,4400,0,3,5,,2,200,"KINSLEY ST","17TH AVE",300.00,E,N,A,-,N,,,,,,,,,,N,3,0,1,2,A,-,08,22107,,N,C,E,A,A,H,-,A,D,0,,Y,,,Y,,L,04,0,1,0,0,0,0,1,0,0,"- ","- ",36.969768524169922,-121.98400115966797,"SANTA CRUZ",UNINCORPORATED,-121.98386383056641,36.969696044921875
92188221,2023,2023-10-02,9720,2023-09-20,"548 ",023166,,3,3,9,4400,0,1,3,,2,020,"SR-1 N/B","CAPITOLA AVE.",885.00,N,N,A,-,Y,SCR,,1," "," ",13.037,H,,R,Y,2,0,1,3,A,-,08,22107,,F,B,C,A,A,H,-,C,D,0,,,Y,Y,Y,,D,22,1,0,0,0,0,0,0,0,1,"- ","- ",36.983551025390625,-121.95403289794922,"SANTA CRUZ",UNINCORPORATED,-121.95403289794922,36.983562469482422
92188854,2023,2023-10-03,9720,2023-08-30,1904,023316,,3,2,9,4400,0,1,3,,1,017,"SR-17 N/B","MT. HERMON ROAD",2640.00,S,N,A,-,Y,SCR,,17," "," ",2.914,H,,R,Y,3,0,1,1,A,-,01,23152,A,N,E,8,A,A,H,-,B,D,0,,,,,Y,Y,A,07,0,1,0,0,0,0,0,0,0,"- ","- ",37.028488159179688,-122.02349853515625,"SANTA CRUZ",UNINCORPORATED,-122.02357482910156,37.028526306152344
92189030,2023,2023-10-03,9720,2023-09-17,"130 ",023146,,7,3,9,4400,0,3,5,,2,300,"WHITING RD","DI CICCO TERRACE",260.00,W,N,A,-,N,,,,,,,,,,Y,4,0,1,1,A,-,01,23152,A,N,E,I,A,A,H,-,D,D,0,,,,,Y,Y,D,22,0,0,1,0,0,0,0,0,0,"- ","- ",36.954639434814453,-121.74015045166016,"SANTA CRUZ",UNINCORPORATED,-121.74018096923828,36.954692840576172
92191704,2023,2023-10-05,9720,2023-09-23,"935 ",023322,,6,1,9,4400,0,2,4,,1,021,"SOQUEL DR","WINKLE AVENUE",62.00,N,N,A,-,N,,,,,,,,,,N,3,0,1,2,A,-,08,22107,,N,H,G,A,A,H,-,A,D,0,,Y,,,Y,,D,22,0,1,0,0,0,0,1,0,0,"- ","- ",36.988311767578125,-121.97538757324219,"SANTA CRUZ",UNINCORPORATED,-121.975341796875,36.988231658935547
92191731,2023,2023-10-05,9720,2023-09-24,2246,023345,,7,3,9,4400,0,3,5,,2,100,"GLEN ARBOR RD","LIVE OAK AVE",56.00,N,N,A,-,N,,,,,,,,,,Y,3,0,1,1,A,-,01,23152,A,N,E,9,A,A,H,-,C,D,0,,,,,Y,Y,A,07,0,1,0,0,0,0,0,0,0,"- ","- ",37.088581085205078,-122.08502197265625,"SANTA CRUZ",UNINCORPORATED,-122.08507537841797,37.088520050048828
92191910,2023,2023-10-05,9720,2023-09-26,2155,022293,,2,2,9,4400,0,1,3,,1,014,SR-9,"OLD COUNTY HIGHWAY",220.00,S,N,A,-,Y,SCR,,9," "," ",15.504,H,,R,N,2,0,1,1,A,-,01,23152,A,N,E,I,A,A,H,-,D,D,0,,,Y,,Y,Y,C,02,1,0,0,0,0,0,0,0,1,"- ","- ",37.156589508056641,-122.13394165039062,"SANTA CRUZ",UNINCORPORATED,-122.13394927978516,37.156585693359375
92191944,2023,2023-10-05,9720,2023-09-29,"645 ",020562,,5,1,9,4400,0,1,3,,1,017,"SR-17 N/B","GRANITE CREEK RD",1320.00,S,N,A,-,Y,SCR,,17," "," ",5.180,H,,R,Y,3,0,1,2,A,-,07,21658,A,N,B,C,A,A,H,-,B,D,0,,,Y,,Y,,A,01,0,1,0,0,0,0,0,0,1,"- ","- ",37.057498931884766,-122.00640106201172,"SANTA CRUZ",UNINCORPORATED,-122.00640106201172,37.057498931884766
92193450,2023,2023-10-09,9720,2023-09-26,1500,023387,,2,2,9,4400,0,1,3,,2,020,"SR-1 N/B","41ST AVE",528.00,N,N,A,-,Y,SCR,,1," "," ",13.801,H,,R,Y,3,0,2,2,A,-,04,21703,,N,C,C,A,A,D,-,A,D,0,,,,,Y,,A,08,0,1,1,0,0,0,0,0,0,"- ","- ",36.983028411865234,-121.96768951416016,"SANTA CRUZ",UNINCORPORATED,-121.96768951416016,36.983013153076172
92193451,2023,2023-10-09,9720,2023-09-26,1815,023387,,2,2,9,4400,0,3,5,,2,200,"VALENCIA ST","TROUT GULCH RD",0.00,,Y,A,-,N,,,,,,,,,,N,3,0,2,3,A,-,10,21950,A,N,G,B,B,A,H,-,A,A,0,Y,,,,Y,Y,A,01,0,1,1,0,2,0,0,0,0,"- ","- ",36.977569580078125,-121.89962768554688,"SANTA CRUZ",UNINCORPORATED,-121.89956665039062,36.977588653564453
92193452,2023,2023-10-09,9720,2023-09-26,2007,023387,,2,2,9,4400,0,3,5,,2,200,"RODRIGUEZ ST","CHANTICLEER AVE",0.00,,Y,A,-,N,,,,,,,,,,Y,3,0,1,1,A,-,01,23152,A,N,E,8,A,A,H,-,C,A,0,,,,,Y,Y,A,01,0,1,0,0,0,0,0,0,0,"- ","- ",36.981910705566406,-121.97920227050781,"SANTA CRUZ",UNINCORPORATED,-121.97924041748047,36.981925964355469
92194784,2023,2023-10-09,9720,2023-09-28,"748 ",023245,,4,1,9,4400,0,1,3,,2,020,"SR-1 N/B","RIO DEL MAR BOULEVARD",1056.00,S,N,A,-,Y,SCR,,1," "," ",8.946,H,,R,N,3,0,1,2,A,-,07,21658,A,N,B,C,A,A,H,-,A,D,0,,,Y,,Y,,A,07,0,1,0,0,0,0,0,0,1,"- ","- ",36.973968505859375,-121.88278198242188,"SANTA CRUZ",UNINCORPORATED,-121.88277435302734,36.973979949951172
92194813,2023,2023-10-10,9720,2023-10-01,1653,023214,,7,2,9,4400,0,3,5,,2,200,"SPRECKLES DR.","MOOSEHEAD DR.",33.00,N,N,A,-,N,,,,,,,,,,Y,3,0,1,2,A,-,01,23152,A,N,B,C,A,A,H,-,A,D,0,,,,,Y,Y,A,07,0,1,0,0,0,0,0,0,0,"- ","- ",36.973529815673828,-121.90390014648438,"SANTA CRUZ",UNINCORPORATED,-121.90391540527344,36.973529815673828
92195745,2023,2023-10-10,9720,2023-10-06,1542,023245,,5,2,9,4400,0,2,4,,1,023,"41ST AVENUE","OPAL CLIFF DRIVE",5.00,N,N,A,-,N,,,,,,,,,,N,3,0,1,2,A,-,03,22350,,N,G,B,D,A,H,-,A,A,0,Y,,,,Y,,A,01,0,1,0,0,1,0,0,0,0,"- ","- ",36.961071014404297,-121.96486663818359,"SANTA CRUZ",UNINCORPORATED,-121.96488952636719,36.960994720458984
92197441,2023,2023-10-12,9720,2023-10-02,1805,023316,,1,2,9,4400,0,3,5,,2,200,"CANTERBURY ROAD","MCGREGOR DRIVE",125.00,W,N,A,-,N,,,,,,,,,,N,3,0,1,2,A,-,11,21954,A,N,G,B,D,A,H,-,A,D,0,Y,,,,Y,,-,"- ",0,1,0,0,1,0,0,0,0,"- ","- ",36.976799011230469,-121.91251373291016,"SANTA CRUZ",UNINCORPORATED,-121.91242218017578,36.976791381835938
92197809,2023,2023-10-12,9720,2023-10-04,1345,022162,,3,1,9,4400,0,2,4,,1,021,"SOQUEL DR","MONTEREY AVE",0.00,,Y,A,-,N,,,,,,,,,,Y,3,0,1,2,A,-,09,21804,A,N,D,C,A,A,H,-,A,A,0,,,,,Y,,A,07,0,1,0,0,0,0,0,0,0,"- ","- ",36.987770080566406,-121.9403076171875,"SANTA CRUZ",UNINCORPORATED,-121.94023895263672,36.987804412841797
92197816,2023,2023-10-12,9720,2023-10-03,1735,023316,,2,2,9,4400,0,1,3,,2,020,"SR-1 S/B","41ST AVENUE",400.00,N,N,A,-,Y,SCR,,1," "," ",13.701,H,,L,N,3,0,1,3,A,-,07,21658,A,N,B,C,A,A,D,-,A,D,0,,,Y,,Y,,C,02,0,1,0,0,0,0,0,0,1,"- ","- ",36.982780456542969,-121.96591949462891,"SANTA CRUZ",UNINCORPORATED,-121.96591949462891,36.982765197753906
92199912,2023,2023-10-16,9720,2023-10-05,1626,021833,,4,2,9,4400,0,1,3,,2,020,"S/B SR-1","RIO DEL MAR BLVD",528.00,S,N,A,-,Y,SCR,,1," "," ",8.937,H,,R,N,3,0,2,2,A,-,03,22350,,N,C,C,A,A,H,-,A,D,0,,,,,Y,,A,01,0,1,1,0,0,0,0,0,0,"- ","- ",36.973728179931641,-121.88272094726562,"SANTA CRUZ",UNINCORPORATED,-121.88261413574219,36.973922729492188
92199982,2023,2023-10-16,9720,2023-10-05,1730,021304,,4,2,9,4400,0,3,5,,2,300,"SAN ANDREAS ROAD","CREST VIEW DR",528.00,S,N,A,-,N,,,,,,,,,,N,2,0,1,2,A,-,08,22107,,F,C,G,A,A,H,-,A,D,0,,Y,,,Y,,-,99,1,0,0,0,0,0,1,0,0,"- ","- ",36.891941070556641,-121.81037902832031,"SANTA CRUZ",UNINCORPORATED,-121.83646392822266,36.920200347900391
92200154,2023,2023-10-16,9720,2023-10-06,"655 ",022162,,5,1,9,4400,0,3,5,,2,300,"BUENA VISTA DR","HARKIN SLOUGH  RD",2640.00,N,N,A,-,N,,,,,,,,,,Y,3,0,1,1,A,-,08,22107,,N,F,A,A,A,H,-,B,D,0,,,,,Y,,A,07,0,1,0,0,0,0,0,0,0,"- ","- ",36.917961120605469,-121.81780242919922,"SANTA CRUZ",UNINCORPORATED,-121.81411743164062,36.927253723144531
92200780,2023,2023-10-17,9720,2023-10-08,1335,022458,,7,1,9,4400,0,1,3,,2,020,"SR-1 N/B","RIO DEL MAR BLVD.",1056.00,S,N,A,-,Y,SCR,,1," "," ",8.936,H,,R,Y,4,0,1,2,A,-,03,22350,,N,C,C,A,A,H,-,A,D,0,,,,,Y,,A,01,0,0,1,0,0,0,0,0,0,"- ","- ",36.973899841308594,-121.88260650634766,"SANTA CRUZ",UNINCORPORATED,-121.88259887695312,36.973918914794922
92201113,2023,2023-10-17,9720,2023-09-15,1832,022976,,5,2,9,4400,0,2,4,,1,032,"GREEN VALLEY RD","CELIA DR",0.00,,Y,A,-,N,,,,,,,,,,N,4,0,1,3,A,-,09,21802,A,F,D,C,A,A,H,-,A,D,0,,,,,Y,Y,A,01,0,0,1,0,0,0,0,0,0,"- ","- ",36.953868865966797,-121.76493072509766,"SANTA CRUZ",UNINCORPORATED,-121.76492309570312,36.953838348388672
92202881,2023,2023-10-18,9720,2023-10-08,1420,022044,,7,2,9,4400,0,1,3,,1,014,SR-9,"RIVERVIEW RD.",100.00,S,N,A,-,Y,SCR,,9," "," ",15.474,H,,R,Y,3,0,2,2,A,-,05,21460,A,N,A,2,A,A,H,-,A,D,0,,,,,Y,,A,08,0,1,1,0,0,0,0,0,0,"- ","- ",37.156150817871094,-122.13361358642578,"SANTA CRUZ",UNINCORPORATED,-122.13362121582031,37.156143188476562
92203569,2023,2023-10-19,9720,2023-10-09,1640,023387,,1,2,9,4400,0,3,5,,2,300,"THOMPSON RD","CARLTON RD",0.00,,Y,A,-,N,,,,,,,,,,N,4,0,1,3,A,-,09,21802,A,N,D,C,A,A,H,-,A,A,0,,,,,Y,Y,D,22,0,0,1,0,0,0,0,0,0,"- ","- ",36.928668975830078,-121.70606231689453,"SANTA CRUZ",UNINCORPORATED,-121.70665740966797,36.938304901123047
92204649,2023,2023-10-20,9720,2023-10-12,"910 ",022458,,4,1,9,4400,0,1,3,,2,020,"SR-1 N/B","PORTER STREET",2112.00,S,N,A,-,Y,SCR,,1," "," ",12.743,H,,R,N,4,0,1,2,A,-,03,22350,,N,C,C,A,A,H,-,A,D,0,,,,,Y,,A,01,0,0,1,0,0,0,0,0,0,"- ","- ",36.983989715576172,-121.94870758056641,"SANTA CRUZ",UNINCORPORATED,-121.94871520996094,36.984043121337891
92204748,2023,2023-10-20,9720,2023-10-11,"610 ",022162,,3,1,9,4400,0,1,3,,2,030,"SR-1 N/B","RIVERSIDE DR",1320.00,S,N,E,-,Y,SCR,,1," ",R,0.264,H,,R,Y,4,0,1,2,A,-,08,22107,,N,B,C,A,A,H,-,B,D,0,,,,,Y,,A,01,0,0,1,0,0,0,0,0,0,"- ","- ",36.887741088867188,-121.77284240722656,"SANTA CRUZ",UNINCORPORATED,-121.77288818359375,36.887733459472656
92204874,2023,2023-10-20,9720,2023-10-11,"710 ",022162,,3,1,9,4400,0,3,5,,2,300,"SAN ANDREAS RD","DAIRY ROAD",410.00,S,N,A,-,N,,,,,,,,,,N,2,0,3,1,A,-,03,22350,,N,F,I,A,A,H,-,A,D,0,,,,,Y,,A,01,2,1,0,0,0,0,0,0,0,"- ","- ",36.887771606445312,-121.80532073974609,"SANTA CRUZ",UNINCORPORATED,-121.80530548095703,36.887840270996094
92204914,2023,2023-10-20,9720,2023-10-12,"635 ",022162,,4,1,9,4400,0,1,3,,2,030,"SR-1 N/B","AIRPORT BLVD",2640.00,N,N,A,-,Y,SCR,,1," ",R,4.130,H,,R,Y,3,0,3,3,A,-,03,22350,,N,C,C,A,A,D,-,B,D,0,,,,,Y,,A,01,0,2,1,0,0,0,0,0,0,"- ","- ",36.931831359863281,-121.81140899658203,"SANTA CRUZ",UNINCORPORATED,-121.81139373779297,36.931865692138672
92205614,2023,2023-10-23,9720,2023-09-28,1445,023186,,4,2,9,4400,0,1,3,,1,010,SR-1,"BONNY DOON RD",2700.00,S,N,A,-,Y,SCR,,1," "," ",27.111,H,,R,Y,3,0,1,2,A,-,03,22350,,N,C,C,A,A,H,-,A,D,0,,,,,Y,,A,01,0,1,0,0,0,0,0,0,0,"- ","- ",36.995998382568359,-122.17330932617188,"SANTA CRUZ",UNINCORPORATED,-122.17331695556641,36.995994567871094
92207451,2023,2023-10-24,9720,2023-10-17,"800 ",023419,,2,1,9,4400,0,2,4,,1,021,"SOQUEL DRIVE","MONROE AVE",417.00,W,N,A,-,N,,,,,,,,,,Y,4,0,1,2,A,-,05,21460,A,N,B,C,A,A,H,-,A,D,0,,,,,Y,,A,01,0,0,1,0,0,0,0,0,0,"- ","- ",36.972278594970703,-121.87727355957031,"SANTA CRUZ",UNINCORPORATED,-121.88625335693359,36.975677490234375