CASE_ID,ACCIDENT_YEAR,PROC_DATE,JURIS,COLLISION_DATE,COLLISION_TIME,OFFICER_ID,REPORTING_DISTRICT,DAY_OF_WEEK,CHP_SHIFT,POPULATION,CNTY_CITY_LOC,SPECIAL_COND,BEAT_TYPE,CHP_BEAT_TYPE,CITY_DIVISION_LAPD,CHP_BEAT_CLASS,BEAT_NUMBER,PRIMARY_RD,SECONDARY_RD,DISTANCE,DIRECTION,INTERSECTION,WEATHER_1,WEATHER_2,STATE_HWY_IND,CALTRANS_COUNTY,CALTRANS_DISTRICT,STATE_ROUTE,ROUTE_SUFFIX,POSTMILE_PREFIX,POSTMILE,LOCATION_TYPE,RAMP_INTERSECTION,SIDE_OF_HWY,TOW_AWAY,COLLISION_SEVERITY,NUMBER_KILLED,NUMBER_INJURED,PARTY_COUNT,PRIMARY_COLL_FACTOR,PCF_CODE_OF_VIOL,PCF_VIOL_CATEGORY,PCF_VIOLATION,PCF_VIOL_SUBSECTION,HIT_AND_RUN,TYPE_OF_COLLISION,MVIW,PED_ACTION,ROAD_SURFACE,ROAD_COND_1,ROAD_COND_2,LIGHTING,CONTROL_DEVICE,CHP_ROAD_TYPE,PEDESTRIAN_ACCIDENT,BICYCLE_ACCIDENT,MOTORCYCLE_ACCIDENT,TRUCK_ACCIDENT,NOT_PRIVATE_PROPERTY,ALCOHOL_INVOLVED,STWD_VEHTYPE_AT_FAULT,CHP_VEHTYPE_AT_FAULT,COUNT_SEVERE_INJ,COUNT_VISIBLE_INJ,COUNT_COMPLAINT_PAIN,COUNT_PED_KILLED,COUNT_PED_INJURED,COUNT_BICYCLIST_KILLED,COUNT_BICYCLIST_INJURED,COUNT_MC_KILLED,COUNT_MC_INJURED,PRIMARY_RAMP,SECONDARY_RAMP,LATITUDE,LONGITUDE,COUNTY,CITY,POINT_X,POINT_Y
92208713,2023,2023-10-25,9720,2023-10-16,"808 ",023419,,1,1,5,4402,0,1,3,,2,020,"N/B SR-1","PARK AVE",2112.00,S,N,A,-,Y,SCR,,1," "," ",11.692,H,,R,N,3,0,1,2,A,-,07,21658,A,N,B,C,A,A,H,-,A,D,0,,,Y,,Y,,D,22,0,1,0,0,0,0,0,0,1,"- ","- ",36.983650207519531,-121.9296875,"SANTA CRUZ","SANTA CRUZ",-121.9296875,36.983669281005859
92208778,2023,2023-10-26,9720,2023-10-16,1513,023387,,1,2,9,4400,0,1,3,,2,020,"SR-1 S/B","MARKET ST",75.00,N,N,A,-,Y,SCR,,1," "," ",16.397,H,,L,Y,2,0,1,1,A,-,03,22350,,N,F,A,A,A,H,-,A,D,0,,,,,Y,,A,07,1,0,0,0,0,0,0,0,0,"- ","- ",36.988571166992188,-122.01368713378906,"SANTA CRUZ",UNINCORPORATED,-122.01368713378906,36.988582611083984
92224063,2023,2023-10-31,9720,2023-10-19,2300,023322,,4,3,9,4400,0,1,3,,1,017,"SR-17 S/B","GRANITE CREEK RD",2640.00,S,N,A,-,Y,SCR,,17," "," ",4.955,H,,L,Y,3,0,2,2,A,-,01,23152,A,N,D,C,A,A,H,-,D,D,0,,,,,Y,,A,01,0,2,0,0,0,0,0,0,0,"- ","- ",37.054599761962891,-122.00810241699219,"SANTA CRUZ",UNINCORPORATED,-122.00811004638672,37.054603576660156
92224758,2023,2023-10-31,9720,2023-10-18,1755,022044,,3,2,9,4400,0,2,4,,1,016,"GRAHAM HILL RD","E ZAYANTE RD.",0.00,,Y,A,-,N,,,,,,,,,,N,2,0,1,2,A,-,08,22107,,N,B,2,A,A,H,-,A,D,0,,,Y,,Y,,-,"- ",1,0,0,0,0,0,0,0,1,"- ","- ",37.049831390380859,-122.06588745117188,"SANTA CRUZ",UNINCORPORATED,-122.06584930419922,37.049797058105469
92226870,2023,2023-11-02,9720,2023-10-24,"902 ",022162,,2,1,9,4400,0,2,4,,1,032,"HOLOHAN RD","GREEN VALLEY RD",0.00,,Y,A,-,N,,,,,,,,,,Y,3,0,1,2,A,-,03,22350,,N,C,C,A,A,G,-,A,A,0,,,,,Y,,A,01,0,1,0,0,0,0,0,0,0,"- ","- ",36.9410400390625,-121.76921081542969,"SANTA CRUZ",UNINCORPORATED,-121.76947021484375,36.941059112548828
92226873,2023,2023-11-02,9720,2023-10-23,1420,021304,,1,2,9,4400,0,1,3,,2,030,"SR-1 S/B",SR-152,528.00,N,N,A,-,Y,SCR,,1," ",R,2.788,H,,L,N,4,0,1,2,A,-,07,21658,A,N,B,C,A,A,H,-,A,D,0,,,,Y,Y,,G,25,0,0,1,0,0,0,0,0,0,"- ","- ",36.9208984375,-121.79164886474609,"SANTA CRUZ",UNINCORPORATED,-121.79157257080078,36.920955657958984
92226895,2023,2023-11-03,9720,2023-10-23,"815 ",015170,,1,1,9,4400,0,1,3,,1,015,SR-9,"PIKE RD",10.00,S,N,B,-,Y,SCR,,9," "," ",10.583,H,,R,Y,3,0,1,1,A,-,03,22350,,N,E,8,A,B,H,-,A,A,0,,,,,Y,,A,01,0,1,0,0,0,0,0,0,0,"- ","- ",37.099700927734375,-122.10096740722656,"SANTA CRUZ",UNINCORPORATED,-122.10092163085938,37.099746704101562
92227695,2023,2023-11-03,9720,2023-10-25,"850 ",015699,,3,1,9,4400,0,1,3,,2,020,"STATE ROUTE 1 N/B","PARK AVE",1584.00,N,N,A,-,Y,,,,,,,,,,N,4,0,1,1,A,-,08,22107,,N,E,I,A,A,H,-,A,D,0,,,,,Y,,A,01,0,0,1,0,0,0,0,0,0,"- ","- ",36.983589172363281,-121.94200897216797,"SANTA CRUZ",UNINCORPORATED,-121.94200897216797,36.984088897705078
92228380,2023,2023-11-06,9720,2023-10-29,1735,022140,,7,2,9,4400,0,3,5,,2,100,"EMPIRE GRADE","CAVE GULCH RD",3168.00,S,N,A,-,N,,,,,,,,,,Y,2,0,1,1,A,-,08,22107,,N,F,A,A,A,H,-,A,D,0,,,Y,,Y,,C,02,1,0,0,0,0,0,0,0,1,"- ","- ",37.00115966796875,-122.06977844238281,"SANTA CRUZ",UNINCORPORATED,-122.06941223144531,37.000541687011719
92230945,2023,2023-11-08,9720,2023-10-24,2500,023419,,2,4,9,4400,0,2,4,,1,021,"SOQUEL DR","APTOS HILL LN",40.00,E,N,B,-,N,,,,,,,,,,N,2,0,1,1,A,-,08,22107,,N,C,A,A,A,A,-,A,D,0,,Y,,,Y,,-,"- ",1,0,0,0,0,0,1,0,0,"- ","- ",36.983131408691406,-121.912353515625,"SANTA CRUZ",UNINCORPORATED,-121.91243743896484,36.983051300048828
92231134,2023,2023-11-08,9720,2023-10-29,2327,023245,,7,3,9,4400,0,3,5,,2,300,"BUENA VISTA DR","SAN ANDREAS RD",1003.00,E,N,A,-,N,,,,,,,,,,Y,3,0,2,1,A,-,01,23152,A,N,E,I,A,A,H,-,D,D,0,,,,,Y,Y,A,07,0,2,0,0,0,0,0,0,0,"- ","- ",36.918430328369141,-121.83125305175781,"SANTA CRUZ",UNINCORPORATED,-121.831787109375,36.918376922607422
92232529,2023,2023-11-09,9720,2023-10-29,1119,023331,,7,1,9,4400,0,3,5,,2,200,"STATE PARK DRIVE","OLD DOMINION CT",375.00,W,N,A,-,N,,,,,,,,,,N,3,0,1,2,A,-,08,22107,,N,B,C,A,A,H,-,A,A,0,,,,,Y,,M,94,0,1,0,0,0,0,0,0,0,"- ","- ",36.978641510009766,-121.90982055664062,"SANTA CRUZ",UNINCORPORATED,-121.90974426269531,36.978660583496094
92234463,2023,2024-02-15,9720,2023-10-18,"625 ",023331,,3,1,9,4400,0,1,3,,2,030,"SR-1 N/B","BUENA VISTA DR",5280.00,N,N,A,-,Y,SCR,,1," ",R,5.109,H,,R,N,4,0,1,2,A,-,03,22350,,F,C,C,A,A,H,-,D,D,0,,,,,Y,,A,01,0,0,1,0,0,0,0,0,0,"- ","- ",36.936981201171875,-121.82782745361328,"SANTA CRUZ",UNINCORPORATED,-121.82780456542969,36.937030792236328
92234852,2023,2023-11-14,9720,2023-11-02,1200,023166,,4,1,9,4400,0,3,5,,2,200,"SOQUEL AVE","17TH AVE",157.00,E,N,A,-,N,,,,,,,,,,Y,3,0,1,1,A,-,08,22107,,N,E,I,A,A,D,-,A,A,0,,,,,Y,,A,01,0,1,0,0,0,0,0,0,0,"- ","- ",36.985538482666016,-121.98110198974609,"SANTA CRUZ",UNINCORPORATED,-121.98114776611328,36.985527038574219
92237925,2023,2023-11-16,9720,2023-11-08,1835,022293,,3,2,9,4400,0,2,4,,1,023,"17TH AVENUE","CAPITOLA ROAD",40.00,N,N,A,-,N,,,,,,,,,,N,3,0,1,2,A,-,03,22350,,N,C,C,A,A,H,-,C,A,0,,,Y,,Y,,A,01,0,1,0,0,0,0,0,0,1,"- ","- ",36.976051330566406,-121.98300933837891,"SANTA CRUZ",UNINCORPORATED,-121.98298645019531,36.975948333740234
92240651,2023,2023-11-20,9720,2023-11-10,2326,023245,,5,3,9,4400,0,1,3,,2,030,"SR-1 S/B","BUENA VISTA DR",4330.00,N,N,A,-,Y,SCR,,1," ",R,4.932,H,,L,Y,4,0,2,1,A,-,08,22107,,N,E,I,A,A,H,-,D,D,0,,,,,Y,Y,A,07,0,0,2,0,0,0,0,0,0,"- ","- ",36.935638427734375,-121.82523345947266,"SANTA CRUZ",UNINCORPORATED,-121.82518768310547,36.935733795166016
92241848,2023,2023-11-21,9720,2023-11-14,1345,023345,,2,1,9,4400,0,3,5,,2,200,"EATON ST","6TH AVE",5.00,S,N,A,-,N,,,,,,,,,,Y,3,0,2,2,A,-,09,21802,A,N,D,C,A,A,H,-,A,D,0,,,,,Y,,A,01,0,2,0,0,0,0,0,0,0,"- ","- ",36.967811584472656,-121.99912261962891,"SANTA CRUZ",UNINCORPORATED,-121.99904632568359,36.967739105224609
92241903,2023,2023-11-21,9720,2023-11-04,1755,023103,,6,2,9,4400,0,3,5,,2,200,"SEASCAPE BLVD","SUMNER AVE",250.00,E,N,A,-,N,,,,,,,,,,N,3,0,1,1,A,-,08,22107,,N,E,I,A,A,H,-,A,D,0,,,,,Y,,D,22,0,1,0,0,0,0,0,0,0,"- ","- ",36.952251434326172,-121.87642669677734,"SANTA CRUZ",UNINCORPORATED,-121.87648773193359,36.952198028564453
92245232,2023,2023-11-27,9720,2023-11-12,1201,023331,,7,1,9,4400,0,1,3,,1,014,SR-9,"MCGAFFIGAN MILL RD",1320.00,N,N,A,-,Y,SCR,,9," "," ",18.774,H,,R,N,2,0,1,2,A,-,03,22350,,N,B,C,A,A,H,-,A,D,0,,,Y,,Y,,C,02,1,0,0,0,0,0,0,0,1,"- ","- ",37.200969696044922,-122.14694213867188,"SANTA CRUZ",UNINCORPORATED,-122.14690399169922,37.200962066650391
92246544,2023,2023-11-28,9720,2023-11-12,1439,023331,,7,2,9,4400,0,1,3,,1,012,SR-236,SR-9,10560.00,S,N,A,-,Y,SCR,,236," "," ",15.116,H,,R,Y,4,0,1,2,A,-,17,21662,A,N,A,C,A,A,H,-,A,D,0,,,,,Y,,A,07,0,0,1,0,0,0,0,0,0,"- ","- ",37.192790985107422,-122.17481994628906,"SANTA CRUZ",UNINCORPORATED,-122.17485809326172,37.192733764648438
92247156,2023,2023-11-28,9720,2023-11-21,1530,021304,,2,2,9,4400,0,1,3,,2,030,"SR-1 S/B TO SAN ANDREAS RD","LARKIN VALLEY RD",10.00,N,N,A,-,Y,,,,,,,,,,N,4,0,2,2,A,-,03,22350,,N,C,C,A,A,H,-,A,A,0,,,,,Y,,A,07,0,0,2,0,0,0,0,0,0,"- ","- ",36.960201263427734,-121.86305999755859,"SANTA CRUZ",UNINCORPORATED,-121.86305999755859,36.960201263427734
92248360,2023,2023-11-30,9720,2023-10-24,1215,015170,,2,1,9,4400,0,1,3,,1,014,SR-9,"CRESTA DR",0.00,,Y,B,-,Y,SCR,,9," "," ",14.119,H,,R,Y,2,0,1,2,A,-,03,22350,,N,B,C,A,A,H,-,A,A,0,,,Y,,Y,,C,02,1,0,0,0,0,0,0,0,1,"- ","- ",37.138401031494141,-122.12935638427734,"SANTA CRUZ",UNINCORPORATED,-122.12938690185547,37.138385772705078
92250236,2023,2023-12-01,9720,2023-11-24,1618,021833,,5,2,9,4400,0,1,3,,1,034,"SR-152 JEO FALLOWFIELD LN","FALLOWFIELD LN.",215.00,E,N,A,-,Y,SCR,,152," "," ",4.183,H,,R,Y,3,0,1,1,A,-,01,23152,A,N,E,I,A,A,H,-,A,D,0,,,,,Y,Y,A,07,0,1,0,0,0,0,0,0,0,"- ","- ",36.961601257324219,-121.72223663330078,"SANTA CRUZ",UNINCORPORATED,-121.72214508056641,36.961605072021484
92251998,2023,2023-12-04,9720,2023-11-04,"210 ",023387,,6,3,9,4400,0,2,4,,1,024,"PORTOLA DR","19TH AVE",0.00,,Y,A,-,N,,,,,,,,,,N,4,0,1,1,A,-,03,22350,,M,E,9,A,A,D,-,C,A,0,,,,,Y,,A,01,0,0,1,0,0,0,0,0,0,"- ","- ",36.962600708007812,-121.98665618896484,"SANTA CRUZ",UNINCORPORATED,-121.986572265625,36.962577819824219
92254998,2023,2023-12-07,9720,2023-11-29,1500,023502,,3,2,9,4400,0,2,4,,1,021,"SOQUEL DR","COMMERCIAL CROSSING",115.00,E,N,A,-,N,,,,,,,,,,N,3,0,2,3,A,-,03,22350,,N,C,C,A,A,H,-,A,A,0,,,,,Y,,A,08,0,1,1,0,0,0,0,0,0,"- ","- ",36.988838195800781,-121.98261260986328,"SANTA CRUZ",UNINCORPORATED,-121.98255920410156,36.988788604736328
92256685,2023,2023-12-08,9720,2023-11-27,2306,023419,,1,3,9,4400,0,3,5,,2,300,"CASSERLY RD","SMITH RD",12.00,W,N,A,-,N,,,,,,,,,,Y,4,0,1,1,A,-,03,22350,,N,E,8,A,A,H,-,D,D,0,,,,,Y,,J,48,0,0,1,0,0,0,0,0,0,"- ","- ",36.975620269775391,-121.75093078613281,"SANTA CRUZ",UNINCORPORATED,-121.75078582763672,36.975643157958984
92256734,2023,2023-12-08,9720,2023-11-08,"920 ",023419,,3,1,9,4400,0,1,3,,2,020,"SR-1 N/B","STATE PARK DR.",3696.00,S,N,A,-,Y,SCR,,1," "," ",9.796,H,,R,Y,3,0,1,4,A,-,03,22350,,N,C,C,A,A,H,-,A,D,0,,,,,Y,,D,22,0,1,0,0,0,0,0,0,0,"- ","- ",36.974960327148438,-121.89797210693359,"SANTA CRUZ",UNINCORPORATED,-121.89797210693359,36.974979400634766
92256969,2023,2023-12-08,9720,2023-11-23,1007,023419,,4,1,9,4400,0,1,3,,2,020,"SR-1 S/B","RIO DEL MAR BOULEVARD",391.00,N,N,A,-,Y,SCR,,1," "," ",9.235,H,,L,N,3,0,1,2,A,-,07,21658,A,N,B,C,A,A,H,-,A,D,0,,,,,Y,,A,01,0,1,0,0,0,0,0,0,0,"- ","- ",36.975250244140625,-121.88787078857422,"SANTA CRUZ",UNINCORPORATED,-121.88787078857422,36.975254058837891
92257129,2023,2023-12-08,9720,2023-11-09,1845,022901,,4,2,9,4400,0,1,3,,2,020,"SR-1 S/B","PARK AVENUE",250.00,N,N,A,-,Y,SCR,,1," "," ",12.298,H,,L,Y,3,0,2,2,A,-,03,22350,,N,C,C,A,A,H,-,C,D,0,,,,,Y,,D,22,0,1,1,0,0,0,0,0,0,"- ","- ",36.983921051025391,-121.94065856933594,"SANTA CRUZ",UNINCORPORATED,-121.94065856933594,36.983928680419922
92258560,2023,2023-12-11,9720,2023-11-30,"952 ",023573,,4,1,9,4400,0,2,4,,1,021,"SOQUEL DRIVE","STATE PARK DRIVE",150.00,E,N,A,-,N,,,,,,,,,,N,3,0,2,2,A,-,09,21804,A,N,D,C,A,A,H,-,A,D,0,,,,,Y,,A,01,0,2,0,0,0,0,0,0,0,"- ","- ",36.979450225830078,-121.90812683105469,"SANTA CRUZ",UNINCORPORATED,-121.90814971923828,36.979522705078125
92258603,2023,2023-12-11,9720,2023-11-30,2100,023387,,4,2,5,4402,0,2,S,,2,901,"CHESTNUT ST","LAUREL ST",74.00,N,N,A,-,N,,,,,,,,,,N,3,0,1,2,A,-,01,23152,A,N,D,C,A,A,H,-,C,D,0,,,,,Y,Y,A,01,0,1,0,0,0,0,0,0,0,"- ","- ",36.968978881835938,-122.02950286865234,"SANTA CRUZ","SANTA CRUZ",-122.02941131591797,36.968906402587891
92258829,2023,2023-12-11,9720,2023-09-18,1550,023186,,1,2,9,4400,0,1,S,,2,904,SR-1,"MOSS LANDING RD",305.00,N,N,A,-,Y,MON,,1," "," ",95.862,H,,R,Y,2,0,1,2,A,-,03,22350,,N,C,C,A,A,H,-,A,D,0,,,,,Y,,A,01,1,0,0,0,0,0,0,0,0,"- ","- ",36.800689697265625,-121.78334808349609,"SANTA CRUZ",UNINCORPORATED,-121.78337097167969,36.800685882568359
92259049,2023,2023-12-11,9720,2023-12-02,1611,023103,,6,2,9,4400,0,2,4,,1,021,"SOQUEL R","HEATHER TERRACE",0.00,,Y,A,-,N,,,,,,,,,,N,4,0,1,2,A,-,08,22107,,N,H,G,A,A,H,-,A,D,0,,Y,,,Y,,D,22,0,0,1,0,0,0,1,0,0,"- ","- ",36.983070373535156,-121.91269683837891,"SANTA CRUZ",UNINCORPORATED,-121.91255187988281,36.983104705810547
92259685,2023,2023-12-12,9720,2023-11-30,1120,023316,,4,1,9,4400,0,3,5,,2,100,"EMPIRE GRADE RD","BONNYWOOD WAY",1000.00,S,N,A,-,N,,,,,,,,,,Y,4,0,1,1,A,-,03,22350,,N,F,A,A,A,H,-,A,D,0,,,Y,,Y,,C,02,0,0,1,0,0,0,0,0,1,"- ","- ",37.03887939453125,-122.10768890380859,"SANTA CRUZ",UNINCORPORATED,-122.10697174072266,37.039409637451172
92259927,2023,2023-12-12,9720,2023-12-01,"605 ",023316,,5,1,9,4400,0,1,3,,1,015,SR-9,"SAN LORENZO WAY",71.00,N,N,A,-,Y,SCR,,9," "," ",6.844,H,,R,Y,3,0,1,2,A,-,08,22107,,N,A,8,A,A,H,-,D,D,0,,,,,Y,,A,07,0,1,0,0,0,0,0,0,0,"- ","- ",37.05780029296875,-122.07655334472656,"SANTA CRUZ",UNINCORPORATED,-122.07659912109375,37.057758331298828
92261455,2023,2023-12-13,9720,2023-12-05,"806 ",023516,,2,1,9,4400,0,1,3,,2,030,"SR-1 S/B","MAR MONTE AVE",4752.00,S,N,A,-,Y,SCR,,1," ",R,5.783,H,,L,Y,4,0,3,3,A,-,03,22350,,N,B,C,A,A,H,-,A,D,0,,,,,Y,,D,22,0,0,3,0,0,0,0,0,0,"- ","- ",36.940898895263672,-121.83898162841797,"SANTA CRUZ",UNINCORPORATED,-121.83897399902344,36.940910339355469
92262566,2023,2023-12-14,9720,2023-12-01,1345,023507,,5,1,9,4400,0,1,3,,2,020,"SR-1 N/B","41ST AVENUE",5.00,S,N,A,-,Y,,,,,,,,,,N,4,0,1,2,A,-,10,21950,A,N,G,B,B,A,H,-,A,A,0,Y,,,,Y,,-,"- ",0,0,1,0,1,0,0,0,0,"- ","- ",36.983798980712891,-121.96454620361328,"SANTA CRUZ",UNINCORPORATED,-121.96439361572266,36.982841491699219
92263425,2023,2023-12-15,9720,2023-12-07,"730 ",019956,,4,1,9,4400,0,3,5,,2,300,"CORRALITOS RD","SKYLARK LN",285.00,N,N,A,-,N,,,,,,,,,,Y,3,0,3,2,A,-,21,22106,,N,H,2,A,A,H,-,A,D,0,,,,,Y,,A,07,0,3,0,0,0,0,0,0,0,"- ","- ",36.977699279785156,-121.80619049072266,"SANTA CRUZ",UNINCORPORATED,-121.80619812011719,36.9776611328125
92266614,2023,2023-12-20,9720,2023-12-07,1720,023447,,4,2,9,4400,0,1,3,,1,015,SR-9,"PROSPECT AVE",80.00,N,N,A,-,Y,SCR,,9," "," ",12.074,H,,R,Y,3,0,1,1,A,-,08,22107,,N,E,8,A,A,H,-,B,D,0,,,,,Y,,A,01,0,1,0,0,0,0,0,0,0,"- ","- ",37.113059997558594,-122.11598205566406,"SANTA CRUZ",UNINCORPORATED,-122.11599731445312,37.112972259521484
92267688,2023,2024-01-16,9720,2023-12-12,"623 ",015170,,2,1,9,4400,0,1,3,,1,017,SR-17,"SUGARLOAF RD",85.00,N,N,A,-,Y,SCR,,17," "," ",8.745,H,,R,Y,3,0,1,4,A,-,03,22350,,N,C,C,A,A,H,-,D,D,0,,,,,Y,,A,08,0,1,0,0,0,0,0,0,0,"- ","- ",37.095779418945312,-121.97621154785156,"SANTA CRUZ",UNINCORPORATED,-121.9761962890625,37.095771789550781
92268564,2023,2023-12-21,9720,2023-12-11,2003,023245,,1,2,9,4400,0,1,3,,1,017,"SR-17 S/B","GLENWOOD CUTOFF",1250.00,N,N,A,-,Y,SCR,,17," "," ",8.840,H,,L,Y,4,0,1,3,A,-,08,22107,,N,B,2,A,A,D,-,D,A,0,,,,Y,Y,,A,01,0,0,1,0,0,0,0,0,0,"- ","- ",37.096931457519531,-121.97537231445312,"SANTA CRUZ",UNINCORPORATED,-121.97537231445312,37.096931457519531
92268586,2023,2023-12-21,9720,2023-12-14,"846 ",023573,,4,1,9,4400,0,1,3,,2,020,"SR-1 N/B","BRANCIFORTE AVE",3696.00,N,N,A,-,N,,,,,,,,,,N,3,0,1,1,A,-,08,22107,,N,F,A,A,A,H,-,A,D,0,,,Y,,Y,,-,"- ",0,1,0,0,0,0,0,0,1,"- ","- ",36.990779876708984,-122.0213623046875,"SANTA CRUZ",UNINCORPORATED,-122.02131652832031,36.990753173828125
92268591,2023,2023-12-21,9720,2023-12-12,1532,023573,,2,2,9,4400,0,1,3,,2,030,"SR-1 S/B","AIRPORT BLVD",528.00,S,N,A,-,N,,,,,,,,,,N,3,0,1,1,A,-,07,21658,A,N,E,I,A,A,H,-,A,D,0,,,,,Y,,-,"- ",0,1,0,0,0,0,0,0,0,"- ","- ",36.922779083251953,-121.79440307617188,"SANTA CRUZ",UNINCORPORATED,-121.79435729980469,36.922855377197266
92268695,2023,2023-12-21,9720,2023-12-11,1740,023331,,1,2,9,4400,0,1,3,,2,020,"SR-1 S/B","SOQUEL DR",792.00,N,N,A,-,Y,SCR,,1," "," ",15.031,H,,L,Y,4,0,1,4,A,-,03,22350,,M,C,2,A,A,H,-,C,D,0,,,,,Y,,A,01,0,0,1,0,0,0,0,0,0,"- ","- ",36.987560272216797,-121.98925018310547,"SANTA CRUZ",UNINCORPORATED,-121.98925018310547,36.987545013427734
92269754,2023,2023-12-22,9720,2023-10-28,2230,023345,,6,3,9,4400,0,1,3,,1,035,SR-129,"OLD CHITTENDEN RD",4752.00,W,N,A,-,Y,SCR,,129," "," ",9.099,H,,R,Y,3,0,1,3,A,-,08,22107,,F,A,2,A,A,H,-,D,D,0,,,,,Y,,D,22,0,1,0,0,0,0,0,0,0,"- ","- ",36.905529022216797,-121.61225891113281,"SANTA CRUZ",UNINCORPORATED,-121.61228179931641,36.905513763427734
92269812,2023,2023-12-25,9720,2023-12-13,1250,023516,,3,1,9,4400,0,2,4,,1,016,"GRAHAM HILL RD","SUMMIT AVE",1584.00,S,N,A,-,N,,,,,,,,,,Y,3,0,1,1,A,-,08,22107,,N,E,I,A,A,H,-,A,D,0,,,,,Y,,A,01,0,1,0,0,0,0,0,0,0,"- ","- ",37.045478820800781,-122.05564117431641,"SANTA CRUZ",UNINCORPORATED,-122.06401824951172,37.047492980957031
92269817,2023,2023-12-25,9720,2023-12-14,1922,022545,,4,2,9,4400,0,3,5,,2,200,"LOMA PRIETA WAY","RANCHO PRIETA RD",5280.00,E,N,A,-,N,,,,,,,,,,Y,3,0,1,1,A,-,01,23152,A,N,E,J,A,A,H,-,D,D,0,,,,,Y,Y,A,01,0,1,0,0,0,0,0,0,0,"- ","- ",37.098869323730469,-121.86750030517578,"SANTA CRUZ",UNINCORPORATED,-121.86749267578125,37.098915100097656
92269841,2023,2023-12-25,9720,2023-12-15,1730,023370,,5,2,9,4400,0,1,3,,2,020,"SR-1 S/B","PARK AVE",1056.00,S,N,A,-,Y,SCR,,1," "," ",11.312,H,,L,Y,3,0,2,3,A,-,03,22350,,N,C,C,A,A,H,-,D,D,0,,,,,Y,,A,01,0,2,0,0,0,0,0,0,0,"- ","- ",36.982589721679688,-121.92298889160156,"SANTA CRUZ",UNINCORPORATED,-121.92298889160156,36.982578277587891
92269848,2023,2023-12-25,9720,2023-10-06,1651,023186,,5,2,9,4400,0,3,5,,2,300,"AMESTI RD","PIONEER RD",277.00,S,N,A,-,N,,,,,,,,,,Y,3,0,1,2,A,-,03,22350,,N,C,C,A,A,H,-,A,D,0,,,,,Y,,A,01,0,1,0,0,0,0,0,0,0,"- ","- ",36.970550537109375,-121.79486083984375,"SANTA CRUZ",UNINCORPORATED,-121.79483795166016,36.970516204833984
92271584,2023,2023-12-26,9720,2023-12-20,"842 ",015170,,3,1,9,4400,0,1,3,,2,020,"SR-1 S/B","RIVER ST",1056.00,S,N,B,-,Y,SCR,,1," "," ",17.031,H,,L,Y,3,0,2,3,A,-,03,22350,,N,C,C,A,B,H,-,A,D,0,,,,,Y,,-,"- ",0,1,1,0,0,0,0,0,0,"- ","- ",36.987518310546875,-122.02255249023438,"SANTA CRUZ",UNINCORPORATED,-122.02256774902344,36.987529754638672
92271641,2023,2023-12-26,9730,2023-12-16,1040,021776,,6,1,9,4400,0,2,S,,2,904,"SOQUEL DRIVE","SPRECKELS DRIVE",483.00,N,N,A,-,N,,,,,,,,,,N,4,0,1,2,A,-,09,21804,A,N,D,C,A,A,H,-,A,A,0,,,,,Y,,A,07,0,0,1,0,0,0,0,0,0,"- ","- ",36.976970672607422,-121.90566253662109,"SANTA CRUZ",UNINCORPORATED,-121.90563201904297,36.976966857910156
92278188,2023,2024-01-03,9720,2023-12-22,1230,023387,,5,1,9,4400,0,1,3,,2,020,"SR-1 N/B","PARK AVE",1584.00,S,N,A,-,Y,SCR,,1," "," ",11.798,H,,R,N,3,0,1,2,A,-,07,21658,A,F,B,C,A,A,H,-,A,D,0,,,Y,,Y,,-,"- ",0,1,0,0,0,0,0,0,1,"- ","- ",36.983909606933594,-121.93157196044922,"SANTA CRUZ",UNINCORPORATED,-121.93156433105469,36.983924865722656
92278538,2023,2024-01-04,9720,2023-12-23,1620,022044,,6,2,9,4400,0,1,3,,1,014,SR-9,"MADRONA AVE",200.00,N,N,A,-,Y,SCR,,9," "," ",15.170,H,,R,N,3,0,1,1,A,-,03,22350,,N,F,A,A,B,H,-,A,D,0,,,Y,,Y,,C,02,0,1,0,0,0,0,0,0,1,"- ","- ",37.151741027832031,-122.13529968261719,"SANTA CRUZ",UNINCORPORATED,-122.13529205322266,37.151729583740234