CASE_ID,ACCIDENT_YEAR,PROC_DATE,JURIS,COLLISION_DATE,COLLISION_TIME,OFFICER_ID,REPORTING_DISTRICT,DAY_OF_WEEK,CHP_SHIFT,POPULATION,CNTY_CITY_LOC,SPECIAL_COND,BEAT_TYPE,CHP_BEAT_TYPE,CITY_DIVISION_LAPD,CHP_BEAT_CLASS,BEAT_NUMBER,PRIMARY_RD,SECONDARY_RD,DISTANCE,DIRECTION,INTERSECTION,WEATHER_1,WEATHER_2,STATE_HWY_IND,CALTRANS_COUNTY,CALTRANS_DISTRICT,STATE_ROUTE,ROUTE_SUFFIX,POSTMILE_PREFIX,POSTMILE,LOCATION_TYPE,RAMP_INTERSECTION,SIDE_OF_HWY,TOW_AWAY,COLLISION_SEVERITY,NUMBER_KILLED,NUMBER_INJURED,PARTY_COUNT,PRIMARY_COLL_FACTOR,PCF_CODE_OF_VIOL,PCF_VIOL_CATEGORY,PCF_VIOLATION,PCF_VIOL_SUBSECTION,HIT_AND_RUN,TYPE_OF_COLLISION,MVIW,PED_ACTION,ROAD_SURFACE,ROAD_COND_1,ROAD_COND_2,LIGHTING,CONTROL_DEVICE,CHP_ROAD_TYPE,PEDESTRIAN_ACCIDENT,BICYCLE_ACCIDENT,MOTORCYCLE_ACCIDENT,TRUCK_ACCIDENT,NOT_PRIVATE_PROPERTY,ALCOHOL_INVOLVED,STWD_VEHTYPE_AT_FAULT,CHP_VEHTYPE_AT_FAULT,COUNT_SEVERE_INJ,COUNT_VISIBLE_INJ,COUNT_COMPLAINT_PAIN,COUNT_PED_KILLED,COUNT_PED_INJURED,COUNT_BICYCLIST_KILLED,COUNT_BICYCLIST_INJURED,COUNT_MC_KILLED,COUNT_MC_INJURED,PRIMARY_RAMP,SECONDARY_RAMP,LATITUDE,LONGITUDE,COUNTY,CITY,POINT_X,POINT_Y
92279788,2023,2024-01-04,9720,2023-12-23,2245,022545,,6,3,9,4400,0,3,5,,2,200,"GLEN CANYON RD","REDWOOD DR",528.00,N,N,A,-,N,,,,,,,,,,Y,3,0,1,2,A,-,01,23152,A,N,E,8,A,A,H,-,D,D,0,,,,,Y,Y,D,22,0,1,0,0,0,0,0,0,0,"- ","- ",37.013210296630859,-122.01397705078125,"SANTA CRUZ",UNINCORPORATED,-122.01327514648438,37.012832641601562
92280773,2023,2024-01-08,9720,2023-12-26,1510,023322,,2,2,9,4400,0,1,3,,1,035,SR-129,"CARLTON RD",0.00,,Y,B,-,Y,SCR,,129," "," ",3.266,H,,R,Y,3,0,3,2,A,-,09,21802,A,N,D,C,A,A,H,-,A,A,0,,,,,Y,,A,01,0,2,1,0,0,0,0,0,0,"- ","- ",36.924350738525391,-121.69924926757812,"SANTA CRUZ",UNINCORPORATED,-121.69924926757812,36.924308776855469
92281297,2023,2024-01-08,9720,2023-12-23,"240 ",023186,,6,3,9,4400,0,2,4,,1,032,"FREEDOM BLVD","MCDONALD RD",528.00,E,N,A,-,N,,,,,,,,,,Y,2,0,2,1,A,-,08,22107,,N,E,8,A,A,H,-,C,D,0,,,,,Y,,A,01,1,1,0,0,0,0,0,0,0,"- ","- ",36.986549377441406,-121.85817718505859,"SANTA CRUZ",UNINCORPORATED,-121.85828399658203,36.986621856689453
92281538,2023,2024-01-08,9720,2023-12-27,1743,023447,,3,2,9,4400,0,3,5,,2,300,"LAKEVIEW RD","PARKWOOD DR",125.00,S,N,C,-,N,,,,,,,,,,N,3,0,1,2,A,-,01,23152,A,N,G,B,E,B,H,-,C,D,0,Y,,,,Y,Y,D,22,0,1,0,0,1,0,0,0,0,"- ","- ",36.930618286132812,-121.73281097412109,"SANTA CRUZ",UNINCORPORATED,-121.73274993896484,36.930618286132812
92283828,2023,2024-01-10,9720,2023-12-10,2020,022976,,7,2,9,4400,0,2,4,,1,032,"GREEN VALLEY ROAD","PAULSEN RD",500.00,W,N,A,-,N,,,,,,,,,,Y,4,0,1,1,A,-,08,22107,,N,E,I,A,A,H,-,D,D,0,,,,,Y,,J,48,0,0,1,0,0,0,0,0,0,"- ","- ",36.954418182373047,-121.76499938964844,"SANTA CRUZ",UNINCORPORATED,-121.76495361328125,36.955780029296875
92285344,2023,2024-01-11,9720,2023-12-23,2320,022976,,6,3,4,4403,0,2,4,,1,032,"GREEN VALLEY ROAD","CASSERLY ROAD",265.00,E,N,A,-,N,,,,,,,,,,Y,4,0,1,1,A,-,08,22107,,N,E,I,A,A,H,-,D,D,0,,,,,Y,,D,22,0,0,1,0,0,0,0,0,0,"- ","- ",36.969528198242188,-121.76696014404297,"SANTA CRUZ",WATSONVILLE,-121.76511383056641,36.969215393066406
92285469,2023,2024-01-12,9720,2023-12-17,2017,022545,,7,2,9,4400,0,1,3,,1,017,"SR-17 S/B","LA MADRONA DR",528.00,N,N,B,-,Y,SCR,,17," "," ",2.372,H,,L,Y,2,0,4,2,A,-,03,22350,,N,C,C,A,B,H,-,D,D,0,,,,,Y,,A,07,1,2,1,0,0,0,0,0,0,"- ","- ",37.021629333496094,-122.02687072753906,"SANTA CRUZ",UNINCORPORATED,-122.02689361572266,37.021633148193359
92287019,2023,2024-01-15,9720,2023-10-12,"309 ",022976,,4,3,9,4400,0,2,4,,1,031,"FREEDOM BLVD","SCURICH LN",300.00,S,N,A,-,N,,,,,,,,,,Y,3,0,1,2,A,-,08,22107,,M,E,8,A,A,H,-,D,D,0,,,,,Y,,A,07,0,1,0,0,0,0,0,0,0,"- ","- ",36.950778961181641,-121.79444885253906,"SANTA CRUZ",UNINCORPORATED,-121.79464721679688,36.9508056640625
92293704,2023,2024-01-22,9720,2023-12-11,1140,023516,,1,1,9,4400,0,1,3,,1,015,SR-9,"PARK WAY",190.00,N,N,A,-,Y,SCR,,9," "," ",8.840,H,,R,N,4,0,1,2,A,-,00,2818,,N,B,C,A,A,D,-,A,A,0,,,,,Y,,D,22,0,0,1,0,0,0,0,0,0,"- ","- ",37.081668853759766,-122.08515167236328,"SANTA CRUZ",UNINCORPORATED,-122.08516693115234,37.081653594970703
92294776,2023,2024-01-23,9720,2023-12-30,1800,022976,,6,2,9,4400,0,1,3,,1,035,SR-129,"SR-1 N/B",0.00,,Y,A,-,Y,SCR,,129," ",L,0.119,H,,R,Y,4,0,2,2,A,-,09,21801,A,N,D,C,A,A,H,-,C,D,0,,,,,Y,,A,01,0,0,2,0,0,0,0,0,0,"- ","- ",36.895221710205078,-121.77217864990234,"SANTA CRUZ",UNINCORPORATED,-121.77210235595703,36.8951416015625
92359857,2023,2024-04-09,9720,2023-12-20,"740 ",023316,,3,1,5,4402,0,1,3,,2,020,"SR-1 S/B","MARKET ST",146.46,S,N,B,C,Y,SCR,,1," "," ",16.339,H,,L,Y,1,1,0,1,A,-,03,22350,,N,E,I,A,B,H,-,A,D,0,,,,,Y,,D,22,0,0,0,0,0,0,0,0,0,"- ","- ",36.988430023193359,-122.01268005371094,"SANTA CRUZ","SANTA CRUZ",-122.01267242431641,36.988544464111328
94366596,2023,2024-08-23,9720,2023-07-23,1708,022140,,7,2,9,4400,0,1,3,,1,014,SR-9,"SPRING CREEK RD",528.00,S,N,A,-,Y,SCR,,9," "," ",15.011,H,,R,Y,1,1,1,1,A,-,03,22350,,N,E,I,A,A,H,-,A,D,0,,,,,Y,,D,22,1,0,0,0,0,0,0,0,0,"- ","- ",37.149620056152344,-122.13632202148438,"SANTA CRUZ",UNINCORPORATED,-122.13629913330078,37.149623870849609
9511925,2023,2023-02-01,4403,2023-01-02,1636,T0012,527,1,5,4,4403,0,0,0,,0,005,"RT 1","MAIN ST",179.00,N,N,C,-,Y,SCR,5,1,-,R,2.860,H,-,N,N,4,0,1,2,A,-,08,22107,,M,B,C,A,B,H,-,A,D,0,,,,,Y,,D,22,0,0,1,0,0,0,0,0,0,"- ","- ",,,"SANTA CRUZ",WATSONVILLE,-121.79218292236328,36.921733856201172
9514139,2023,2023-02-27,4403,2023-01-18,1349,418,223,3,5,4,4403,0,0,0,,0,002,"MAIN ST",CROSSROADS,15.00,S,N,A,-,Y,SCR,5,152,-,T,1.384,I,5,E,N,3,0,1,2,A,-,09,21801,A,N,A,G,A,A,H,-,A,A,0,,Y,,,Y,,A,01,0,1,0,0,0,0,1,0,0,"- ","- ",,,"SANTA CRUZ",WATSONVILLE,-121.78060913085938,36.917991638183594
9514140,2023,2023-02-27,4403,2023-01-26,1425,418,224,4,5,4,4403,0,0,0,,0,002,"HARVEST DR","RIVERSIDE DR",0.00,,Y,A,-,Y,SCR,5,129,-,L,0.810,I,5,W,Y,4,0,1,2,A,-,09,21802,A,N,D,C,A,A,H,-,A,A,0,,,,,Y,,A,01,0,0,1,0,0,0,0,0,0,"- ","- ",,,"SANTA CRUZ",WATSONVILLE,-121.76307678222656,36.901641845703125
9514154,2023,2023-02-27,4403,2023-01-24,1446,418,5-25,2,5,4,4403,0,0,0,,0,005,"MAIN ST","GREEN VALLEY RD",362.00,N,N,A,-,N,,,,,,,,,,,4,0,1,2,A,-,08,22107,,N,D,C,A,A,H,-,A,A,0,,,,,Y,,A,01,0,0,1,0,0,0,0,0,0,"- ","- ",,,"SANTA CRUZ",WATSONVILLE,-121.78511810302734,36.918788909912109
9520522,2023,2023-05-26,4403,2023-01-06,2354,358,"2 23",5,5,4,4403,0,0,0,,0,002,"RT 152","RODRIGUEZ ST",474.00,W,N,A,-,Y,SCR,5,152,-,T,2.250,H,-,E,N,1,1,0,2,A,-,11,21954,A,N,G,B,E,A,H,-,D,D,0,Y,,,,Y,,N,60,0,0,0,1,0,0,0,0,0,"- ","- ",,,"SANTA CRUZ",WATSONVILLE,-121.76580810546875,36.915512084960938
9525746,2023,2023-03-08,4404,2023-01-24,1540,5790,4404,2,5,3,4404,0,0,0,,0,NORTH,"GLENWOOD DR","KERRY CT",165.00,S,N,A,-,N,,,,,,,,,,N,3,0,1,2,A,-,03,22350,,N,C,C,A,A,H,-,A,D,0,,,,,Y,,A,01,0,1,0,0,0,0,0,0,0,"- ","- ",37.067089080810547,-122.00614929199219,"SANTA CRUZ","SCOTTS VALLEY",-122.00553131103516,37.06719970703125
9535897,2023,2023-03-07,4402,2023-01-22,2320,145,4402,7,5,5,4402,0,0,0,,0,000,"SOQUEL AV","MARNELL AV",54.00,E,N,A,-,N,,,,,,,,,,N,3,0,1,2,A,-,07,21658,,F,B,G,A,A,H,-,C,D,0,,Y,,,Y,,A,01,0,1,0,0,0,0,1,0,0,"- ","- ",,,"SANTA CRUZ","SANTA CRUZ",-122.00273895263672,36.981433868408203
9544041,2023,2023-01-27,4403,2023-01-03,1305,T0012,4-31,2,5,4,4403,0,0,0,,0,004,"MAIN ST","AUTO CENTER DR",25.00,N,N,A,-,Y,SCR,5,152,-,T,2.139,I,5,W,N,4,0,1,2,A,-,10,21950,A,N,G,B,B,A,H,-,A,A,0,Y,,,,Y,,A,01,0,0,1,0,1,0,0,0,0,"- ","- ",,,"SANTA CRUZ",WATSONVILLE,-121.76767730712891,36.915935516357422
9549472,2023,2023-03-24,4401,2023-02-01,"815 ",525,0041,3,5,3,4401,0,0,0,,0,,"BAY AV","BURLINGAME AV",0.00,,Y,A,-,N,,,,,,,,,,N,3,0,1,2,A,-,03,22350,,F,D,G,A,A,H,-,A,A,0,,Y,,,Y,Y,A,01,0,1,0,0,0,0,1,0,0,"- ","- ",,,"SANTA CRUZ",CAPITOLA,-121.95234680175781,36.978065490722656
9549956,2023,2023-03-04,4402,2023-01-16,1737,178,4402,1,5,5,4402,0,0,0,,0,000,"LOCUST ST","PACIFIC AV",0.00,,Y,C,-,N,,,,,,,,,,N,4,0,1,3,A,-,10,21950,A,N,G,B,B,B,H,-,C,A,0,Y,,,,Y,,D,23,0,0,1,0,1,0,0,0,0,"- ","- ",,,"SANTA CRUZ","SANTA CRUZ",-122.02655792236328,36.975303649902344
9554811,2023,2023-03-23,4403,2023-02-01,1537,418,1-07,3,5,4,4403,0,0,0,,0,001,"MARCHANT ST","RIVERSIDE DR",0.00,,Y,A,-,Y,SCR,5,129,-,-,0.230,I,5,E,Y,4,0,1,2,A,-,09,21802,A,N,D,C,A,A,H,-,A,A,0,,,,,Y,,A,07,0,0,1,0,0,0,0,0,0,"- ","- ",,,"SANTA CRUZ",WATSONVILLE,-121.7503662109375,36.909442901611328
9555136,2023,2023-04-03,4403,2023-02-11,2153,T0015,1-09,6,5,4,4403,0,0,0,,0,001,"W BEACH ST","MAIN ST",6.00,W,N,A,-,Y,SCR,5,152,-,T,2.928,I,5,W,Y,4,0,1,2,A,-,05,21650,1,N,A,G,A,A,H,-,C,A,0,,Y,,,Y,,L,04,0,0,1,0,0,0,1,0,0,"- ","- ",,,"SANTA CRUZ",WATSONVILLE,-121.75690460205078,36.910259246826172
9560048,2023,2023-03-22,4402,2023-01-19,"704 ",153,4402,4,5,5,4402,0,0,0,,0,000,"MURRAY ST","SEABRIGHT AV",951.00,E,N,A,-,N,,,,,,,,,,N,3,0,2,2,A,-,08,22107,,N,B,C,A,A,H,-,A,D,0,,,,,Y,,A,01,0,1,1,0,0,0,0,0,0,"- ","- ",,,"SANTA CRUZ","SANTA CRUZ",-122.00473785400391,36.967914581298828
9563621,2023,2023-05-25,4403,2023-03-10,1142,417,2-20,5,5,4,4403,0,0,0,,0,002,"5TH ST","KILBURN ST",202.00,E,N,C,-,N,,,,,,,,,,Y,4,0,1,3,A,-,09,21801,A,N,D,C,A,B,H,-,A,D,0,,,,,Y,,A,01,0,0,1,0,0,0,0,0,0,"- ","- ",,,"SANTA CRUZ",WATSONVILLE,-121.76071166992188,36.912628173828125
9564316,2023,2023-04-28,4403,2023-03-31,1642,358,224,5,5,4,4403,0,0,0,,0,002,"HARKINS SLOUGH RD","SUNSET VISTA DR",0.00,,Y,A,-,N,,,,,,,,,,N,4,0,1,2,A,-,10,21950,A,N,G,B,B,A,H,-,A,A,0,Y,,,,Y,,A,01,0,0,1,0,1,0,0,0,0,"- ","- ",,,"SANTA CRUZ",WATSONVILLE,-121.77619934082031,36.914661407470703
9564979,2023,2023-05-10,4403,2023-04-07,1635,418,1-09,5,5,4,4403,0,0,0,,0,001,"LAKE AV","MAIN ST",5.00,E,N,A,-,N,,,,,,,,,,N,3,0,1,2,A,-,10,21950,A,N,G,B,B,A,H,-,A,A,0,Y,,,,Y,,A,08,0,1,0,0,1,0,0,0,0,"- ","- ",,,"SANTA CRUZ",WATSONVILLE,-121.75841522216797,36.911617279052734
9565297,2023,2023-05-26,4403,2023-03-30,1756,388,2-21,4,5,4,4403,0,0,0,,0,002,"RODRIGUEZ ST","KEARNEY ST",76.00,N,N,A,-,N,,,,,,,,,,N,4,0,1,2,A,-,05,21650,,N,H,G,A,A,H,-,A,D,0,,Y,,,Y,,L,04,0,0,1,0,0,0,1,0,0,"- ","- ",,,"SANTA CRUZ",WATSONVILLE,-121.76158905029297,36.911293029785156
9565298,2023,2023-05-26,4403,2023-03-16,1728,T0015,2-21,4,5,4,4403,0,0,0,,0,002,"WEST LAKE AV","MAIN ST",222.00,W,N,A,-,N,,,,,,,,,,Y,4,0,1,2,A,-,08,22107,,N,B,C,A,A,H,-,A,D,0,,,Y,,Y,,A,01,0,0,1,0,0,0,0,0,1,"- ","- ",,,"SANTA CRUZ",WATSONVILLE,-121.75898742675781,36.911197662353516
9565299,2023,2023-05-26,4402,2023-03-28,1424,176,4402,2,5,5,4402,0,0,0,,0,000,"SOQUEL AV","PINE ST",0.00,,Y,B,C,N,,,,,,,,,,N,4,0,1,2,A,-,03,22350,,F,C,C,A,B,H,-,A,D,0,,,,,Y,,A,07,0,0,1,0,0,0,0,0,0,"- ","- ",,,"SANTA CRUZ","SANTA CRUZ",-122.01404571533203,36.977977752685547
9565308,2023,2023-05-02,4403,2023-04-14,"858 ",417,223,5,5,4,4403,0,0,0,,0,002,"OHLONE PKWY","HARKINS SLOUGH RD",200.00,E,N,A,-,N,,,,,,,,,,N,4,0,1,2,A,-,09,21804,A,N,D,C,A,A,H,-,A,A,0,,,,,Y,,A,01,0,0,1,0,0,0,0,0,0,"- ","- ",,,"SANTA CRUZ",WATSONVILLE,-121.77823638916016,36.915542602539062
9565311,2023,2023-05-02,4402,2023-04-01,1037,153,4402,6,5,5,4402,0,0,0,,0,000,"MORRISSEY BL","PARNELL ST",4.00,E,N,A,-,N,,,,,,,,,,N,2,0,1,2,A,-,08,22100,A,N,H,G,A,A,H,-,A,D,0,,Y,,,Y,,A,01,1,0,0,0,0,0,1,0,0,"- ","- ",,,"SANTA CRUZ","SANTA CRUZ",-122.00504302978516,36.985511779785156
9565312,2023,2023-05-02,4402,2023-04-10,1420,192,4402,1,5,5,4402,0,0,0,,0,000,"WEST CLIFF DR","AUBURN AV",446.00,W,N,A,-,N,,,,,,,,,,N,3,0,1,2,A,-,05,21460,A,N,D,G,A,A,H,-,A,D,0,,Y,,,Y,,A,01,0,1,0,0,0,0,1,0,0,"- ","- ",,,"SANTA CRUZ","SANTA CRUZ",-122.05384826660156,36.949542999267578
9567127,2023,2023-05-05,4402,2023-03-27,1428,192,4402,1,5,5,4402,0,0,0,,0,000,"MURRAY ST","SEABRIGHT AV",86.00,W,N,A,-,N,,,,,,,,,,Y,3,0,1,1,C,-,18,,,N,E,I,A,A,H,-,A,D,0,,,,,Y,,-,"- ",0,1,0,0,0,0,0,0,0,"- ","- ",,,"SANTA CRUZ","SANTA CRUZ",-122.00817108154297,36.967201232910156
9567635,2023,2023-05-31,4403,2023-05-12,1438,358,306,5,5,4,4403,0,0,0,,0,003,"FREEDOM BL","MARIN ST",0.00,,Y,A,-,N,,,,,,,,,,Y,4,0,1,3,A,-,09,21801,A,N,A,C,A,A,H,-,A,A,0,,,,,Y,,A,07,0,0,1,0,0,0,0,0,0,"- ","- ",,,"SANTA CRUZ",WATSONVILLE,-121.76262664794922,36.924247741699219
9567637,2023,2023-05-31,4403,2023-05-07,1705,416,408,7,5,4,4403,0,0,0,,0,004,"FREEDOM BL","SYDNEY AV",137.00,N,N,A,-,N,,,,,,,,,,N,3,0,2,2,A,-,09,21804,A,N,D,C,A,A,H,-,A,D,0,,,,,Y,Y,A,08,0,2,0,0,0,0,0,0,0,"- ","- ",,,"SANTA CRUZ",WATSONVILLE,-121.77011108398438,36.93218994140625
9568827,2023,2023-06-05,4402,2023-04-23,1550,138,4402,7,5,5,4402,0,0,0,,0,000,"RT 1","WALNUT AV",150.00,S,N,A,-,Y,SCR,5,1,-,-,18.470,H,-,S,Y,3,0,2,4,A,-,03,22350,,N,C,C,A,A,H,-,A,D,0,,,,,Y,,A,07,0,1,1,0,0,0,0,0,0,"- ","- ",,,"SANTA CRUZ","SANTA CRUZ",-122.03516387939453,36.972911834716797
9569461,2023,2023-07-13,4403,2023-05-18,2118,419,1-09,4,5,4,4403,0,0,0,,0,001,"MAIN ST","1ST ST",26.00,N,N,A,-,Y,SCR,5,129,-,-,0.000,I,6,W,Y,3,0,1,1,A,-,08,22107,,N,E,I,A,A,H,-,C,D,0,,,,,Y,Y,A,01,0,1,0,0,0,0,0,0,0,"- ","- ",,,"SANTA CRUZ",WATSONVILLE,-121.75340270996094,36.907169342041016
9569513,2023,2023-07-12,4403,2023-06-15,"959 ",418,108,4,5,4,4403,0,0,0,,0,001,"UNION ST","BEACH ST",8.00,N,N,B,-,Y,SCR,5,152,-,T,2.991,I,5,E,N,3,0,2,3,A,-,10,21950,A,N,G,B,B,A,H,-,A,A,0,Y,,,,Y,,A,01,0,1,1,0,2,0,0,0,0,"- ","- ",,,"SANTA CRUZ",WATSONVILLE,-121.75605010986328,36.910881042480469
9571108,2023,2023-04-14,4402,2023-02-23,2214,177,4402,4,5,5,4402,0,0,0,,0,000,"OCEAN ST",BROADWAY,4.00,S,N,C,F,N,,,,,,,,,,Y,3,0,1,1,A,-,03,22350,,N,E,J,A,B,H,-,C,A,0,,,,,Y,,A,01,0,1,0,0,0,0,0,0,0,"- ","- ",,,"SANTA CRUZ","SANTA CRUZ",-122.01827239990234,36.973308563232422
9572177,2023,2023-05-18,4402,2023-04-19,"822 ",130,4402,3,5,5,4402,0,0,0,,0,000,"BAY ST","LIBERTY ST",0.00,,Y,A,-,N,,,,,,,,,,N,2,0,2,2,A,-,09,21802,A,N,D,G,A,A,H,-,A,D,0,,Y,,,Y,,A,07,1,1,0,0,0,0,1,0,0,"- ","- ",,,"SANTA CRUZ","SANTA CRUZ",-122.03020477294922,36.960407257080078
9572180,2023,2023-05-19,4402,2023-04-18,1657,165,4402,2,5,5,4402,0,0,0,,0,000,"SOQUEL AV","S RIVER ST",0.00,,Y,A,-,N,,,,,,,,,,N,3,0,1,1,A,-,08,22107,,N,A,A,A,A,G,-,A,D,0,,Y,,,Y,,L,04,0,1,0,0,0,0,1,0,0,"- ","- ",,,"SANTA CRUZ","SANTA CRUZ",-122.02363586425781,36.97344970703125
9572181,2023,2023-05-18,4402,2023-04-26,1628,446,4402,3,5,5,4402,0,0,0,,0,000,"BEACH ST","PACIFIC AV",105.00,S,N,A,-,N,,,,,,,,,,N,3,0,1,2,A,-,03,22350,,N,A,B,E,A,H,-,A,D,0,Y,Y,,,Y,,L,04,0,1,0,0,0,0,1,0,0,"- ","- ",,,"SANTA CRUZ","SANTA CRUZ",-122.02439117431641,36.962730407714844
9572182,2023,2023-05-19,4402,2023-04-18,1737,160,4402,2,5,5,4402,0,0,0,,0,000,"ESCALONA AV","BAY DR",0.00,,Y,A,-,N,,,,,,,,,,N,3,0,1,2,A,-,09,21804,A,N,B,G,A,A,H,-,A,D,0,,Y,,,Y,,A,01,0,1,0,0,0,0,1,0,0,"- ","- ",,,"SANTA CRUZ","SANTA CRUZ",-122.04612731933594,36.969490051269531
9573118,2023,2023-05-12,4403,2023-04-17,1256,418,527,1,5,4,4403,0,0,0,,0,005,"FREEDOM BL","EMME LN",45.00,N,N,A,-,N,,,,,,,,,,Y,3,0,1,2,A,-,09,21804,A,N,D,C,A,A,H,-,A,D,0,,,,,Y,,D,22,0,1,0,0,0,0,0,0,0,"- ","- ",,,"SANTA CRUZ",WATSONVILLE,-121.78096771240234,36.939983367919922
9574279,2023,2023-05-05,4403,2023-04-02,1943,416,4-37,7,5,4,4403,0,0,0,,0,004,"CLIFFORD AV","CLAREMONT ST",524.00,W,N,A,-,N,,,,,,,,,,N,3,0,1,1,A,-,03,22350,,N,H,G,A,A,H,-,C,D,0,,Y,,,Y,,L,04,0,1,0,0,0,0,1,0,0,"- ","- ",,,"SANTA CRUZ",WATSONVILLE,-121.77352905273438,36.924854278564453
9577136,2023,2023-05-19,4403,2023-04-18,2028,432,S27,2,5,4,4403,0,0,0,,0,005,"AIRPORT BL","AIRPORT RD",239.00,E,N,A,-,N,,,,,,,,,,N,4,0,1,2,A,-,11,21956,A,N,G,B,E,A,D,-,C,D,0,Y,,,,Y,Y,N,60,0,0,1,0,1,0,0,0,0,"- ","- ",,,"SANTA CRUZ",WATSONVILLE,-121.78268432617188,36.93463134765625
9577981,2023,2023-05-09,4401,2023-04-09,1244,528,SANTA,7,5,3,4401,0,0,0,,0,005,"41ST AV","CLARES ST",121.00,S,N,A,-,N,,,,,,,,,,N,3,0,1,1,A,-,08,22107,,N,F,A,A,A,H,-,A,D,0,,Y,,,Y,,L,04,0,1,0,0,0,0,1,0,0,"- ","- ",,,"SANTA CRUZ",CAPITOLA,-121.96502685546875,36.978008270263672
9578256,2023,2023-05-08,4401,2023-02-10,1504,523,4401,5,5,3,4401,0,0,0,,0,,"42ND AV","VIGA CT",60.00,N,N,A,-,N,,,,,,,,,,Y,3,0,1,3,A,-,03,22350,,N,C,C,A,A,H,-,A,D,0,,,,,Y,,A,01,0,1,0,0,0,0,0,0,0,"- ","- ",,,"SANTA CRUZ",CAPITOLA,-121.96272277832031,36.977104187011719
9579403,2023,2023-05-27,4402,2023-05-01,1640,91,4402,1,5,5,4402,0,0,0,,0,000,"SOQUEL AV","MARNELL AV",0.00,,Y,A,-,N,,,,,,,,,,N,4,0,1,2,A,-,09,21804,A,N,D,C,A,A,H,-,A,D,0,,,,Y,Y,,F,26,0,0,1,0,0,0,0,0,0,"- ","- ",,,"SANTA CRUZ","SANTA CRUZ",-122.00292205810547,36.981441497802734
9579407,2023,2023-05-27,4402,2023-05-03,1210,195,4402,3,5,5,4402,0,0,0,,0,000,"OCEAN ST","BLAINE ST",0.00,,Y,B,C,N,,,,,,,,,,Y,4,0,2,2,A,-,09,21802,A,N,D,C,A,B,A,H,A,-,0,,,,,Y,,A,01,0,0,2,0,0,0,0,0,0,"- ","- ",,,"SANTA CRUZ","SANTA CRUZ",-122.02201080322266,36.981269836425781
9581226,2023,2023-06-27,4402,2023-06-07,1307,192,4402,3,5,5,4402,0,0,0,,0,000,"FREDERICK ST",BROADWAY,0.00,,Y,A,-,N,,,,,,,,,,N,3,0,1,1,A,-,08,22107,,N,H,A,A,A,H,-,A,A,0,,Y,,,Y,,L,04,0,1,0,0,0,0,1,0,0,"- ","- ",,,"SANTA CRUZ","SANTA CRUZ",-122.00353240966797,36.976581573486328
9581227,2023,2023-06-27,4402,2023-06-09,1247,186,4402,5,5,5,4402,0,0,0,,0,000,"WATER ST","OCEAN ST",0.00,,Y,A,-,N,,,,,,,,,,N,4,0,1,1,C,-,18,,,N,H,A,A,A,H,-,A,A,0,,Y,,,Y,,-,"- ",0,0,1,0,0,0,1,0,0,"- ","- ",,,"SANTA CRUZ","SANTA CRUZ",-122.02135467529297,36.979587554931641
9581711,2023,2023-06-30,4401,2023-05-13,1203,523,4401,6,5,3,4401,0,0,0,,0,,"41ST AV","CAPTOLA RD",396.00,S,N,A,-,N,,,,,,,,,,N,4,0,1,2,A,-,03,22350,,N,D,G,A,A,H,-,A,D,0,,Y,,,Y,,L,04,0,0,1,0,0,0,1,0,0,"- ","- ",,,"SANTA CRUZ",CAPITOLA,-121.96498870849609,36.972633361816406
9582466,2023,2023-06-09,4401,2023-03-31,1231,523,4401,5,5,3,4401,0,0,0,,0,,"CAPITOLA RD","CAPITOLA AV",0.00,,Y,A,-,N,,,,,,,,,,N,4,0,1,2,A,-,03,22350,,N,C,C,A,A,H,-,A,A,0,,,,,Y,,B,01,0,0,1,0,0,0,0,0,0,"- ","- ",,,"SANTA CRUZ",CAPITOLA,-121.95233154296875,36.982456207275391
9582676,2023,2023-06-08,4401,2023-04-18,2237,526,4401,2,5,3,4401,0,0,0,,0,,"STOCKTON AV","RIVERVIEW AV",67.00,S,N,A,-,N,,,,,,,,,,N,3,0,1,1,A,-,01,21200,5,N,E,-,A,-,H,-,C,A,0,,Y,,,Y,Y,L,04,0,1,0,0,0,0,1,0,0,"- ","- ",,,"SANTA CRUZ",CAPITOLA,-121.9527587890625,36.972587585449219
9583070,2023,2023-06-07,4403,2023-05-21,"955 ",414,4-29,7,5,4,4403,0,0,0,,0,004,"GREEN VALLEY RD","PENNSYLVANIA DR",0.00,,Y,A,-,N,,,,,,,,,,Y,4,0,2,2,A,-,12,21453,A,N,D,C,A,A,H,-,A,A,0,,,,,Y,,A,01,0,0,2,0,0,0,0,0,0,"- ","- ",,,"SANTA CRUZ",WATSONVILLE,-121.77712249755859,36.930328369140625
9583170,2023,2023-07-10,4402,2023-05-17,1814,832DY,,3,5,5,4402,0,0,0,,0,,"KERR RD","FOUNDRY RD",0.00,,Y,A,-,N,,,,,,,,,,N,2,0,2,2,A,-,03,22350,,N,D,-,A,A,H,-,A,D,0,,Y,,,Y,,-,"- ",1,0,1,0,0,0,2,0,0,"- ","- ",36.994960784912109,-122.06143188476562,"SANTA CRUZ","SANTA CRUZ",-122.06131744384766,36.995670318603516