CASE_ID,ACCIDENT_YEAR,PROC_DATE,JURIS,COLLISION_DATE,COLLISION_TIME,OFFICER_ID,REPORTING_DISTRICT,DAY_OF_WEEK,CHP_SHIFT,POPULATION,CNTY_CITY_LOC,SPECIAL_COND,BEAT_TYPE,CHP_BEAT_TYPE,CITY_DIVISION_LAPD,CHP_BEAT_CLASS,BEAT_NUMBER,PRIMARY_RD,SECONDARY_RD,DISTANCE,DIRECTION,INTERSECTION,WEATHER_1,WEATHER_2,STATE_HWY_IND,CALTRANS_COUNTY,CALTRANS_DISTRICT,STATE_ROUTE,ROUTE_SUFFIX,POSTMILE_PREFIX,POSTMILE,LOCATION_TYPE,RAMP_INTERSECTION,SIDE_OF_HWY,TOW_AWAY,COLLISION_SEVERITY,NUMBER_KILLED,NUMBER_INJURED,PARTY_COUNT,PRIMARY_COLL_FACTOR,PCF_CODE_OF_VIOL,PCF_VIOL_CATEGORY,PCF_VIOLATION,PCF_VIOL_SUBSECTION,HIT_AND_RUN,TYPE_OF_COLLISION,MVIW,PED_ACTION,ROAD_SURFACE,ROAD_COND_1,ROAD_COND_2,LIGHTING,CONTROL_DEVICE,CHP_ROAD_TYPE,PEDESTRIAN_ACCIDENT,BICYCLE_ACCIDENT,MOTORCYCLE_ACCIDENT,TRUCK_ACCIDENT,NOT_PRIVATE_PROPERTY,ALCOHOL_INVOLVED,STWD_VEHTYPE_AT_FAULT,CHP_VEHTYPE_AT_FAULT,COUNT_SEVERE_INJ,COUNT_VISIBLE_INJ,COUNT_COMPLAINT_PAIN,COUNT_PED_KILLED,COUNT_PED_INJURED,COUNT_BICYCLIST_KILLED,COUNT_BICYCLIST_INJURED,COUNT_MC_KILLED,COUNT_MC_INJURED,PRIMARY_RAMP,SECONDARY_RAMP,LATITUDE,LONGITUDE,COUNTY,CITY,POINT_X,POINT_Y
9583654,2023,2023-08-02,4403,2023-07-10,"901 ",T0016,223,1,5,4,4403,0,0,0,,0,002,"MAIN ST","PENNSYLVANIA DR",31.00,N,N,A,-,Y,SCR,5,152,-,T,1.890,H,-,E,Y,4,0,2,2,A,-,03,22350,,N,C,C,A,A,H,-,A,A,0,,,,,Y,,A,01,0,0,2,0,0,0,0,0,0,"- ","- ",,,"SANTA CRUZ",WATSONVILLE,-121.77191925048828,36.916526794433594
9583807,2023,2023-08-09,4403,2023-07-18,1104,T0016,109,2,5,4,4403,0,0,0,,0,001,"MAIN ST","BEACH ST",14.00,E,N,A,-,Y,SCR,5,152,-,T,2.929,I,5,E,Y,4,0,1,2,A,-,12,21453,A,N,D,C,A,A,H,-,A,A,0,,,,,Y,,A,07,0,0,1,0,0,0,0,0,0,"- ","- ",,,"SANTA CRUZ",WATSONVILLE,-121.75688934326172,36.910247802734375
9584182,2023,2023-05-17,4402,2023-03-25,"218 ",178,4402,6,5,5,4402,0,0,0,,0,000,"WEST CLIFF DR","SWIFT ST",0.00,,Y,A,-,N,,,,,,,,,,Y,2,0,1,1,A,-,01,23152,F,N,E,I,A,A,H,-,C,A,0,,,,,Y,,A,07,1,0,0,0,0,0,0,0,0,"- ","- ",,,"SANTA CRUZ","SANTA CRUZ",-122.04756164550781,36.950038909912109
9587459,2023,2023-06-23,4402,2023-03-15,2050,63,4402,3,5,5,4402,0,0,0,,0,000,"MISSION ST","PALM ST",0.00,,Y,A,-,Y,SCR,5,1,-,-,19.160,H,-,S,Y,3,0,2,2,A,-,03,22350,,N,C,C,A,A,H,-,C,D,0,,,,,Y,,A,01,0,1,1,0,0,0,0,0,0,"- ","- ",,,"SANTA CRUZ","SANTA CRUZ",-122.04200744628906,36.964717864990234
9589530,2023,2023-06-20,4402,2023-05-31,1048,169,4402,3,5,5,4402,0,0,0,,0,000,"UNION ST","CENTER ST",155.00,W,N,A,-,N,,,,,,,,,,N,4,0,1,2,A,-,10,21950,A,N,G,B,F,A,H,-,A,D,0,Y,,,,Y,,A,07,0,0,1,0,1,0,0,0,0,"- ","- ",,,"SANTA CRUZ","SANTA CRUZ",-122.02944183349609,36.975505828857422
9589535,2023,2023-07-05,4403,2023-05-30,1512,358,315,2,5,4,4403,0,0,0,,0,003,"BRIDGE ST","BECK ST",344.00,S,N,A,-,N,,,,,,,,,,Y,2,0,1,2,A,-,08,22103,,N,D,C,A,A,H,-,A,D,0,,,Y,,Y,,A,01,1,0,0,0,0,0,0,0,1,"- ","- ",,,"SANTA CRUZ",WATSONVILLE,-121.74524688720703,36.913375854492188
9591557,2023,2023-07-21,4403,2023-06-17,2258,T0013,109,6,5,4,4403,0,0,0,,0,001,"RIVERSIDE DR","UNION ST",0.00,,Y,A,-,Y,SCR,5,129,-,-,0.060,I,5,W,N,4,0,2,2,A,-,12,21453,A,F,D,D,A,A,H,-,C,A,0,,,,,Y,Y,D,22,0,0,2,0,0,0,0,0,0,"- ","- ",,,"SANTA CRUZ",WATSONVILLE,-121.7525634765625,36.907810211181641
9591569,2023,2023-07-12,4403,2023-06-22,"607 ",353,109,4,5,4,4403,0,0,0,,0,001,"RODRIGUEZ ST","1ST ST",0.00,,Y,A,-,N,,,,,,,,,,Y,4,0,1,2,A,-,09,21800,A,N,B,C,A,A,H,-,A,D,0,,,,,Y,,D,22,0,0,1,0,0,0,0,0,0,"- ","- ",,,"SANTA CRUZ",WATSONVILLE,-121.75520324707031,36.906814575195312
9592765,2023,2023-07-19,4404,2023-02-20,"734 ",5790,4404,1,5,3,4404,0,0,0,,0,SOUTH,"RT 17","MT HERMON RD",5.00,N,N,A,-,Y,SCR,5,17,-,-,3.501,R,1,S,N,3,0,1,2,A,-,03,22350,,N,C,C,A,A,H,-,A,A,0,,,,,Y,,I,20,0,1,0,0,0,0,0,0,0,SF,"- ",37.037841796875,-122.02182769775391,"SANTA CRUZ","SCOTTS VALLEY",-122.02031707763672,37.036308288574219
9593057,2023,2023-07-06,4404,2023-02-11,1650,5291,4404,6,5,3,4404,0,0,0,,0,00S,"MT HERMON RD","LOCKEWOOD LN",0.00,,Y,A,-,N,,,,,,,,,,Y,3,0,3,2,A,-,12,21453,A,N,D,C,A,A,H,-,A,A,0,,,,,Y,,-,,0,3,0,0,0,0,0,0,0,"- ","- ",37.048290252685547,-122.03433227539062,"SANTA CRUZ","SCOTTS VALLEY",-122.03433990478516,37.04833984375
9593417,2023,2023-07-12,4402,2023-06-15,1217,130,4402,4,5,5,4402,0,0,0,,0,000,"MISSION ST","CENTER ST",0.00,,Y,A,-,N,,,,,,,,,,N,2,0,1,2,A,-,12,21453,A,N,D,G,A,A,H,-,A,A,0,,Y,,,Y,Y,L,04,1,0,0,0,0,0,1,0,0,"- ","- ",,,"SANTA CRUZ","SANTA CRUZ",-122.02792358398438,36.976879119873047
9594134,2023,2023-07-25,4402,2023-06-17,1846,187,4402,6,5,5,4402,0,0,0,,0,000,"PACIFIC AV","ELM ST",0.00,,Y,A,-,N,,,,,,,,,,N,3,0,1,2,A,-,08,22100,A,N,H,J,A,A,H,-,D,D,0,,,,,Y,,A,07,0,1,0,0,0,0,0,0,0,"- ","- ",,,"SANTA CRUZ","SANTA CRUZ",-122.02523040771484,36.970920562744141
9595075,2023,2023-10-20,4402,2023-07-03,1433,192,4402,1,5,5,4402,0,0,0,,0,000,"RIVERSIDE AV",BROADWAY,62.00,N,N,A,-,N,,,,,,,,,,N,3,0,1,1,A,-,08,22107,,N,E,A,A,A,H,-,A,D,0,,Y,,,Y,,L,04,0,1,0,0,0,0,1,0,0,"- ","- ",,,"SANTA CRUZ","SANTA CRUZ",-122.02169036865234,36.971881866455078
9596182,2023,2023-07-18,4402,2023-05-26,1142,153,4402,5,5,5,4402,0,0,0,,0,,"RT 1","BELLEVUE ST",0.00,,Y,B,-,Y,SCR,5,1,-,-,19.290,I,5,S,N,3,0,1,2,A,-,05,21650,,N,A,G,A,A,H,-,A,D,0,,Y,,,Y,,L,04,0,1,0,0,0,0,1,0,0,"- ","- ",,,"SANTA CRUZ","SANTA CRUZ",-122.04335784912109,36.963153839111328
9596222,2023,2023-07-21,4402,2023-06-16,1727,189,4402,5,5,5,4402,0,0,0,,0,000,"BAY ST","RT 1",0.00,,Y,A,-,Y,SCR,5,1,-,-,19.000,I,6,S,N,3,0,1,2,A,-,08,22107,,N,D,G,A,A,H,-,A,A,0,,Y,,,Y,,A,01,0,1,0,0,0,0,1,0,0,"- ","- ",,,"SANTA CRUZ","SANTA CRUZ",-122.04034423828125,36.966632843017578
9597157,2023,2023-08-09,4403,2023-06-25,1757,402,107,7,5,4,4403,0,0,0,,0,001,"5TH ST","JEFFERSON ST",0.00,,Y,A,-,N,,,,,,,,,,N,3,0,1,2,A,-,03,22350,,N,C,E,A,A,H,-,A,D,0,,,,,Y,,A,01,0,1,0,0,0,0,0,0,0,"- ","- ",,,"SANTA CRUZ",WATSONVILLE,-121.75606536865234,36.915721893310547
9601313,2023,2023-08-25,4403,2023-07-23,1326,357,224,7,5,4,4403,0,0,0,,0,002,"RIVERSIDE DR","WALKER ST",0.00,,Y,A,-,Y,SCR,5,129,-,L,1.178,I,5,W,Y,3,0,6,2,A,-,12,21453,A,N,D,C,A,A,H,-,A,A,0,,,,,Y,,A,01,0,2,4,0,0,0,0,0,0,"- ","- ",,,"SANTA CRUZ",WATSONVILLE,-121.75794219970703,36.905239105224609
9601568,2023,2023-09-11,4403,2023-08-04,1624,417,314,5,5,4,4403,0,0,0,,0,003,"LAKE AV","BLACKBURN ST",0.00,,Y,A,-,Y,SCR,5,152,-,-,0.571,I,5,W,Y,4,0,3,2,A,-,01,23152,A,N,D,C,A,A,H,-,A,A,0,,,,,Y,,A,01,0,0,3,0,0,0,0,0,0,"- ","- ",,,"SANTA CRUZ",WATSONVILLE,-121.75119781494141,36.916873931884766
9601637,2023,2023-09-08,4402,2023-07-14,1451,160,4402,5,5,5,4402,0,0,0,,0,,"MISSION ST","BAY ST",300.00,W,N,A,-,Y,SCR,5,1,-,-,19.060,H,-,N,Y,2,0,2,2,A,-,09,21804,A,N,A,C,A,A,H,-,A,D,0,,,Y,,Y,,D,22,2,0,0,0,0,0,0,0,2,"- ","- ",,,"SANTA CRUZ","SANTA CRUZ",-122.04097747802734,36.965915679931641
9603450,2023,2023-08-22,4402,2023-07-15,2057,138,4402,6,5,5,4402,0,0,0,,0,,"RT 1","RIVER ST",0.00,,Y,A,-,Y,SCR,5,1,-,-,17.560,I,5,N,Y,3,0,3,2,A,-,12,21453,A,N,A,C,A,A,H,-,C,A,0,,,,,Y,,A,01,0,2,1,0,0,0,0,0,0,"- ","- ",,,"SANTA CRUZ","SANTA CRUZ",-122.02981567382812,36.9844970703125
9603454,2023,2023-08-23,4402,2023-07-23,1530,136,4402,7,5,5,4402,0,0,0,,0,000,"FERN ST","RIVER ST",138.00,W,N,A,-,N,,,,,,,,,,N,3,0,1,2,A,-,09,21804,A,N,D,G,A,A,H,-,A,D,0,,Y,,,Y,,L,04,0,1,0,0,0,0,1,0,0,"- ","- ",,,"SANTA CRUZ","SANTA CRUZ",-122.03054809570312,36.985954284667969
9607322,2023,2023-10-02,4403,2023-08-25,"850 ",417,,5,5,4,4403,0,0,0,,0,,"JEHL AV","LINDY AV",70.00,W,N,A,-,N,,,,,,,,,,N,4,0,1,2,A,-,21,22106,,N,H,E,A,A,H,-,A,D,0,,,,,Y,Y,A,07,0,0,1,0,0,0,0,0,0,"- ","- ",,,"SANTA CRUZ",WATSONVILLE,-121.77137756347656,36.931343078613281
9607519,2023,2023-12-20,4403,2023-11-06,2319,281,5-25,1,5,4,4403,0,0,0,,0,005,"HOLM RD","JEANETTE WY",164.00,S,N,A,-,N,,,,,,,,,,N,3,0,1,3,A,-,01,23152,A,N,B,E,A,A,H,-,C,D,0,,,,,Y,Y,A,07,0,1,0,0,0,0,0,0,0,"- ","- ",,,"SANTA CRUZ",WATSONVILLE,-121.78720855712891,36.926948547363281
9608402,2023,2023-08-15,4401,2023-07-24,2042,526,4401,1,5,3,4401,0,0,0,,0,,"PARK AV","WASHBURN AV",0.00,,Y,A,-,N,,,,,,,,,,Y,2,0,1,1,A,-,01,23152,A,N,A,-,A,A,H,-,B,D,0,,,,,Y,Y,A,01,1,0,0,0,0,0,0,0,0,"- ","- ",,,"SANTA CRUZ",CAPITOLA,-121.94685363769531,36.976375579833984
9609767,2023,2023-08-25,4402,2023-07-29,1446,186,4402,6,5,5,4402,0,0,0,,0,000,"OCEAN ST","PRYCE ST",0.00,,Y,A,-,N,,,,,,,,,,N,3,0,1,2,A,-,03,22350,A,N,D,C,A,A,H,-,A,D,0,,,Y,,Y,,C,02,0,1,0,0,0,0,0,0,1,"- ","- ",,,"SANTA CRUZ","SANTA CRUZ",-122.02333068847656,36.984672546386719
9609768,2023,2023-08-25,4402,2023-07-06,1313,166,4402,4,5,5,4402,0,0,0,,0,000,"WEST CLIFF DR","PELTON AV",0.00,,Y,A,-,N,,,,,,,,,,N,4,0,1,1,A,-,03,22350,,N,F,A,A,A,H,-,A,D,0,,Y,,,Y,,L,04,0,0,1,0,0,0,1,0,0,"- ","- ",,,"SANTA CRUZ","SANTA CRUZ",-122.02496337890625,36.954792022705078
9609787,2023,2023-08-28,4402,2023-08-07,1220,192,4402,1,5,5,4402,0,0,0,,0,000,"OCEAN ST","FRANKLIN ST",128.00,S,N,A,-,N,,,,,,,,,,Y,3,0,1,1,C,-,18,,,N,H,J,A,A,H,-,A,D,0,,,,,Y,,-,"- ",0,1,0,0,0,0,0,0,0,"- ","- ",,,"SANTA CRUZ","SANTA CRUZ",-122.02288818359375,36.983512878417969
9610247,2023,2023-09-07,4403,2023-08-11,1644,398,306,5,5,4,4403,0,0,0,,0,003,"FREEDOM BL","HIGH ST N",219.00,N,N,A,-,N,,,,,,,,,,Y,4,0,1,2,A,-,03,22350,,N,C,C,A,A,H,-,A,D,0,,,,,Y,,A,01,0,0,1,0,0,0,0,0,0,"- ","- ",,,"SANTA CRUZ",WATSONVILLE,-121.76043701171875,36.919540405273438
9610626,2023,2023-09-08,4403,2023-08-23,"832 ",418,525,3,5,4,4403,0,0,0,,0,005,"GREEN MEADOW DR","GREEN VALLEY RD",0.00,,Y,A,-,N,,,,,,,,,,N,3,0,1,2,A,-,10,21950,A,N,G,B,B,A,H,-,A,A,0,Y,,,,Y,,A,01,0,1,0,0,1,0,0,0,0,"- ","- ",,,"SANTA CRUZ",WATSONVILLE,-121.7845458984375,36.916801452636719
9610687,2023,2023-09-11,4403,2023-08-14,1446,418,430,1,5,4,4403,0,0,0,,0,004,"ROSEWOOD DR","CLIFFORD AV",0.00,,Y,A,-,N,,,,,,,,,,Y,4,0,2,2,A,-,09,21802,A,N,A,D,A,A,H,-,A,A,0,,,,,Y,,A,01,0,0,2,0,0,0,0,0,0,"- ","- ",,,"SANTA CRUZ",WATSONVILLE,-121.77555084228516,36.920932769775391
9610702,2023,2023-09-13,4402,2023-07-13,1009,151,4402,4,5,5,4402,0,0,0,,0,00B,"BEACH ST","CLIFF ST",0.00,,Y,A,-,N,,,,,,,,,,N,2,0,1,1,A,-,03,22350,,N,H,A,A,A,H,-,A,A,0,,,,,Y,,M,94,1,0,0,0,0,0,0,0,0,"- ","- ",,,"SANTA CRUZ","SANTA CRUZ",-122.02017974853516,36.964168548583984
9610704,2023,2023-09-14,4403,2023-07-21,1820,406,,5,5,4,4403,0,0,0,,0,,"OHLONE PKWY","LOMA VISTA DR",0.00,,Y,A,-,N,,,,,,,,,,N,4,0,1,2,A,-,09,21802,A,N,D,C,A,A,H,-,A,D,0,,,,,Y,,A,01,0,0,1,0,0,0,0,0,0,"- ","- ",,,"SANTA CRUZ",WATSONVILLE,-121.77497863769531,36.909900665283203
9611999,2023,2023-09-14,4403,2023-08-15,1412,418,109,2,5,4,4403,0,0,0,,0,001,"2ND ST","RODRIGUE ST",0.00,,Y,A,-,N,,,,,,,,,,Y,4,0,1,2,A,-,12,22450,A,N,D,C,A,A,H,-,A,A,0,,,,,Y,,A,01,0,0,1,0,0,0,0,0,0,"- ","- ",,,"SANTA CRUZ",WATSONVILLE,-121.75688934326172,36.908306121826172
9612769,2023,2023-08-28,4401,2023-07-19,1358,523,4401,3,5,3,4401,0,0,0,,0,,"WHARF RD","WOOLSEY CIR",304.00,N,N,A,-,N,,,,,,,,,,Y,3,0,1,1,A,-,03,22350,,N,A,I,A,A,H,-,A,D,0,,,,,Y,Y,A,07,0,1,0,0,0,0,0,0,0,"- ","- ",,,"SANTA CRUZ",CAPITOLA,,
9613632,2023,2023-09-07,4402,2023-08-06,2232,148,4402,7,5,5,4402,0,0,0,,0,000,"PACIFIC AV","CENTER ST",0.00,,Y,A,-,N,,,,,,,,,,N,2,0,2,1,A,-,08,22107,,N,E,A,A,A,H,-,C,D,0,,Y,,,Y,Y,L,04,1,1,0,0,0,0,2,0,0,"- ","- ",,,"SANTA CRUZ","SANTA CRUZ",-117.3369140625,34.015743255615234
9613950,2023,2023-10-30,4402,2023-09-06,"846 ",192,4402,3,5,5,4402,0,0,0,,0,000,"PACIFIC AV","SPRUCE ST",0.00,,Y,B,-,N,,,,,,,,,,Y,4,0,1,2,A,-,09,21802,A,N,D,C,A,A,H,-,A,A,0,,,,,Y,,A,01,0,0,1,0,0,0,0,0,0,"- ","- ",,,"SANTA CRUZ","SANTA CRUZ",-122.02462005615234,36.968391418457031
9614421,2023,2023-10-18,4401,2023-09-04,"305 ",521,4401,1,5,3,4401,0,0,0,,0,004,"CAPITOLA RD","41ST AV",25.00,E,N,A,-,N,,,,,,,,,,Y,3,0,1,1,A,-,01,23153,,F,E,I,A,A,H,-,C,D,0,,,,,Y,Y,A,01,0,1,0,0,0,0,0,0,0,"- ","- ",,,"SANTA CRUZ",CAPITOLA,-121.96491241455078,36.973720550537109
9614441,2023,2023-09-29,4401,2023-08-20,1337,528,4401,7,5,3,4401,0,0,0,,0,005,"41ST AV","CAPITOLA RD",0.00,,Y,A,-,N,,,,,,,,,,Y,3,0,2,2,A,-,08,22107,,N,A,C,A,A,H,-,A,D,0,,,,,Y,,A,01,0,1,1,0,0,0,0,0,0,"- ","- ",,,"SANTA CRUZ",CAPITOLA,-121.96499633789062,36.973720550537109
9616715,2023,2023-10-11,4402,2023-09-11,2310,128,4402,1,5,5,4402,0,0,0,,0,000,"DARWIN ST","GAULT ST",0.00,,Y,A,-,N,,,,,,,,,,N,3,0,1,2,A,-,01,21200,5,N,H,A,A,A,H,-,C,D,0,,Y,,,Y,Y,L,04,0,1,0,0,0,0,1,0,0,"- ","- ",,,"SANTA CRUZ","SANTA CRUZ",-122.00730133056641,36.979488372802734
9616718,2023,2023-10-11,4402,2023-09-22,1952,196,4402,5,5,5,4402,0,0,0,,0,000,"WEST CLIFF DR","PELTON AV",405.00,W,N,A,-,N,,,,,,,,,,N,3,0,1,1,A,-,08,22107,,N,F,A,A,A,H,-,D,-,0,,Y,,,Y,,L,04,0,1,0,0,0,0,1,0,0,"- ","- ",,,"SANTA CRUZ","SANTA CRUZ",-122.02536010742188,36.953723907470703
9623839,2023,2023-12-18,4403,2023-11-14,1741,416,438,2,5,4,4403,0,0,0,,0,004,"CLIFFORD AV","FREEDOM BL",32.00,W,N,A,-,N,,,,,,,,,,N,4,0,1,2,A,-,05,21650,1,F,A,G,A,A,H,-,C,D,0,,Y,,,Y,,L,04,0,0,1,0,0,0,1,0,0,"- ","- ",,,"SANTA CRUZ",WATSONVILLE,-121.76827239990234,36.930229187011719
9623840,2023,2023-12-18,4403,2023-11-07,1659,418,539,2,5,4,4403,0,0,0,,0,005,"FREEDOM BL","ROACHE RD",80.00,N,N,A,-,N,,,,,,,,,,N,4,0,2,2,A,-,09,21804,A,N,D,D,A,A,H,-,B,A,0,,,,,Y,,A,01,0,0,2,0,0,0,0,0,0,"- ","- ",,,"SANTA CRUZ",WATSONVILLE,-121.77671813964844,36.937702178955078
9624052,2023,2025-06-24,4403,2023-07-01,1429,418,3-18,6,5,4,4403,0,0,0,,0,003,"BRIDGE ST","HUSHBECK AV",19.00,E,N,A,-,N,,,,,,,,,,Y,1,1,1,2,A,-,12,22450,A,N,D,D,A,A,H,-,A,A,0,,,Y,,Y,,C,02,0,0,1,0,0,0,0,1,0,"- ","- ",,,"SANTA CRUZ",WATSONVILLE,-121.74242401123047,36.91717529296875
9625129,2023,2023-10-05,4403,2023-08-30,"727 ",418,112,3,5,4,4403,0,0,0,,0,001,"RIVERSIDE DR","MARCHANT ST",7.00,W,N,A,-,Y,SCR,5,129,-,-,0.230,I,5,W,Y,3,0,1,2,A,-,01,23152,B,N,G,B,B,A,H,-,A,A,0,Y,,,,Y,Y,A,01,0,1,0,0,1,0,0,0,0,"- ","- ",,,"SANTA CRUZ",WATSONVILLE,-121.7503662109375,36.909442901611328
9625298,2023,2023-10-23,4403,2023-08-18,1708,366,223,5,5,4,4403,0,0,0,,0,002,"MAIN ST","OHLONE PKWY",210.00,N,N,A,-,Y,SCR,5,152,-,T,1.550,H,-,E,N,4,0,1,2,A,-,03,22350,,M,C,C,A,A,H,-,A,A,0,,,,,Y,Y,A,01,0,0,1,0,0,0,0,0,0,"- ","- ",,,"SANTA CRUZ",WATSONVILLE,-121.77775573730469,36.917507171630859
9625370,2023,2023-10-10,4402,2023-08-27,"27  ",148,4402,7,5,5,4402,0,0,0,,0,000,"OCEAN ST","DAKOTA AV",0.00,,Y,A,-,N,,,,,,,,,,N,2,0,1,2,D,-,00,,,F,G,B,B,A,H,-,C,A,0,Y,,,,Y,,-,"- ",1,0,0,0,1,0,0,0,0,"- ","- ",,,"SANTA CRUZ","SANTA CRUZ",-122.02005004882812,36.976825714111328
9625429,2023,2023-09-29,4401,2023-08-11,1510,484,4401,5,5,3,4401,0,0,0,,0,,"MONTEREY AV","PARK AV",35.00,S,N,A,-,N,,,,,,,,,,N,4,0,1,2,A,-,03,22350,,M,C,C,A,A,H,-,A,A,0,,,,,Y,,D,22,0,0,1,0,0,0,0,0,0,"- ","- ",,,"SANTA CRUZ",CAPITOLA,-121.95023345947266,36.975543975830078
9625539,2023,2023-10-03,4401,2023-07-15,"944 ",523,4401,6,5,3,4401,0,0,0,,0,,"WHARF RD","CLIFF DR",159.00,N,N,A,-,N,,,,,,,,,,N,3,0,1,1,A,-,03,22350,,N,F,I,A,A,H,-,A,A,0,,Y,,,Y,,L,04,0,1,0,0,0,0,1,0,0,"- ","- ",,,"SANTA CRUZ",CAPITOLA,-121.95366668701172,36.972091674804688
9626816,2023,2023-10-25,4402,2023-09-26,1320,192,4402,2,5,5,4402,0,0,0,,0,000,"PACIFIC AV","CENTER ST",400.00,N,N,A,-,N,,,,,,,,,,N,3,0,1,1,A,-,08,22107,,N,H,A,A,A,H,-,A,D,0,,Y,,,Y,,M,91,0,1,0,0,0,0,1,0,0,"- ","- ",,,"SANTA CRUZ","SANTA CRUZ",-117.33688354492188,34.016834259033203
9628947,2023,2023-11-29,4403,2023-09-17,"51  ",T0011,4-29,7,5,4,4403,0,0,0,,0,004,"GREEN VALLEY RD","PENNSYLVANIA DR",13.00,N,N,A,-,N,,,,,,,,,,N,3,0,1,2,A,-,01,23153,A,N,A,C,A,A,H,-,D,A,0,,,,,Y,Y,D,22,0,1,0,0,0,0,0,0,0,"- ","- ",,,"SANTA CRUZ",WATSONVILLE,-121.777099609375,36.930362701416016
9629567,2023,2023-11-09,4401,2023-09-27,1744,529,4401,3,5,3,4401,0,0,0,,0,001,"CLARES ST","40TH AV",0.00,,Y,A,-,N,,,,,,,,,,Y,4,0,1,2,A,-,12,22450,A,N,A,C,A,A,H,-,A,A,0,,,,,Y,,A,07,0,0,1,0,0,0,0,0,0,"- ","- ",,,"SANTA CRUZ",CAPITOLA,-121.96610260009766,36.978328704833984
9629806,2023,2023-10-27,4404,2023-09-18,1542,5820,4404,1,5,3,4404,0,0,0,,0,00N,"GLENWOOD DR","CANHAM RD",18.00,S,N,A,-,N,,,,,,,,,,Y,3,0,1,1,A,-,05,21650,,N,E,I,A,A,H,-,A,D,0,,,,,Y,,A,01,0,1,0,0,0,0,0,0,0,"- ","- ",37.078769683837891,-122.00414276123047,"SANTA CRUZ","SCOTTS VALLEY",-122.00406646728516,37.078582763671875
9629950,2023,2023-12-11,4402,2023-10-04,1237,133,4402,3,5,5,4402,0,0,0,,0,,"SOQUEL AV","SEABRIGHT AV",47.00,W,N,A,-,N,,,,,,,,,,N,2,0,2,1,A,-,08,22107,,N,F,A,A,A,H,-,A,D,0,,Y,,,Y,,L,04,1,1,0,0,0,0,2,0,0,"- ","- ",,,"SANTA CRUZ","SANTA CRUZ",-122.01076507568359,36.979717254638672
9630649,2023,2023-11-28,4403,2023-10-04,"541 ",T0015,2-20,3,5,4,4403,0,0,0,,0,002,"MAIN ST","PENNSYLVANIA DR",0.00,,Y,A,-,N,,,,,,,,,,N,4,0,1,2,A,-,05,21650,,N,H,G,A,A,H,-,B,A,0,,Y,,,Y,,L,04,0,0,1,0,0,0,1,0,0,"- ","- ",,,"SANTA CRUZ",WATSONVILLE,-121.77169799804688,36.916488647460938
9630651,2023,2023-11-27,4403,2023-10-12,1126,417,4-01,4,5,4,4403,0,0,0,,0,004,"FREEDOM BL","GREEN VALLEY RD",0.00,,Y,A,-,N,,,,,,,,,,N,3,0,1,2,A,-,05,21650,1,N,D,G,A,A,H,-,A,A,0,,Y,,,Y,,L,04,0,1,0,0,0,0,1,0,0,"- ","- ",,,"SANTA CRUZ",WATSONVILLE,-121.77336883544922,36.935035705566406
9630765,2023,2023-12-01,4402,2023-10-06,1626,186,4402,5,5,5,4402,0,0,0,,0,000,"SOQUEL AV","CAPITOLA RD",105.00,W,N,A,-,N,,,,,,,,,,N,4,0,1,2,A,-,07,21658,A,F,B,G,A,A,H,-,A,A,0,,Y,,,Y,,D,22,0,0,1,0,0,0,1,0,0,"- ","- ",,,"SANTA CRUZ","SANTA CRUZ",-121.99774932861328,36.981830596923828
9631454,2023,2023-11-04,4402,2023-10-06,2315,196,4402,5,5,5,4402,0,0,0,,0,000,"BEACH ST","PACIFIC AV",0.00,,Y,A,-,N,,,,,,,,,,N,3,0,1,1,A,-,01,21200,5,N,F,A,A,A,H,-,C,D,0,,Y,,,Y,Y,L,04,0,1,0,0,0,0,1,0,0,"- ","- ",,,"SANTA CRUZ","SANTA CRUZ",-122.02403259277344,36.962875366210938
9631455,2023,2023-11-04,4402,2023-10-05,1753,196,4402,4,5,5,4402,0,0,0,,0,000,"BEACH ST","PACIFIC AV",0.00,,Y,A,-,N,,,,,,,,,,N,3,0,1,2,A,-,01,21200,5,N,B,G,A,A,H,-,A,D,0,,Y,,,Y,Y,L,04,0,1,0,0,0,0,1,0,0,"- ","- ",,,"SANTA CRUZ","SANTA CRUZ",-122.02403259277344,36.962875366210938
9631525,2023,2024-02-16,4403,2023-11-14,1256,418,316,2,5,4,4403,0,0,0,,0,003,"TUTTLE AV","LAKE AV",120.00,N,N,A,-,Y,SCR,5,152,-,-,1.040,I,6,W,N,4,0,1,2,A,-,09,21804,A,N,D,D,A,A,H,-,A,D,0,,,,,Y,,D,22,0,0,1,0,0,0,0,0,0,"- ","- ",,,"SANTA CRUZ",WATSONVILLE,-121.74697875976562,36.92242431640625
9631531,2023,2023-12-19,4403,2023-11-12,1228,418,2-20,7,5,4,4403,0,0,0,,0,002,"RODRIGUEZ ST","LAKE AV",343.00,S,N,A,-,N,,,,,,,,,,N,3,0,1,2,A,-,10,21954,B,N,G,B,D,A,H,-,A,A,0,Y,,,,Y,,D,22,0,1,0,0,1,0,0,0,0,"- ","- ",,,"SANTA CRUZ",WATSONVILLE,-121.75935363769531,36.909671783447266
9632559,2023,2023-12-16,4402,2023-10-20,1557,186,4402,5,5,5,4402,0,0,0,,0,000,"KING ST","BAY ST",0.00,,Y,A,-,N,,,,,,,,,,N,3,0,1,2,A,-,09,21801,A,N,A,C,A,A,H,-,A,A,0,,,,,Y,,A,08,0,1,0,0,0,0,0,0,0,"- ","- ",,,"SANTA CRUZ","SANTA CRUZ",-122.04307556152344,36.968147277832031