CASE_ID,ACCIDENT_YEAR,PROC_DATE,JURIS,COLLISION_DATE,COLLISION_TIME,OFFICER_ID,REPORTING_DISTRICT,DAY_OF_WEEK,CHP_SHIFT,POPULATION,CNTY_CITY_LOC,SPECIAL_COND,BEAT_TYPE,CHP_BEAT_TYPE,CITY_DIVISION_LAPD,CHP_BEAT_CLASS,BEAT_NUMBER,PRIMARY_RD,SECONDARY_RD,DISTANCE,DIRECTION,INTERSECTION,WEATHER_1,WEATHER_2,STATE_HWY_IND,CALTRANS_COUNTY,CALTRANS_DISTRICT,STATE_ROUTE,ROUTE_SUFFIX,POSTMILE_PREFIX,POSTMILE,LOCATION_TYPE,RAMP_INTERSECTION,SIDE_OF_HWY,TOW_AWAY,COLLISION_SEVERITY,NUMBER_KILLED,NUMBER_INJURED,PARTY_COUNT,PRIMARY_COLL_FACTOR,PCF_CODE_OF_VIOL,PCF_VIOL_CATEGORY,PCF_VIOLATION,PCF_VIOL_SUBSECTION,HIT_AND_RUN,TYPE_OF_COLLISION,MVIW,PED_ACTION,ROAD_SURFACE,ROAD_COND_1,ROAD_COND_2,LIGHTING,CONTROL_DEVICE,CHP_ROAD_TYPE,PEDESTRIAN_ACCIDENT,BICYCLE_ACCIDENT,MOTORCYCLE_ACCIDENT,TRUCK_ACCIDENT,NOT_PRIVATE_PROPERTY,ALCOHOL_INVOLVED,STWD_VEHTYPE_AT_FAULT,CHP_VEHTYPE_AT_FAULT,COUNT_SEVERE_INJ,COUNT_VISIBLE_INJ,COUNT_COMPLAINT_PAIN,COUNT_PED_KILLED,COUNT_PED_INJURED,COUNT_BICYCLIST_KILLED,COUNT_BICYCLIST_INJURED,COUNT_MC_KILLED,COUNT_MC_INJURED,PRIMARY_RAMP,SECONDARY_RAMP,LATITUDE,LONGITUDE,COUNTY,CITY,POINT_X,POINT_Y
9632560,2023,2024-01-03,4403,2023-11-01,"932 ",418,107,3,5,4,4403,0,0,0,,0,001,"LINCOLN ST","PALM AV",0.00,,Y,A,-,N,,,,,,,,,,Y,4,0,1,2,A,-,09,21800,A,N,D,D,A,A,H,-,A,A,0,,,,,Y,,A,01,0,0,1,0,0,0,0,0,0,"- ","- ",,,"SANTA CRUZ",WATSONVILLE,-121.75623321533203,36.917884826660156
9636480,2023,2023-12-26,4402,2023-10-23,1850,148,4402,1,5,5,4402,0,0,0,,0,000,"BAY ST","NOBEL DR",175.00,S,N,A,-,N,,,,,,,,,,Y,2,0,1,4,A,-,03,22350,,N,C,C,E,A,H,-,C,B,0,Y,,,,Y,,A,07,1,0,0,0,1,0,0,0,0,"- ","- ",,,"SANTA CRUZ","SANTA CRUZ",-122.04985809326172,36.973667144775391
9637407,2023,2024-02-23,4402,2023-10-30,1544,92,4402,1,5,5,4402,0,0,0,,0,000,"KING ST","RT 1",8.00,E,N,A,-,Y,SCR,5,1,-,-,18.260,I,5,S,N,3,0,1,2,A,-,10,21950,A,N,G,B,B,A,H,-,A,A,0,Y,,,,Y,,A,01,0,1,0,0,1,0,0,0,0,"- ","- ",,,"SANTA CRUZ","SANTA CRUZ",-122.03308868408203,36.975730895996094
9637573,2023,2024-03-13,4402,2023-11-04,1042,186,4402,6,5,5,4402,0,0,0,,0,000,"MISSION ST","DUFOUR ST",0.00,,Y,A,-,Y,SCR,5,1,-,-,19.240,I,5,N,N,3,0,1,2,A,-,04,21703,,N,C,C,A,A,H,-,A,D,0,,,Y,,Y,,C,02,0,1,0,0,0,0,0,0,1,"- ","- ",,,"SANTA CRUZ","SANTA CRUZ",-122.0428466796875,36.963752746582031
9638583,2023,2023-11-17,4403,2023-10-27,1032,417,403,5,5,4,4403,0,0,0,,0,004,"FREEDOM BL","MARIPOSA AV",0.00,,Y,A,-,N,,,,,,,,,,N,4,0,1,2,A,-,09,21801,A,N,D,C,A,A,H,-,A,D,0,,,,,Y,,A,08,0,0,1,0,0,0,0,0,0,"- ","- ",,,"SANTA CRUZ",WATSONVILLE,-121.76698303222656,36.929035186767578
9638584,2023,2023-11-17,4403,2023-10-26,"535 ",380,539,4,5,4,4403,0,0,0,,0,005,"LLOMA PRIETA AV","HOLLY DR",4.00,S,N,A,-,N,,,,,,,,,,N,4,0,1,2,A,-,10,21950,A,N,G,B,B,A,H,-,C,A,0,Y,,,,Y,,A,07,0,0,1,0,1,0,0,0,0,"- ","- ",,,"SANTA CRUZ",WATSONVILLE,-121.77840423583984,36.931499481201172
9640174,2023,2024-03-01,4403,2023-11-24,1933,417,2-23,5,5,4,4403,0,0,0,,0,002,"RT 152","GREEN VALLEY RD",283.00,E,N,A,-,Y,SCR,5,152,-,T,1.250,H,-,E,Y,1,1,0,2,A,-,11,21954,A,N,G,B,D,A,H,-,E,D,0,Y,,,,Y,Y,N,60,0,0,0,1,0,0,0,0,0,"- ","- ",,,"SANTA CRUZ",WATSONVILLE,-121.78292083740234,36.918380737304688
9642630,2023,2024-03-04,4403,2023-12-05,1507,T0024,2-20,2,5,4,4403,0,0,0,,0,002,"BEACH ST","WALKER ST",362.00,E,N,A,-,N,,,,,,,,,,,3,0,2,2,A,-,05,21202,A,N,D,G,A,A,H,-,A,D,0,,Y,,,Y,,L,04,0,2,0,0,0,0,1,0,0,"- ","- ",,,"SANTA CRUZ",WATSONVILLE,-121.76055145263672,36.908267974853516
9642956,2023,2023-12-06,4402,2023-10-26,1202,186,4402,4,5,5,4402,0,0,0,,0,000,"BEACH ST","RAYMOND ST",84.00,E,N,A,-,N,,,,,,,,,,N,3,0,1,2,A,-,17,21208,A,N,A,-,A,A,H,-,A,D,0,,Y,,,Y,,L,04,0,1,0,0,0,0,1,0,0,"- ","- ",,,"SANTA CRUZ","SANTA CRUZ",-122.01670837402344,36.964748382568359
9642959,2023,2023-12-06,4404,2023-10-16,1340,5440,4404,1,5,3,4404,0,0,0,,0,00S,"BAJA SOL DR","BAJA SOL CT",193.00,E,N,A,-,N,,,,,,,,,,N,3,0,1,1,C,-,18,,,N,E,I,A,A,H,-,A,D,0,,,,,Y,,-,"- ",0,1,0,0,0,0,0,0,0,"- ","- ",37.038928985595703,-122.03444671630859,"SANTA CRUZ","SCOTTS VALLEY",-122.03525543212891,37.038543701171875
9646992,2023,2024-01-20,4404,2023-11-03,1743,5820,4404,5,5,3,4404,0,0,0,,0,00S,"BEAN CREEK RD","BLUE BONNET LN",0.00,,Y,A,-,N,,,,,,,,,,Y,3,0,1,2,A,-,09,21800,A,N,A,C,A,A,H,-,A,A,0,,,,,Y,,A,01,0,1,0,0,0,0,0,0,0,"- ","- ",37.049919128417969,-122.02455902099609,"SANTA CRUZ","SCOTTS VALLEY",-122.02462005615234,37.049911499023438
9649577,2023,2024-02-20,4402,2023-12-08,2101,196,4402,5,5,5,4402,0,0,0,,0,000,"CHESTNUT ST","TAYLOR ST",66.00,N,N,A,-,N,,,,,,,,,,N,3,0,1,1,A,-,03,22350,,N,F,A,A,A,H,-,C,D,0,,Y,,,Y,,L,04,0,1,0,0,0,0,1,0,0,"- ","- ",,,"SANTA CRUZ","SANTA CRUZ",-122.03032684326172,36.971405029296875
9649578,2023,2024-02-20,4402,2023-12-08,1318,186,4402,5,5,5,4402,0,0,0,,0,000,"BAY DR","ESCALONA DR",630.00,N,N,A,-,N,,,,,,,,,,N,3,0,1,1,A,-,03,22350,,N,A,J,A,A,C,-,A,D,0,,Y,,,Y,,L,04,0,1,0,0,0,0,1,0,0,"- ","- ",,,"SANTA CRUZ","SANTA CRUZ",-122.04740142822266,36.970874786376953
9653597,2023,2024-02-23,4402,2023-12-04,1415,192,4402,1,5,5,4402,0,0,0,,0,000,"MISSION ST","CENTER ST",105.00,W,N,A,-,N,,,,,,,,,,Y,2,0,2,1,A,-,08,22107,,N,E,J,A,A,H,-,A,A,0,,,,,Y,,A,01,1,1,0,0,0,0,0,0,0,"- ","- ",,,"SANTA CRUZ","SANTA CRUZ",-122.02828216552734,36.976894378662109
9653992,2023,2024-02-27,4402,2023-11-16,"213 ",196,4402,4,5,5,4402,0,0,0,,0,000,"MISSION ST","WESTERN DR",910.00,E,N,F,-,N,,,,,,,,,,N,3,0,1,1,A,-,03,22350,,N,F,A,A,B,H,-,C,D,0,,,,,Y,Y,M,94,0,1,0,0,0,0,0,0,0,"- ","- ",,,"SANTA CRUZ","SANTA CRUZ",-122.05356597900391,36.959819793701172
9656282,2023,2024-01-30,4402,2023-11-12,1328,192,4402,7,5,5,4402,0,0,0,,0,,"EAST CLIFF DR","MOTT AV",0.00,,Y,A,-,N,,,,,,,,,,N,3,0,2,2,A,-,11,21954,A,N,G,B,D,D,H,-,A,D,0,Y,Y,,,Y,,N,60,0,2,0,0,1,0,1,0,0,"- ","- ",,,"SANTA CRUZ","SANTA CRUZ",-122.00888061523438,36.964511871337891
9656286,2023,2024-02-16,4402,2023-11-09,1749,167,4402,4,5,5,4402,0,0,0,,0,000,"RT 1","HIGHLAND AV",282.00,E,N,A,-,Y,SCR,5,1,-,-,18.138,I,5,N,N,3,0,1,2,A,-,11,21461,5,N,A,B,B,A,H,-,C,A,0,Y,,,,Y,,N,60,0,1,0,0,1,0,0,0,0,"- ","- ",,,"SANTA CRUZ","SANTA CRUZ",-122.03188323974609,36.976890563964844
9656561,2023,2024-02-16,4403,2023-12-27,"648 ",417,1-09,3,5,4,4403,0,0,0,,0,001,"BEACH ST","MAIN ST",0.00,,Y,A,-,Y,SCR,5,152,-,T,2.128,I,5,E,N,4,0,1,2,A,-,12,21453,A,N,D,C,A,A,H,-,A,A,0,,,,,Y,,A,01,0,0,1,0,0,0,0,0,0,"- ","- ",,,"SANTA CRUZ",WATSONVILLE,-121.76786041259766,36.915863037109375
9660807,2023,2024-01-29,4402,2023-12-01,1332,186,4402,5,5,5,4402,0,0,0,,0,000,"CATHCART ST","PACIFIC AV",164.00,E,N,A,-,N,,,,,,,,,,N,4,0,1,2,A,-,09,21804,A,F,D,G,A,A,H,-,A,D,0,,Y,,,Y,,A,01,0,0,1,0,0,0,1,0,0,"- ","- ",,,"SANTA CRUZ","SANTA CRUZ",-122.02493286132812,36.971794128417969
9660808,2023,2024-01-29,4402,2023-12-10,1110,192,4402,7,5,5,4402,0,0,0,,0,000,"BEACH ST","PACIFIC AV",133.00,W,N,A,-,N,,,,,,,,,,N,3,0,1,2,A,-,15,21201,A,N,F,A,A,A,H,-,A,D,0,,Y,,,Y,,L,04,0,1,0,0,0,0,1,0,0,"- ","- ",,,"SANTA CRUZ","SANTA CRUZ",-122.02448272705078,36.962699890136719
9661633,2023,2024-03-01,4402,2023-12-02,2338,196,4402,6,5,5,4402,0,0,0,,0,000,"RIVER ST","VERNON ST",173.00,S,N,A,-,Y,SCR,5,9,-,-,0.490,H,-,N,Y,3,0,1,2,A,-,05,21460,A,N,A,C,A,A,H,-,C,D,0,,,,,Y,,A,01,0,1,0,0,0,0,0,0,0,"- ","- ",,,"SANTA CRUZ","SANTA CRUZ",-122.03162384033203,36.990276336669922
9662921,2023,2024-02-14,4402,2023-12-04,2234,148,4402,1,5,5,4402,0,0,0,,0,000,"SOQUEL AV","HAGEMANN AV",25.00,W,N,A,-,N,,,,,,,,,,Y,2,0,1,1,A,-,08,22107,,N,E,I,A,A,H,-,C,D,0,,,,,Y,,E,22,1,0,0,0,0,0,0,0,0,"- ","- ",,,"SANTA CRUZ","SANTA CRUZ",-122.00179290771484,36.981410980224609
91970054,2023,2023-01-17,9720,2023-01-02,1053,022976,,1,1,9,4400,0,1,3,,2,020,"SR-1 N/B","EMELINE AVENUE",3960.00,N,N,C,-,Y,SCR,,1," "," ",16.578,H,,R,Y,2,0,3,5,A,-,03,22350,,N,C,C,A,B,H,-,A,D,0,,,,,Y,,D,22,1,0,2,0,0,0,0,0,0,"- ","- ",36.988971710205078,-122.01690673828125,"SANTA CRUZ",UNINCORPORATED,-122.01690673828125,36.988986968994141
91976685,2023,2023-01-25,9720,2023-01-13,2157,022542,,5,2,9,4400,0,1,3,,1,017,"SR-17 S/B","LAUREL RD",500.00,N,N,C,-,Y,SCR,,17," "," ",9.646,H,,L,Y,3,0,1,2,A,-,07,21658,A,N,B,C,A,B,H,-,C,D,0,,,,,Y,,A,01,0,1,0,0,0,0,0,0,0,"- ","- ",37.106769561767578,-121.97635650634766,"SANTA CRUZ",UNINCORPORATED,-121.97637176513672,37.106754302978516
91977370,2023,2023-01-25,9720,2023-01-17,"740 ",023026,,2,1,9,4400,0,1,3,,2,020,"SR-1 N/B","SOQUEL DR",528.00,S,N,A,-,Y,SCR,,1," "," ",14.593,H,,R,N,4,0,1,2,A,-,03,22350,,N,C,C,A,A,H,-,A,D,0,,,,,Y,,A,01,0,0,1,0,0,0,0,0,0,"- ","- ",36.985988616943359,-121.98153686523438,"SANTA CRUZ",UNINCORPORATED,-121.98153686523438,36.986007690429688
91980591,2023,2023-01-27,9720,2023-01-17,1953,022545,,2,2,9,4400,0,3,5,,2,100,"EAST ZAYANTE RD",LAUREL,85.00,S,N,A,-,N,,,,,,,,,,Y,3,0,1,1,A,-,01,23152,A,N,E,8,A,A,H,-,D,D,0,,,,,Y,Y,A,01,0,1,0,0,0,0,0,0,0,"- ","- ",37.088489532470703,-122.04435729980469,"SANTA CRUZ",UNINCORPORATED,-122.04426574707031,37.088314056396484
91981320,2023,2023-01-30,9720,2023-01-19,1240,021304,,4,1,9,4400,0,2,4,,1,024,"E. CLIFF DR","BLACKPOINT LANE",528.00,W,N,A,-,N,,,,,,,,,,N,4,0,1,2,A,-,08,22107,,N,H,G,A,A,H,-,A,D,0,,Y,,,Y,,D,22,0,0,1,0,0,0,1,0,0,"- ","- ",36.963348388671875,-121.99050903320312,"SANTA CRUZ",UNINCORPORATED,-121.99174499511719,36.963836669921875
91981643,2023,2023-01-30,9720,2023-01-22,2357,022400,,7,3,9,4400,0,1,3,,2,020,"NB SR-1","N BRANCIFORTE AVE OVERCROSS",158.00,N,N,A,-,Y,SCR,,1," "," ",16.263,H,,R,Y,3,0,1,1,A,-,01,23152,A,N,E,I,A,A,H,-,C,D,0,,,,,Y,Y,A,01,0,1,0,0,0,0,0,0,0,"- ","- ",36.988559722900391,-122.01132202148438,"SANTA CRUZ",UNINCORPORATED,-122.01131439208984,36.988620758056641
91983310,2023,2023-01-31,9720,2023-01-12,1320,015699,,4,1,9,4400,0,2,4,,1,022,"SOQUEL SAN JOSE RD","SOQUEL CREEK RD",250.00,S,N,B,-,N,,,,,,,,,,Y,3,0,1,1,A,-,08,22107,,N,E,I,A,B,H,-,A,D,0,,,,Y,Y,,F,26,0,1,0,0,0,0,0,0,0,"- ","- ",37.038860321044922,-121.94361877441406,"SANTA CRUZ",UNINCORPORATED,-121.94322967529297,37.039207458496094
91984701,2023,2023-02-02,9720,2023-01-22,"800 ",023146,,7,1,9,4400,0,2,4,,1,021,"SOQUEL AVE","SOQUEL DR",20.00,W,N,A,-,N,,,,,,,,,,Y,3,0,2,2,A,-,03,22350,,N,C,C,A,A,H,-,A,A,0,,,,,Y,,A,01,0,1,1,0,0,0,0,0,0,"- ","- ",36.985858917236328,-121.98776245117188,"SANTA CRUZ",UNINCORPORATED,-121.98762512207031,36.985931396484375
91987035,2023,2023-02-06,9720,2023-01-25,1430,023103,,3,2,9,4400,0,2,4,,1,032,"GREEN VALLEY RD","HOLOHAN RD",30.00,W,N,A,-,N,,,,,,,,,,N,3,0,1,2,A,-,03,22350,,N,C,C,A,A,H,-,A,A,0,,,,,Y,,A,01,0,1,0,0,0,0,0,0,0,"- ","- ",36.936000823974609,-121.74331665039062,"SANTA CRUZ",UNINCORPORATED,-121.76950836181641,36.940982818603516
91987767,2023,2023-02-06,9720,2023-01-27,1550,022140,,5,2,9,4400,0,1,3,,2,020,"SR-1 S/B","PARK AVE",528.00,N,N,A,-,Y,SCR,,1," "," ",12.215,H,,L,Y,4,0,1,3,A,-,04,21703,,N,C,C,A,A,H,-,A,D,0,,,,,Y,,D,22,0,0,1,0,0,0,0,0,0,"- ","- ",36.983928680419922,-121.93914794921875,"SANTA CRUZ",UNINCORPORATED,-121.93914794921875,36.983921051025391
91989778,2023,2023-02-08,9720,2023-01-29,1543,023103,,7,2,9,4400,0,3,5,,2,200,"SEACLIFF DR","STATE PARK DRIVE",30.00,W,N,A,-,N,,,,,,,,,,N,3,0,1,1,C,-,18,,,N,E,I,A,A,H,-,A,D,0,,,,,Y,,-,"- ",0,1,0,0,0,0,0,0,0,"- ","- ",36.974388122558594,-121.91264343261719,"SANTA CRUZ",UNINCORPORATED,-121.91244506835938,36.974369049072266
91991170,2023,2023-02-10,9720,2023-02-04,"740 ",019956,,6,1,9,4400,0,1,3,,1,017,"SR-17 S/B","SUMMIT RD",528.00,S,N,B,C,Y,SCR,,17," "," ",12.551,H,,L,Y,4,0,1,1,A,-,03,22350,,N,E,I,A,B,H,-,A,D,0,,,,,Y,,D,22,0,0,1,0,0,0,0,0,0,"- ","- ",37.144039154052734,-121.98477935791016,"SANTA CRUZ",UNINCORPORATED,-121.98480224609375,37.144046783447266
91992553,2023,2023-02-13,9720,2023-02-03,1855,023186,,5,2,9,4400,0,1,3,,1,017,"NB SR-17","EL RANCHO DRIVE",2418.00,N,N,A,-,Y,SCR,,17," "," ",2.678,H,,R,Y,3,0,2,1,A,-,03,22350,,N,E,I,A,B,H,-,C,D,0,,,,,Y,,D,22,0,1,1,0,0,0,0,0,0,"- ","- ",37.025859832763672,-122.02613830566406,"SANTA CRUZ",UNINCORPORATED,-122.02621459960938,37.025897979736328
91993962,2023,2023-02-14,9720,2023-02-05,1958,023103,,7,2,9,4400,0,1,3,,1,017,"SR-17 S/B","MT. HERMON ROAD",2640.00,S,N,A,-,Y,SCR,,17," "," ",2.599,H,,L,Y,3,0,1,1,A,-,08,22107,,N,E,8,A,A,H,-,D,D,0,,,,,Y,,A,01,0,1,0,0,0,0,0,0,0,"- ","- ",37.024909973144531,-122.02699279785156,"SANTA CRUZ",UNINCORPORATED,-122.02690887451172,37.024890899658203
91995283,2023,2023-02-15,9720,2023-02-06,1647,023103,,1,2,9,4400,0,3,5,,2,200,"GLEN HAVEN ROAD","CHERRYVALE AVENUE",0.00,,Y,A,-,N,,,,,,,,,,Y,2,0,1,2,A,-,01,23153,G,N,A,C,A,A,H,-,A,A,0,,,,,Y,,A,07,1,0,0,0,0,0,0,0,0,"- ","- ",36.997859954833984,-121.95062255859375,"SANTA CRUZ",UNINCORPORATED,-121.95066833496094,36.997882843017578
91998245,2023,2023-02-20,9720,2023-02-08,1705,021248,,3,2,9,4400,0,1,3,,2,020,"SR-1 S/B","SOQUEL DR",1056.00,N,N,A,-,Y,SCR,,1," "," ",15.197,H,,L,N,4,0,1,2,A,-,03,22350,,N,C,C,A,A,H,-,A,D,0,,,,,Y,,A,08,0,0,1,0,0,0,0,0,0,"- ","- ",36.987800598144531,-121.99217987060547,"SANTA CRUZ",UNINCORPORATED,-121.99217224121094,36.987865447998047
91998899,2023,2023-02-21,9720,2023-02-10,1028,021918,,5,1,9,4400,0,2,4,,1,023,"41ST AVE","CORDELIA LN",240.00,E,N,A,-,N,,,,,,,,,,Y,3,0,1,2,A,-,09,21801,A,N,D,C,A,A,H,-,A,D,0,,,,,Y,,A,01,0,1,0,0,0,0,0,0,0,"- ","- ",36.985950469970703,-121.96486663818359,"SANTA CRUZ",UNINCORPORATED,-121.96475982666016,36.984062194824219
92006770,2023,2023-03-01,9720,2023-01-26,1710,022044,,4,2,9,4400,0,2,4,,1,023,"7TH AVE","CAPITOLA RD.",50.00,W,N,A,-,N,,,,,,,,,,N,4,0,1,2,A,-,08,22107,,N,H,G,A,A,H,-,A,D,0,,Y,,,Y,,A,01,0,0,1,0,0,0,1,0,0,"- ","- ",36.979061126708984,-121.99205017089844,"SANTA CRUZ",UNINCORPORATED,-121.99188995361328,36.979164123535156
92008417,2023,2023-03-02,9720,2023-02-22,1836,022140,,3,2,9,4400,0,2,4,,1,021,"SOQUEL DR","TWIN PALMS DR",45.00,W,N,B,-,N,,,,,,,,,,Y,3,0,1,2,A,-,07,21658,A,N,B,C,A,A,H,-,D,D,0,,,,,Y,,A,07,0,1,0,0,0,0,0,0,0,"- ","- ",36.984180450439453,-121.91465759277344,"SANTA CRUZ",UNINCORPORATED,-121.91457366943359,36.984142303466797
92017527,2023,2023-03-14,9720,2023-03-03,2220,023166,,5,3,9,4400,0,2,4,,1,024,"E CLIFF DR.","JOHANS BEACH DR",103.00,W,N,A,-,N,,,,,,,,,,Y,2,0,2,2,A,-,01,23152,A,F,C,E,A,A,D,-,C,D,0,,,,,Y,Y,A,01,1,1,0,0,0,0,0,0,0,"- ","- ",36.962959289550781,-121.98906707763672,"SANTA CRUZ",UNINCORPORATED,-121.98903656005859,36.962963104248047
92017649,2023,2023-03-14,9720,2023-03-04,"300 ",022901,,6,3,9,4400,0,3,5,,2,100,"EMPIRE GRADE RD","CAVE GULCH ROAD",2640.00,S,N,A,-,N,,,,,,,,,,Y,4,0,1,1,A,-,08,22107,,N,E,8,A,A,H,-,D,D,0,,,,,Y,,A,01,0,0,1,0,0,0,0,0,0,"- ","- ",37.001480102539062,-122.07103729248047,"SANTA CRUZ",UNINCORPORATED,-122.07052612304688,37.001502990722656
92021459,2023,2023-03-20,9720,2023-03-07,1747,023180,,2,2,9,4400,0,1,3,,2,020,"S/B SR-1","STATE PARD DR",100.00,N,N,A,-,Y,SCR,,1," "," ",10.557,H,,R,N,3,0,1,2,A,-,07,21658,A,N,C,C,A,A,H,-,A,D,0,,,Y,,Y,Y,A,07,0,1,0,0,0,0,0,0,1,"- ","- ",36.97808837890625,-121.91079711914062,"SANTA CRUZ",UNINCORPORATED,-121.91067504882812,36.978244781494141
92022859,2023,2023-03-20,9720,2023-03-15,"930 ",018171,,3,1,9,4400,0,2,4,,1,024,"BROMMER ST","ODYSSEY CT",10.00,N,N,A,-,N,,,,,,,,,,N,4,0,1,2,A,-,03,22350,,N,C,C,A,A,H,-,A,D,0,,,,,Y,,A,01,0,0,1,0,0,0,0,0,0,"- ","- ",36.972019195556641,-121.99047088623047,"SANTA CRUZ",UNINCORPORATED,-121.99034881591797,36.972049713134766
92025272,2023,2023-03-22,9720,2023-03-13,1445,023146,,1,2,9,4400,0,1,3,,1,015,SR-9,"FALL CREEK RD",333.00,N,N,B,-,Y,SCR,,9," "," ",7.124,H,,R,Y,4,0,1,2,A,-,09,21801,A,N,F,A,A,A,H,-,A,D,0,,,Y,,Y,,A,07,0,0,1,0,0,0,0,0,1,"- ","- ",37.060489654541016,-122.0797119140625,"SANTA CRUZ",UNINCORPORATED,-122.07970428466797,37.060489654541016
92025865,2023,2023-12-11,9720,2023-03-10,1005,021304,,5,1,9,4400,0,2,4,,1,031,"FREEDOM BLVD","WHITE RD",0.00,,Y,B,C,N,,,,,,,,,,Y,3,0,3,2,A,-,09,21802,A,N,D,C,A,B,H,-,A,A,0,,,,,Y,,A,01,0,2,1,0,0,0,0,0,0,"- ","- ",36.971450805664062,-121.81958770751953,"SANTA CRUZ",UNINCORPORATED,-121.819580078125,36.971450805664062
92029549,2023,2023-03-27,9720,2023-03-21,1418,019956,,2,2,9,4400,0,1,3,,2,030,"SR-1 S/B","AIRPORT BLVD",2112.00,N,N,B,C,Y,SCR,,1," ",R,3.619,H,,L,N,4,0,2,2,A,-,03,22350,,N,E,I,A,B,H,-,A,D,0,,,,,Y,,D,22,0,0,2,0,0,0,0,0,0,"- ","- ",36.928188323974609,-121.80342864990234,"SANTA CRUZ",UNINCORPORATED,-121.80339050292969,36.928226470947266
92030481,2023,2023-03-28,9720,2023-03-17,1655,018171,,5,2,9,4400,0,2,4,,1,016,"GRAHAM HILL ROAD","SUMMIT AVE",1690.00,S,N,A,-,N,,,,,,,,,,Y,3,0,3,2,A,-,08,22107,,N,A,C,A,A,H,-,A,D,0,,,,,Y,,A,07,0,3,0,0,0,0,0,0,0,"- ","- ",37.043460845947266,-122.05239105224609,"SANTA CRUZ",UNINCORPORATED,-122.06416320800781,37.047760009765625
92035655,2023,2023-04-03,9720,2023-03-23,"810 ",023245,,4,1,9,4400,0,1,3,,2,020,"SR-1 S/B","SOQUEL AVE",1320.00,N,N,A,-,Y,SCR,,1," "," ",15.135,H,,L,Y,4,0,3,3,A,-,03,22350,,N,C,C,A,A,H,-,A,D,0,,,,,Y,,A,01,0,0,3,0,0,0,0,0,0,"- ","- ",36.9876708984375,-121.9910888671875,"SANTA CRUZ",UNINCORPORATED,-121.99107360839844,36.987747192382812
92045908,2023,2023-04-17,9720,2023-04-04,2150,023110,,2,2,9,4400,0,3,5,,2,200,"LAUREL GLEN RD","PEREGRINE LN",50.00,E,N,A,-,N,,,,,,,,,,Y,3,0,1,1,A,-,01,23152,A,N,E,I,A,A,H,-,D,D,0,,,,,Y,Y,A,01,0,1,0,0,0,0,0,0,0,"- ","- ",37.038040161132812,-121.94873046875,"SANTA CRUZ",UNINCORPORATED,-121.94878387451172,37.038169860839844
92046891,2023,2023-04-17,9720,2023-04-07,1530,023245,,5,2,9,4400,0,2,4,,1,021,"SOQUEL DRIVE","41ST AVENUE",500.00,W,N,B,C,N,,,,,,,,,,N,4,0,1,2,A,-,03,22350,,N,C,C,A,B,H,-,A,D,0,,,,,Y,,D,22,0,0,1,0,0,0,0,0,0,"- ","- ",36.98712158203125,-121.96685791015625,"SANTA CRUZ",UNINCORPORATED,-121.96666717529297,36.987155914306641
92048951,2023,2023-04-19,9720,2023-04-10,1627,023166,,1,2,9,4400,0,1,3,,2,020,"SR-1 S/B","PARK AVE",2640.00,S,N,A,-,Y,SCR,,1," "," ",11.658,H,,L,N,4,0,2,3,A,-,03,22350,,N,C,C,A,A,H,-,A,D,0,,,,,Y,,A,07,0,0,2,0,0,0,0,0,0,"- ","- ",36.983451843261719,-121.92915344238281,"SANTA CRUZ",UNINCORPORATED,-121.92915344238281,36.983436584472656
92048960,2023,2023-04-19,9720,2023-04-09,2330,021211,,7,3,9,4400,0,1,3,,1,010,SR-1,"SWANTON RD",1056.00,N,N,A,-,Y,,,,,,,,,,N,4,0,1,1,A,-,03,22350,,N,E,J,A,A,H,-,D,D,0,,,,,Y,,A,01,0,0,1,0,0,0,0,0,0,"- ","- ",37.030570983886719,-122.22032928466797,"SANTA CRUZ",UNINCORPORATED,-122.22011566162109,37.030902862548828
92053070,2023,2023-04-25,9720,2023-04-16,1627,022458,,7,2,9,4400,0,1,3,,2,020,"SR-1 N/B","PORTER STREET",1320.00,S,N,A,-,Y,SCR,,1," "," ",12.938,H,,R,N,4,0,2,2,A,-,03,22350,,N,C,C,A,A,H,-,A,D,0,,,,,Y,,A,07,0,0,2,0,0,0,0,0,0,"- ","- ",36.983711242675781,-121.95223999023438,"SANTA CRUZ",UNINCORPORATED,-121.95223999023438,36.983726501464844