CASE_ID,ACCIDENT_YEAR,PROC_DATE,JURIS,COLLISION_DATE,COLLISION_TIME,OFFICER_ID,REPORTING_DISTRICT,DAY_OF_WEEK,CHP_SHIFT,POPULATION,CNTY_CITY_LOC,SPECIAL_COND,BEAT_TYPE,CHP_BEAT_TYPE,CITY_DIVISION_LAPD,CHP_BEAT_CLASS,BEAT_NUMBER,PRIMARY_RD,SECONDARY_RD,DISTANCE,DIRECTION,INTERSECTION,WEATHER_1,WEATHER_2,STATE_HWY_IND,CALTRANS_COUNTY,CALTRANS_DISTRICT,STATE_ROUTE,ROUTE_SUFFIX,POSTMILE_PREFIX,POSTMILE,LOCATION_TYPE,RAMP_INTERSECTION,SIDE_OF_HWY,TOW_AWAY,COLLISION_SEVERITY,NUMBER_KILLED,NUMBER_INJURED,PARTY_COUNT,PRIMARY_COLL_FACTOR,PCF_CODE_OF_VIOL,PCF_VIOL_CATEGORY,PCF_VIOLATION,PCF_VIOL_SUBSECTION,HIT_AND_RUN,TYPE_OF_COLLISION,MVIW,PED_ACTION,ROAD_SURFACE,ROAD_COND_1,ROAD_COND_2,LIGHTING,CONTROL_DEVICE,CHP_ROAD_TYPE,PEDESTRIAN_ACCIDENT,BICYCLE_ACCIDENT,MOTORCYCLE_ACCIDENT,TRUCK_ACCIDENT,NOT_PRIVATE_PROPERTY,ALCOHOL_INVOLVED,STWD_VEHTYPE_AT_FAULT,CHP_VEHTYPE_AT_FAULT,COUNT_SEVERE_INJ,COUNT_VISIBLE_INJ,COUNT_COMPLAINT_PAIN,COUNT_PED_KILLED,COUNT_PED_INJURED,COUNT_BICYCLIST_KILLED,COUNT_BICYCLIST_INJURED,COUNT_MC_KILLED,COUNT_MC_INJURED,PRIMARY_RAMP,SECONDARY_RAMP,LATITUDE,LONGITUDE,COUNTY,CITY,POINT_X,POINT_Y
92053793,2023,2023-04-26,9720,2023-04-15,2256,023245,,6,3,9,4400,0,3,5,,2,300,"LAKEVIEW RD","CRESTWOOD DRIVE",1056.00,S,N,B,-,N,,,,,,,,,,Y,3,0,2,1,A,-,01,23152,A,N,E,I,A,A,H,-,D,D,0,,,,,Y,Y,A,01,0,2,0,0,0,0,0,0,0,"- ","- ",36.9263916015625,-121.73342132568359,"SANTA CRUZ",UNINCORPORATED,-121.73291015625,36.925884246826172
92054107,2023,2023-04-26,9720,2023-04-14,1859,023103,,5,2,9,4400,0,1,3,,2,030,"SOUTHBOUND SR-1","AIRPORT BLVD",1584.00,S,N,A,-,Y,SCR,,1," ",R,2.989,H,,R,Y,4,0,1,2,A,-,07,21658,A,N,B,C,A,A,H,-,A,D,0,,,,,Y,,A,07,0,0,1,0,0,0,0,0,0,"- ","- ",36.922760009765625,-121.79421997070312,"SANTA CRUZ",UNINCORPORATED,-121.7940673828125,36.922920227050781
92061141,2023,2023-05-04,9720,2023-04-22,1530,022901,,6,2,9,4400,0,2,4,,1,024,"EAST CLIFF DRIVE","24TH AVENUE",0.00,,Y,A,-,N,,,,,,,,,,Y,3,0,1,2,A,-,06,21755,,N,D,C,A,A,H,-,A,D,0,,,Y,,Y,,C,02,0,1,0,0,0,0,0,0,1,"- ","- ",36.959629058837891,-121.98210906982422,"SANTA CRUZ",UNINCORPORATED,-121.98203277587891,36.959598541259766
92061157,2023,2023-05-04,9720,2023-04-23,1600,023214,,7,2,9,4400,0,2,4,,1,021,"SOQUEL DR.","S RODEO GULCH RD.",0.00,,Y,A,-,N,,,,,,,,,,Y,3,0,2,2,A,-,09,21801,A,N,D,C,A,A,H,-,A,A,0,,,,,Y,,A,01,0,2,0,0,0,0,0,0,0,"- ","- ",36.987571716308594,-121.96959686279297,"SANTA CRUZ",UNINCORPORATED,-121.96955871582031,36.987606048583984
92061755,2023,2023-05-04,9720,2023-04-27,1540,022044,,4,2,9,4400,0,2,4,,1,016,"GRAHAM HILL RD.","SIMS RD.",200.00,S,N,A,-,N,,,,,,,,,,Y,4,0,1,2,A,-,03,22350,,N,C,C,A,A,H,-,A,D,0,,,,,Y,,A,07,0,0,1,0,0,0,0,0,0,"- ","- ",37.01129150390625,-122.03408813476562,"SANTA CRUZ",UNINCORPORATED,-122.03417205810547,37.01123046875
92063394,2023,2023-05-08,9720,2023-04-26,"700 ",023103,,3,1,9,4400,0,1,3,,2,030,"NORTHBOUND SR-1","MAR MONTE AVE",2112.00,S,N,A,-,Y,SCR,,1," ",R,6.378,H,,R,Y,3,0,1,2,A,-,07,21658,A,N,B,C,A,A,H,-,A,D,0,,,Y,,Y,,A,07,0,1,0,0,0,0,0,0,1,"- ","- ",36.946670532226562,-121.84706115722656,"SANTA CRUZ",UNINCORPORATED,-121.84702301025391,36.946701049804688
92064156,2023,2023-05-08,9720,2023-05-07,"919 ",019956,,7,1,9,4400,0,1,3,,1,017,"SR-17 S/B","SUMMIT RD",528.00,S,N,B,-,Y,SCR,,17," "," ",12.550,H,,L,Y,4,0,1,1,A,-,03,22350,,N,E,I,A,B,H,-,A,D,0,,,,,Y,,D,22,0,0,1,0,0,0,0,0,0,"- ","- ",37.144031524658203,-121.98478698730469,"SANTA CRUZ",UNINCORPORATED,-121.98480987548828,37.144035339355469
92065951,2023,2023-05-10,9720,2023-04-29,1739,023146,,6,2,9,4400,0,2,4,,1,016,"GRAHAM HILL RD","EAST ZAYANTE RD",320.00,W,N,A,-,N,,,,,,,,,,Y,4,0,2,2,A,-,03,22350,,N,C,C,A,A,H,-,A,D,0,,,,,Y,,A,01,0,0,2,0,0,0,0,0,0,"- ","- ",37.050361633300781,-122.06684112548828,"SANTA CRUZ",UNINCORPORATED,-122.06671905517578,37.050338745117188
92066578,2023,2023-05-11,9720,2023-04-30,"25  ",023245,,7,3,9,4400,0,1,3,,1,014,SR-9,"TIN CAN RANCH RD",250.00,S,N,B,-,Y,SCR,,9," "," ",23.717,H,,R,Y,3,0,1,1,A,-,01,23152,A,N,E,I,A,A,H,-,D,D,0,,,,,Y,Y,D,22,0,1,0,0,0,0,0,0,0,"- ","- ",37.239990234375,-122.14988708496094,"SANTA CRUZ",UNINCORPORATED,-122.14994049072266,37.239948272705078
92067039,2023,2023-05-11,9720,2023-04-29,1654,023026,,6,2,9,4400,0,1,3,,1,017,"SR-17 S/B","GLENWOOD DR",10.00,S,N,A,-,Y,SCR,,17," "," ",10.636,H,,L,N,4,0,2,2,A,-,09,21802,A,N,C,C,A,A,H,-,A,D,0,,,,,Y,,A,01,0,0,2,0,0,0,0,0,0,"- ","- ",37.119770050048828,-121.97602844238281,"SANTA CRUZ",UNINCORPORATED,-121.97607421875,37.119766235351562
92069732,2023,2023-05-16,9720,2023-04-28,"655 ",015699,,5,1,9,4400,0,3,5,,2,200,"DOLPHIN DR","SEASCAPE BLVD",0.00,,Y,E,-,N,,,,,,,,,,N,4,0,1,2,A,-,09,21800,C,N,D,G,A,A,H,-,A,A,0,,Y,,,Y,,L,04,0,0,1,0,0,0,1,0,0,"- ","- ",36.951740264892578,-121.86945343017578,"SANTA CRUZ",UNINCORPORATED,-121.86940002441406,36.951694488525391
92073760,2023,2023-05-22,9720,2023-05-12,2208,022400,,5,3,9,4400,0,1,3,,1,014,"SR-9 S/B","SARATOGA TOLL ROAD",3168.00,N,N,A,-,Y,SCR,,9," "," ",19.832,H,,L,Y,3,0,1,1,A,-,01,23152,A,N,E,I,A,A,H,-,D,D,0,,,,,Y,Y,A,01,0,1,0,0,0,0,0,0,0,"- ","- ",37.213420867919922,-122.14708709716797,"SANTA CRUZ",UNINCORPORATED,-122.14701843261719,37.213420867919922
92073771,2023,2023-05-22,9720,2023-05-12,2240,022976,,5,3,9,4400,0,1,3,,2,030,"SR-1 S/B TO AIRPORT BLVD","AIRPORT BLVD",500.00,N,N,A,-,Y,SCR,,1," ",R,3.356,H,,L,Y,4,0,1,1,A,-,08,22107,,N,F,A,A,A,H,-,D,D,0,,,,,Y,,A,01,0,0,1,0,0,0,0,0,0,"- ","- ",36.925861358642578,-121.79966735839844,"SANTA CRUZ",UNINCORPORATED,-121.79958343505859,36.925960540771484
92074040,2023,2023-05-22,9720,2023-05-14,2320,023245,,7,3,9,4400,0,3,5,,2,200,"SOQUEL AVE","SR-1 S/B EXIT RAMP TO SOQUEL AVE",5.00,E,N,B,-,Y,,,,,,,,,,N,4,0,1,2,A,-,03,22350,,N,C,C,A,B,H,-,D,A,0,,,,,Y,,A,01,0,0,1,0,0,0,0,0,0,"- ","- ",36.986480712890625,-121.98562622070312,"SANTA CRUZ",UNINCORPORATED,-121.987548828125,36.985958099365234
92074494,2023,2023-05-22,9720,2023-05-18,"923 ",014653,,4,1,9,4400,0,1,3,,1,035,"SR-129 (RIVERSIDE DR)","SR-1 N/B",500.00,E,N,B,-,Y,SCR,,129," ",L,0.095,H,,R,Y,3,0,1,2,A,-,03,22350,,N,C,C,A,A,H,-,A,A,0,,,,,Y,,A,01,0,1,0,0,0,0,0,0,0,"- ","- ",36.894989013671875,-121.77256774902344,"SANTA CRUZ",UNINCORPORATED,-121.77250671386719,36.894901275634766
92074553,2023,2023-05-22,9720,2023-05-19,1230,021717,,5,1,9,4400,0,2,4,,1,021,"SOQUEL DR","PORTER ST",0.00,,Y,A,-,N,,,,,,,,,,Y,4,0,1,2,A,-,09,21453,C,N,D,C,A,A,H,-,A,A,0,,,,,Y,,A,01,0,0,1,0,0,0,0,0,0,"- ","- ",36.988109588623047,-121.95742034912109,"SANTA CRUZ",UNINCORPORATED,-121.95737457275391,36.988117218017578
92075039,2023,2023-05-23,9720,2023-05-16,"810 ",021211,,2,1,9,4400,0,2,4,,1,032,"GREEN VALLEY RD","AMESTI RD",0.00,,Y,B,-,N,,,,,,,,,,N,4,0,1,2,A,-,03,22350,,N,C,C,A,A,H,-,A,D,0,,,,,Y,,A,07,0,0,1,0,0,0,0,0,0,"- ","- ",36.945758819580078,-121.76685333251953,"SANTA CRUZ",UNINCORPORATED,-121.76686859130859,36.945621490478516
92076122,2023,2023-05-24,9720,2023-05-13,1120,022349,,6,1,9,4400,0,2,4,,1,016,"GRAHAM HILL RD","LYLE WAY",50.00,S,N,A,-,N,,,,,,,,,,Y,3,0,1,2,A,-,03,22350,,N,C,C,A,A,H,-,A,D,0,,,,,Y,,A,01,0,1,0,0,0,0,0,0,0,"- ","- ",36.999069213867188,-122.02996063232422,"SANTA CRUZ",UNINCORPORATED,-122.03000640869141,36.999107360839844
92077652,2023,2023-05-25,9720,2023-05-15,1125,021248,,1,1,9,4400,0,1,3,,2,020,"SR-1 N/B","41ST AVE.",528.00,S,N,A,-,Y,SCR,,1," "," ",13.338,H,,R,Y,4,0,2,3,A,-,03,22350,,N,B,C,A,A,H,-,A,D,0,,,,,Y,,A,07,0,0,2,0,0,0,0,0,0,"- ","- ",36.983009338378906,-121.95942687988281,"SANTA CRUZ",UNINCORPORATED,-121.95942687988281,36.983039855957031
92080337,2023,2023-05-29,9720,2023-05-14,2227,020977,,7,3,9,4400,0,1,3,,2,030,"RT 1","BUENA VISTA DR",1320.00,S,N,B,C,Y,SCR,,1," ",R,3.842,H,,R,Y,4,0,1,1,A,-,01,23152,A,N,E,I,A,B,H,-,D,D,0,,,,,Y,Y,A,01,0,0,1,0,0,0,0,0,0,"- ","- ",36.930068969726562,-121.806640625,"SANTA CRUZ",UNINCORPORATED,-121.80650329589844,36.930259704589844
92080360,2023,2023-05-29,9720,2023-05-25,1150,014653,,4,1,9,4400,0,1,3,,2,020,"SR-1 N/B","RIO DEL MAR BLVD",2112.00,N,N,B,-,Y,SCR,,1," "," ",9.705,H,,R,Y,3,0,2,3,A,-,03,22350,,N,C,C,A,A,H,-,A,D,0,,,,,Y,,A,01,0,2,0,0,0,0,0,0,0,"- ","- ",36.975070953369141,-121.89630126953125,"SANTA CRUZ",UNINCORPORATED,-121.89630126953125,36.975086212158203
92080530,2023,2023-05-29,9720,2023-05-17,1226,023166,,3,1,9,4400,0,2,4,,1,016,"GRAHAM HILL RD.","MICHAEL LN.",451.00,S,N,A,-,N,,,,,,,,,,Y,2,0,1,1,A,-,08,22107,,N,E,8,A,A,H,-,A,D,0,,,Y,,Y,,C,02,1,0,0,0,0,0,0,0,1,"- ","- ",36.997821807861328,-122.02874755859375,"SANTA CRUZ",UNINCORPORATED,-122.02876281738281,36.997577667236328
92081629,2023,2023-05-30,9720,2023-05-28,2030,023166,,7,2,9,4400,0,2,4,,1,031,"FREEDOM BLVD","HAMES RD",528.00,E,N,A,-,N,,,,,,,,,,Y,4,0,1,1,C,-,18,,,N,D,H,A,A,H,-,D,D,0,,,,,Y,,-,"- ",0,0,1,0,0,0,0,0,0,"- ","- ",36.986900329589844,-121.83463287353516,"SANTA CRUZ",UNINCORPORATED,-121.83470916748047,36.986980438232422
92085913,2023,2023-06-05,9720,2023-03-03,"800 ",015699,,5,1,9,4400,0,3,5,,2,300,"SAN ANDREAS RD","DAIRY RD",18.00,S,N,A,-,N,,,,,,,,,,Y,2,0,1,1,A,-,03,22350,,N,F,A,A,A,H,-,A,D,0,,,,,Y,,A,01,1,0,0,0,0,0,0,0,0,"- ","- ",36.888050079345703,-121.80651092529297,"SANTA CRUZ",UNINCORPORATED,-121.80657958984375,36.888134002685547
92085973,2023,2023-06-05,9720,2023-04-12,"920 ",015699,,3,1,9,4400,0,1,3,,2,030,"STATE HIGHWAY 1 N/B","FREEDOM BLVD O/C",300.00,S,N,A,-,Y,SCR,,1," "," ",8.318,H,,R,N,4,0,1,3,A,-,07,21658,A,N,B,C,A,A,H,-,A,D,0,,,Y,,Y,,I,09,0,0,1,0,0,0,0,0,1,"- ","- ",36.970100402832031,-121.87252044677734,"SANTA CRUZ",UNINCORPORATED,-121.87251281738281,36.970108032226562
92086157,2023,2023-06-05,9720,2023-05-24,"737 ",023103,,3,1,9,4400,0,1,3,,2,030,"NORTHBOUND SR-1","MAR MONTE AVENUE",0.00,,Y,B,-,Y,SCR,,1," ",R,6.695,H,,R,Y,4,0,1,2,A,-,09,21802,A,N,C,C,A,A,H,-,A,A,0,,,,,Y,,A,07,0,0,1,0,0,0,0,0,0,"- ","- ",36.950038909912109,-121.85090637207031,"SANTA CRUZ",UNINCORPORATED,-121.85108947753906,36.949909210205078
92086306,2023,2023-06-05,9720,2023-05-25,2219,023214,,4,3,9,4400,0,1,3,,1,017,"SR-17 S/B","GRANITE CREEK RD.",2640.00,S,N,A,-,Y,SCR,,17," "," ",4.965,H,,L,Y,4,0,3,2,A,-,01,23152,A,N,C,C,A,A,D,-,D,D,0,,,,,Y,Y,A,01,0,0,3,0,0,0,0,0,0,"- ","- ",37.054729461669922,-122.00801849365234,"SANTA CRUZ",UNINCORPORATED,-122.00804138183594,37.054737091064453
92087345,2023,2023-06-06,9720,2023-06-03,1250,022458,,6,1,9,4400,0,3,5,,2,100,"MARTIN ROAD","QUAIL DRIVE",528.00,N,N,A,-,N,,,,,,,,,,N,2,0,1,1,A,-,08,22107,,N,F,A,A,A,H,-,A,D,0,,,Y,,Y,,C,02,1,0,0,0,0,0,0,0,1,"- ","- ",37.046669006347656,-122.14740753173828,"SANTA CRUZ",UNINCORPORATED,-122.14736938476562,37.046100616455078
92088544,2023,2023-06-07,9720,2023-05-27,1720,022901,,6,2,9,4400,0,2,4,,1,023,"7TH AVENUE","EATON STREET",0.00,,Y,A,-,N,,,,,,,,,,N,3,0,1,2,A,-,08,22107,,F,H,G,A,A,H,-,A,A,0,,Y,,,Y,,-,99,0,1,0,0,0,0,1,0,0,"- ","- ",36.967739105224609,-121.99783325195312,"SANTA CRUZ",UNINCORPORATED,-121.99800109863281,36.967670440673828
92089183,2023,2023-06-08,9720,2023-05-31,1440,021940,,3,2,9,4400,0,1,3,,1,017,"SR-17 S/B","MT. HERMON RD.",2112.00,N,N,A,-,Y,SCR,,17," "," ",3.859,H,,L,Y,3,0,1,2,A,-,07,21658,A,N,B,C,A,A,H,-,A,D,0,,,,,Y,,A,01,0,1,0,0,0,0,0,0,0,"- ","- ",37.040458679199219,-122.01686859130859,"SANTA CRUZ",UNINCORPORATED,-122.01689147949219,37.04046630859375
92090938,2023,2023-06-12,9720,2023-06-01,1755,023245,,4,2,9,4400,0,1,3,,2,020,"SR-1 S/B FROM 41ST AVENUE","41ST AVENUE",50.00,S,N,B,-,Y,,,,,,,,,,Y,3,0,1,1,A,-,01,23152,A,M,E,8,A,A,H,-,A,D,0,,,,,Y,Y,A,08,0,1,0,0,0,0,0,0,0,"- ","- ",36.982051849365234,-121.96421813964844,"SANTA CRUZ",UNINCORPORATED,-121.96421813964844,36.982051849365234
92090946,2023,2023-06-12,9720,2023-06-01,1940,023166,,4,2,9,4400,0,3,5,,2,100,"EMPIRE GRADE RD","ALBA RD",215.00,N,N,A,-,N,,,,,,,,,,Y,2,0,2,1,A,-,08,22107,,N,E,I,A,A,H,-,A,D,0,,,,,Y,,D,22,1,0,1,0,0,0,0,0,0,"- ","- ",37.104709625244141,-122.14144134521484,"SANTA CRUZ",UNINCORPORATED,-122.14140319824219,37.104637145996094
92094591,2023,2023-06-15,9720,2023-06-04,2130,022907,,7,2,9,4400,0,1,3,,1,017,"SB SR-17","SUMMIT RD",5280.00,S,N,A,-,Y,SCR,,17," "," ",11.646,H,,R,N,2,0,1,1,A,-,01,23152,A,N,F,A,A,A,H,-,D,D,0,,,Y,,Y,Y,C,02,1,0,0,0,0,0,0,0,1,"- ","- ",37.131740570068359,-121.98001098632812,"SANTA CRUZ",UNINCORPORATED,-121.9798583984375,37.131839752197266
92095050,2023,2023-06-15,9720,2023-06-10,1010,021714,,6,1,9,4400,0,1,3,,1,017,"SR-17 N/B","VINE HILL RD",528.00,S,N,B,-,Y,SCR,,17," "," ",7.014,H,,R,Y,3,0,1,2,A,-,17,23114,A,N,E,J,A,A,H,-,A,D,0,,,,,Y,,D,22,0,1,0,0,0,0,0,0,0,"- ","- ",37.075431823730469,-121.98760223388672,"SANTA CRUZ",UNINCORPORATED,-121.98755645751953,37.075397491455078
92098715,2023,2023-06-21,9720,2023-06-12,1707,022349,,1,2,9,4400,1,3,5,,2,300,"MARK AVE","TRINITY AVE",0.00,,Y,A,-,N,,,,,,,,,,N,2,0,1,2,A,-,12,22450,A,N,H,G,A,A,H,-,A,A,0,,Y,,,Y,,L,04,1,0,0,0,0,0,1,0,0,"- ","- ",36.966079711914062,-121.76315307617188,"SANTA CRUZ",UNINCORPORATED,-121.76317596435547,36.966041564941406
92098850,2023,2023-06-21,9720,2023-06-14,1324,021714,,3,1,9,4400,0,1,3,,2,020,"SR-1 N/B","STATE PARK DR.",528.00,N,N,A,-,Y,SCR,,1," "," ",10.775,H,,R,Y,3,0,1,2,A,-,07,21658,A,N,B,C,A,A,H,-,A,D,0,,,Y,,Y,,A,01,0,1,0,0,0,0,0,0,1,"- ","- ",36.97998046875,-121.91396331787109,"SANTA CRUZ",UNINCORPORATED,-121.91397094726562,36.979969024658203
92099270,2023,2023-06-21,9720,2023-06-16,1617,022140,,5,2,9,4400,0,1,3,,2,020,"SR-1 S/B","BAY AVE",900.00,S,N,A,-,Y,SCR,,1," "," ",13.029,H,,L,N,4,0,1,2,A,-,07,21658,A,N,B,C,A,A,H,-,A,D,0,,,Y,,Y,,A,07,0,0,1,0,0,0,0,0,1,"- ","- ",36.983470916748047,-121.95388793945312,"SANTA CRUZ",UNINCORPORATED,-121.95389556884766,36.983486175537109
92100111,2023,2023-06-22,9720,2023-06-13,"206 ",023186,,2,3,9,4400,0,1,3,,1,010,"RT 1","DAVENPORT AVE",1584.00,S,N,A,-,Y,SCR,,1," "," ",28.329,H,,R,Y,4,0,1,1,A,-,08,22107,,N,E,I,A,A,H,-,D,D,0,,,,Y,Y,,F,26,0,0,1,0,0,0,0,0,0,"- ","- ",37.008419036865234,-122.18929290771484,"SANTA CRUZ",UNINCORPORATED,-122.18926239013672,37.008449554443359
92101827,2023,2023-06-26,9720,2023-06-19,1611,023166,,1,2,9,4400,0,1,3,,1,015,"FELTON EMPIRE RD.","KILN RD.",2640.00,W,N,A,-,N,,,,,,,,,,Y,4,0,2,2,A,-,05,21460,A,N,A,C,A,A,H,-,A,D,0,,,,,Y,Y,D,22,0,0,2,0,0,0,0,0,0,"- ","- ",37.057579040527344,-122.10321807861328,"SANTA CRUZ",UNINCORPORATED,,
92102260,2023,2023-06-26,9720,2023-06-15,"824 ",021714,,4,1,9,4400,0,1,3,,2,020,"SR-1 N/B","41ST AVE.",2112.00,N,N,B,-,Y,SCR,,1," "," ",14.094,H,,R,Y,3,0,1,2,A,-,03,22350,,N,C,C,A,A,D,-,A,D,0,,,,Y,Y,,G,25,0,1,0,0,0,0,0,0,0,"- ","- ",36.983879089355469,-121.97286224365234,"SANTA CRUZ",UNINCORPORATED,-121.97286224365234,36.983867645263672
92102436,2023,2023-06-26,9720,2023-06-21,1420,023245,,3,2,9,4400,0,3,5,,2,300,"AMESTI RD","POPPY HILL RD",1056.00,S,N,A,-,N,,,,,,,,,,Y,4,0,1,1,A,-,08,22107,,N,E,I,A,A,H,-,A,D,0,,,,,Y,,A,01,0,0,1,0,0,0,0,0,0,"- ","- ",36.977268218994141,-121.79850769042969,"SANTA CRUZ",UNINCORPORATED,-121.80009460449219,36.979618072509766
92103499,2023,2023-07-20,9720,2023-02-16,"640 ",023026,,4,1,9,4400,0,3,5,,2,100,"BOONY DOON RD",SR-1,7920.00,N,N,A,-,N,,,,,,,,,,Y,1,1,0,1,A,-,03,22350,,N,E,I,A,A,H,-,B,D,0,,,,,Y,,A,01,0,0,0,0,0,0,0,0,0,"- ","- ",37.017791748046875,-122.16763305664062,"SANTA CRUZ",UNINCORPORATED,-122.16855621337891,37.017002105712891
92104065,2023,2023-06-28,9720,2023-06-19,2343,020977,,1,3,9,4400,0,2,4,,1,032,"GREEN VALLEY ROAD","MESA VERDE DR",36.00,N,N,A,-,N,,,,,,,,,,Y,3,0,1,1,A,-,01,23152,A,N,E,8,A,A,H,-,C,A,0,,,,,Y,Y,A,01,0,1,0,0,0,0,0,0,0,"- ","- ",36.96942138671875,-121.76509094238281,"SANTA CRUZ",UNINCORPORATED,-121.76521301269531,36.96929931640625
92104072,2023,2023-06-28,9720,2023-06-20,1225,015170,,2,1,9,4400,0,2,4,,1,016,"GRAHAM HILL RD","MICHAEL'S LANE",50.00,S,N,A,-,N,,,,,,,,,,N,4,0,1,2,A,-,03,22350,,N,C,C,A,A,H,-,A,D,0,,,,,Y,,A,07,0,0,1,0,0,0,0,0,0,"- ","- ",36.998611450195312,-122.02957153320312,"SANTA CRUZ",UNINCORPORATED,-122.02945709228516,36.998512268066406
92104531,2023,2023-06-28,9720,2023-06-19,1648,022044,,1,2,9,4400,0,1,3,,1,012,SR-236,SR-9,5280.00,S,N,A,-,Y,SCR,,236," "," ",17.092,H,,R,Y,4,0,1,1,A,-,01,23152,A,N,F,A,A,A,H,-,A,D,0,,,,,Y,Y,A,01,0,0,1,0,0,0,0,0,0,"- ","- ",37.204788208007812,-122.15786743164062,"SANTA CRUZ",UNINCORPORATED,-122.15790557861328,37.204811096191406
92108850,2023,2023-07-03,9720,2023-06-24,2045,023245,,6,2,9,4400,0,1,3,,1,012,"SR-236 (BIG BASIN WAY)","HAZEL AVE",1056.00,N,N,A,-,Y,SCR,,236," "," ",0.508,H,,R,N,3,0,1,2,A,-,06,21760,B,F,B,G,A,A,H,-,B,D,0,,Y,,,Y,,-,99,0,1,0,0,0,0,1,0,0,"- ","- ",37.126640319824219,-122.13092041015625,"SANTA CRUZ",UNINCORPORATED,-122.13088989257812,37.126670837402344
92109621,2023,2023-07-05,9720,2023-06-23,1628,023186,,5,2,9,4400,0,3,5,,2,100,"FELTON EMPIRE ROAD","KRAZY ACRE LANE",35.00,S,N,A,-,N,,,,,,,,,,Y,4,0,1,2,A,-,01,23152,,N,A,C,A,A,H,-,A,D,0,,,,,Y,Y,D,22,0,0,1,0,0,0,0,0,0,"- ","- ",37.052391052246094,-122.09355163574219,"SANTA CRUZ",UNINCORPORATED,-122.09351348876953,37.052478790283203
92110617,2023,2023-07-06,9720,2023-06-25,"135 ",019100,,7,3,9,4400,0,3,5,,2,300,"AMESTI ROAD","BROWNS VALLEY RD",20.00,S,N,A,-,N,,,,,,,,,,Y,3,0,1,2,A,-,01,23152,A,N,B,4,A,A,H,-,D,D,0,,,,,Y,Y,A,07,0,1,0,0,0,0,0,0,0,"- ","- ",36.988449096679688,-121.80007934570312,"SANTA CRUZ",UNINCORPORATED,-121.80085754394531,36.988773345947266
92110977,2023,2023-07-06,9720,2023-05-08,1535,023186,,1,2,9,4400,0,3,5,,2,300,"CARLTON RD","THOMPSON RD",0.00,,Y,A,-,N,,,,,,,,,,Y,1,1,0,2,A,-,03,22350,,N,F,A,A,A,H,-,A,D,0,,,Y,Y,Y,,C,02,0,0,0,0,0,0,0,1,0,"- ","- ",36.938388824462891,-121.70671844482422,"SANTA CRUZ",UNINCORPORATED,-121.70665740966797,36.938304901123047
92112576,2023,2024-02-20,9720,2023-06-29,1846,023186,,4,2,9,4400,0,1,3,,1,017,"RT 17","CRESCENT DR",200.00,S,N,A,-,Y,SCR,,17," "," ",6.684,H,,R,Y,1,1,1,2,A,-,08,22107,,N,E,I,A,A,H,-,A,D,0,,,,,Y,,A,07,0,1,0,0,0,0,0,0,0,"- ","- ",37.073310852050781,-121.98963928222656,"SANTA CRUZ",UNINCORPORATED,-121.98963165283203,37.07330322265625
92113901,2023,2023-07-11,9720,2023-07-05,1425,021833,,3,2,9,4400,0,2,4,,1,021,"SOQUEL DR.","DOMINICAN WAY",0.00,,Y,A,-,N,,,,,,,,,,N,4,0,1,2,A,-,10,21950,A,N,G,B,B,A,H,-,A,A,0,Y,,,,Y,,A,07,0,0,1,0,1,0,0,0,0,"- ","- ",36.988670349121094,-121.98284149169922,"SANTA CRUZ",UNINCORPORATED,,
92114898,2023,2023-07-12,9720,2023-06-29,1715,021304,,4,2,9,4400,0,1,3,,1,035,SR-129,"LAKEVIEW RD",0.00,,Y,A,-,Y,SCR,,129," "," ",1.419,H,,R,Y,4,0,1,2,A,-,08,22107,,N,B,C,A,A,H,-,A,D,0,,,,Y,Y,,G,25,0,0,1,0,0,0,0,0,0,"- ","- ",36.916721343994141,-121.73130035400391,"SANTA CRUZ",UNINCORPORATED,-121.73134613037109,36.916896820068359
92114908,2023,2023-07-12,9720,2023-07-02,1730,023245,,7,2,9,4400,0,1,3,,2,020,"SR-1 S/B TO 41ST AVENUE","41ST AVENUE",25.00,N,N,B,-,Y,,,,,,,,,,N,4,0,1,2,A,-,03,22350,,F,C,C,A,A,H,-,A,A,0,,,,,Y,,D,22,0,0,1,0,0,0,0,0,0,"- ","- ",36.981670379638672,-121.96510314941406,"SANTA CRUZ",UNINCORPORATED,-121.96510314941406,36.981670379638672