CASE_ID,ACCIDENT_YEAR,PROC_DATE,JURIS,COLLISION_DATE,COLLISION_TIME,OFFICER_ID,REPORTING_DISTRICT,DAY_OF_WEEK,CHP_SHIFT,POPULATION,CNTY_CITY_LOC,SPECIAL_COND,BEAT_TYPE,CHP_BEAT_TYPE,CITY_DIVISION_LAPD,CHP_BEAT_CLASS,BEAT_NUMBER,PRIMARY_RD,SECONDARY_RD,DISTANCE,DIRECTION,INTERSECTION,WEATHER_1,WEATHER_2,STATE_HWY_IND,CALTRANS_COUNTY,CALTRANS_DISTRICT,STATE_ROUTE,ROUTE_SUFFIX,POSTMILE_PREFIX,POSTMILE,LOCATION_TYPE,RAMP_INTERSECTION,SIDE_OF_HWY,TOW_AWAY,COLLISION_SEVERITY,NUMBER_KILLED,NUMBER_INJURED,PARTY_COUNT,PRIMARY_COLL_FACTOR,PCF_CODE_OF_VIOL,PCF_VIOL_CATEGORY,PCF_VIOLATION,PCF_VIOL_SUBSECTION,HIT_AND_RUN,TYPE_OF_COLLISION,MVIW,PED_ACTION,ROAD_SURFACE,ROAD_COND_1,ROAD_COND_2,LIGHTING,CONTROL_DEVICE,CHP_ROAD_TYPE,PEDESTRIAN_ACCIDENT,BICYCLE_ACCIDENT,MOTORCYCLE_ACCIDENT,TRUCK_ACCIDENT,NOT_PRIVATE_PROPERTY,ALCOHOL_INVOLVED,STWD_VEHTYPE_AT_FAULT,CHP_VEHTYPE_AT_FAULT,COUNT_SEVERE_INJ,COUNT_VISIBLE_INJ,COUNT_COMPLAINT_PAIN,COUNT_PED_KILLED,COUNT_PED_INJURED,COUNT_BICYCLIST_KILLED,COUNT_BICYCLIST_INJURED,COUNT_MC_KILLED,COUNT_MC_INJURED,PRIMARY_RAMP,SECONDARY_RAMP,LATITUDE,LONGITUDE,COUNTY,CITY,POINT_X,POINT_Y
92115009,2023,2023-07-12,9720,2023-07-04,1550,021940,,2,2,9,4400,0,1,3,,1,034,SR-152,FALLOWFIELD,100.00,W,N,A,-,Y,SCR,,152," "," ",4.149,H,,R,Y,3,0,2,2,A,-,08,22107,,N,D,C,A,D,H,-,A,D,0,,,,,Y,,A,07,0,2,0,0,0,0,0,0,0,"- ","- ",36.961139678955078,-121.72223663330078,"SANTA CRUZ",UNINCORPORATED,-121.72219848632812,36.961128234863281
92115099,2023,2023-07-12,9720,2023-07-01,1225,023103,,6,1,9,4400,0,3,5,,2,100,"EMPIRE GRADE","CAVE GULCH",1056.00,S,N,A,-,N,,,,,,,,,,N,2,0,1,1,C,-,18,,,N,F,A,A,A,A,-,A,D,0,,Y,,,Y,,-,"- ",1,0,0,0,0,0,1,0,0,"- ","- ",37.005111694335938,-122.07366943359375,"SANTA CRUZ",UNINCORPORATED,-122.07346343994141,37.004573822021484
92119022,2023,2023-07-17,9720,2023-07-11,1620,023245,,2,2,9,4400,0,1,3,,1,012,"SR-236 (BIG BASIN WAY)","ACORN DR",260.00,S,N,A,-,Y,SCR,,236," "," ",1.878,H,,R,N,3,0,1,2,A,-,05,21460,A,N,B,2,A,A,H,-,A,D,0,,,,,Y,,A,01,0,1,0,0,0,0,0,0,0,"- ","- ",37.138771057128906,-122.14762878417969,"SANTA CRUZ",UNINCORPORATED,-122.14765167236328,37.138755798339844
92120626,2023,2023-07-19,9720,2023-07-13,1632,023245,,4,2,9,4400,0,2,4,,1,021,"SOQUEL DR","ROBERTSON ST",0.00,,Y,A,-,N,,,,,,,,,,N,3,0,1,2,A,-,12,22450,A,N,D,G,A,A,H,-,A,A,0,,Y,,,Y,,L,04,0,1,0,0,0,0,1,0,0,"- ","- ",36.9876708984375,-121.96050262451172,"SANTA CRUZ",UNINCORPORATED,-121.9605712890625,36.987758636474609
92120765,2023,2023-07-19,9720,2023-07-15,1318,022458,,6,1,9,4400,0,2,4,,1,031,"FREEDOM BLVD.","BOWKER ROAD",0.00,,Y,A,-,N,,,,,,,,,,Y,4,0,1,3,A,-,03,22350,,N,C,C,A,A,H,-,A,D,0,,,,,Y,,D,22,0,0,1,0,0,0,0,0,0,"- ","- ",36.944751739501953,-121.78762817382812,"SANTA CRUZ",UNINCORPORATED,-121.78768920898438,36.944766998291016
92121781,2023,2023-07-20,9720,2023-07-16,1751,023245,,7,2,9,4400,0,3,5,,2,300,"LARKIN VALLEY RD","LARKIN VISTA LANE",50.00,W,N,A,-,N,,,,,,,,,,N,4,0,1,2,A,-,04,21703,,N,C,C,A,A,H,-,A,D,0,,,,,Y,,A,01,0,0,1,0,0,0,0,0,0,"- ","- ",36.950969696044922,-121.83068084716797,"SANTA CRUZ",UNINCORPORATED,-121.83023834228516,36.950855255126953
92124297,2023,2023-07-24,9720,2023-07-13,"105 ",022879,,4,3,9,4400,0,3,5,,2,100,"EMPIRE GRADE RD.","HELLER RD.",1400.00,N,N,A,-,N,,,,,,,,,,Y,3,0,1,1,A,-,01,23152,A,N,E,8,A,A,H,-,D,D,0,,,,,Y,Y,A,01,0,1,0,0,0,0,0,0,0,"- ","- ",36.991668701171875,-122.06945037841797,"SANTA CRUZ",UNINCORPORATED,-122.06948089599609,36.991645812988281
92124692,2023,2023-07-24,9720,2023-07-16,1718,022140,,7,2,9,4400,0,1,3,,1,010,SR-1,"LAGUNA RD",3168.00,N,N,B,-,Y,SCR,,1," "," ",26.570,H,,R,Y,3,0,4,3,A,-,09,21801,A,N,D,C,A,A,H,-,A,D,0,,,,,Y,,A,01,0,3,1,0,0,0,0,0,0,"- ","- ",36.991420745849609,-122.16490936279297,"SANTA CRUZ",UNINCORPORATED,-122.16490936279297,36.991424560546875
92131526,2023,2023-07-31,9720,2023-07-19,1613,023331,,3,2,9,4400,0,2,4,,1,021,"SOQUEL DR","CORTE CABRILLO",25.00,E,N,A,-,N,,,,,,,,,,Y,3,0,2,2,A,-,01,23152,A,F,B,2,A,A,H,-,A,D,0,,,,,Y,Y,D,22,0,2,0,0,0,0,0,0,0,"- ","- ",36.990329742431641,-121.93173980712891,"SANTA CRUZ",UNINCORPORATED,-121.93173980712891,36.9903564453125
92133205,2023,2023-08-01,9720,2023-07-27,2150,021717,,4,2,9,4400,0,3,5,,2,100,"BONNY DOON RD","BRISA DEL MAR",463.00,E,N,A,-,N,,,,,,,,,,Y,3,0,1,1,A,-,08,22107,,N,E,I,A,A,H,-,D,D,0,,,,,Y,,A,07,0,1,0,0,0,0,0,0,0,"- ","- ",37.041458129882812,-122.15100860595703,"SANTA CRUZ",UNINCORPORATED,-122.15103149414062,37.041191101074219
92133385,2023,2023-08-01,9720,2023-07-25,1518,021833,,2,2,9,4400,0,3,5,,2,200,"SOQUEL AVE","7TH AVE",260.00,E,N,A,-,N,,,,,,,,,,Y,2,0,1,2,A,-,09,21801,A,N,D,G,A,A,H,-,A,D,0,,Y,,,Y,,A,07,1,0,0,0,0,0,1,0,0,"- ","- ",36.985591888427734,-121.98893737792969,"SANTA CRUZ",UNINCORPORATED,-121.98899841308594,36.985588073730469
92133953,2023,2023-08-02,9720,2023-07-21,1628,023311,,5,2,9,4400,0,3,5,,2,200,"PARK AVE","SR-1 S/B",35.00,S,N,A,-,Y,SCR,,1," "," ",12.105,H,,L,N,4,0,1,2,A,-,21,22106,,N,C,C,A,A,H,-,A,A,0,,,,,Y,,D,22,0,0,1,0,0,0,0,0,0,"- ","- ",36.983730316162109,-121.93717193603516,"SANTA CRUZ",UNINCORPORATED,-121.93717193603516,36.983913421630859
92134469,2023,2023-08-02,9720,2023-07-25,1710,021833,,2,2,9,4400,0,2,4,,1,024,"E. CLIFF DRIVE","33RD AVE",0.00,,Y,A,-,N,,,,,,,,,,N,3,0,1,2,A,-,08,22100,B,N,D,G,A,A,H,-,A,D,0,,Y,,,Y,,L,04,0,1,0,0,0,0,1,0,0,"- ","- ",36.955890655517578,-121.97176361083984,"SANTA CRUZ",UNINCORPORATED,-121.97176361083984,36.955879211425781
92135513,2023,2023-08-03,9720,2023-07-23,1745,022140,,7,2,9,4400,0,1,3,,1,014,SR-9,"BEEKHUIS RD",20.00,S,N,A,-,Y,SCR,,9," "," ",23.295,H,,R,Y,3,0,1,1,A,-,03,22350,,N,F,A,A,A,H,-,A,D,0,,,Y,,Y,,C,02,0,1,0,0,0,0,0,0,1,"- ","- ",37.235141754150391,-122.14544677734375,"SANTA CRUZ",UNINCORPORATED,-122.14546203613281,37.235141754150391
92137034,2023,2023-08-07,9720,2023-07-31,"918 ",023345,,1,1,9,4400,0,1,3,,1,015,SR-9,"HIHN ST",203.00,N,N,A,-,Y,SCR,,9," "," ",6.266,H,,R,Y,3,0,1,2,A,-,09,21801,A,N,A,C,A,A,H,-,A,D,0,,,,,Y,,D,22,0,1,0,0,0,0,0,0,0,"- ","- ",37.050079345703125,-122.07331085205078,"SANTA CRUZ",UNINCORPORATED,-122.07330322265625,37.050079345703125
92138552,2023,2023-08-08,9720,2023-08-05,"420 ",022879,,6,3,9,4400,0,1,3,,1,010,SR-1,"SWANTON RD.",4646.00,N,N,A,-,Y,SCR,,1," "," ",31.330,H,,R,Y,4,0,1,1,A,-,08,22107,,N,E,I,A,A,H,-,D,D,0,,,,,Y,,A,01,0,0,1,0,0,0,0,0,0,"- ","- ",37.037811279296875,-122.22676849365234,"SANTA CRUZ",UNINCORPORATED,-122.22683715820312,37.037796020507812
92144488,2023,2023-08-15,9720,2023-08-08,"905 ",023345,,2,1,9,4400,0,3,5,,2,200,"SR-1 NORTHBOUND TO STATE PARK DR","STATE PARD DR",0.00,,Y,A,-,N,,,,,,,,,,N,3,0,1,2,A,-,10,21950,A,N,G,B,B,A,H,-,A,A,0,Y,,,,Y,,A,01,0,1,0,0,1,0,0,0,0,"- ","- ",36.979000091552734,-121.90936279296875,"SANTA CRUZ",UNINCORPORATED,,
92145007,2023,2023-08-16,9720,2023-08-03,2235,019100,,4,3,9,4400,0,3,5,,2,300,"BUENA VISTA DR","MANFRE RD",2112.00,W,N,B,-,N,,,,,,,,,,N,3,0,1,1,A,-,01,23152,A,N,E,I,A,A,H,-,D,D,0,,,,,Y,Y,D,22,0,1,0,0,0,0,0,0,0,"- ","- ",36.939281463623047,-121.80339813232422,"SANTA CRUZ",UNINCORPORATED,-121.80386352539062,36.938804626464844
92146267,2023,2023-08-17,9720,2023-08-04,1402,023311,,5,2,9,4400,0,2,4,,1,024,"BROMMER ST","30TH AVE",0.00,,Y,A,-,N,,,,,,,,,,Y,4,0,1,2,A,-,09,21800,A,N,D,C,A,A,H,-,A,A,0,,,,,Y,,A,07,0,0,1,0,0,0,0,0,0,"- ","- ",36.970211029052734,-121.97331237792969,"SANTA CRUZ",UNINCORPORATED,-121.97325897216797,36.970252990722656
92149240,2023,2023-08-21,9720,2023-08-05,1820,023103,,6,2,9,4400,0,1,3,,2,020,SR-1,"COAST ROAD",528.00,N,N,A,-,Y,SCR,,1," "," ",25.576,H,,R,N,4,0,4,1,C,-,18,,,N,E,I,A,A,H,-,A,D,0,,,,,Y,,-,"- ",0,0,4,0,0,0,0,0,0,"- ","- ",36.984329223632812,-122.14890289306641,"SANTA CRUZ",UNINCORPORATED,-122.14890289306641,36.98431396484375
92150274,2023,2023-08-22,9720,2023-08-16,1750,021304,,3,2,9,4400,0,1,3,,2,020,"SR-1 N/B","PARK AVE",1056.00,S,N,A,-,Y,SCR,,1," "," ",11.645,H,,R,Y,4,0,1,2,A,-,03,22350,,N,C,C,A,A,H,-,A,D,0,,,,,Y,,A,07,0,0,1,0,0,0,0,0,0,"- ","- ",36.9835205078125,-121.92884063720703,"SANTA CRUZ",UNINCORPORATED,-121.9288330078125,36.983554840087891
92151597,2023,2023-08-23,9720,2023-08-11,2003,023103,,5,2,9,4400,0,3,5,,2,300,"LAKEVIEW ROAD","CRESTWOOD DRIVE",528.00,S,N,A,-,N,,,,,,,,,,Y,2,0,1,1,A,-,01,23152,A,N,E,I,A,A,H,-,A,D,0,,,,,Y,Y,D,22,1,0,0,0,0,0,0,0,0,"- ","- ",36.926910400390625,-121.73388671875,"SANTA CRUZ",UNINCORPORATED,-121.73391723632812,36.927055358886719
92151689,2023,2023-08-23,9720,2023-08-18,1450,022140,,5,2,9,4400,0,3,5,,2,200,"SOQUEL AVE","17TH AVE",75.00,W,N,A,-,N,,,,,,,,,,N,4,0,1,2,A,-,03,22350,,F,C,C,A,A,H,-,A,A,0,,,,,Y,,-,99,0,0,1,0,0,0,0,0,0,"- ","- ",36.985721588134766,-121.98200988769531,"SANTA CRUZ",UNINCORPORATED,-121.98190307617188,36.985713958740234
92152118,2023,2023-08-24,9720,2023-08-12,1305,021714,,6,1,9,4400,0,1,3,,1,015,SR-9,"SYLVAN AVE.",0.00,,Y,A,-,Y,SCR,,9," "," ",18.424,H,,R,N,3,0,1,2,A,-,09,21802,A,N,H,G,A,A,H,-,A,A,0,,Y,,,Y,,A,01,0,1,0,0,0,0,1,0,0,"- ","- ",37.195899963378906,-122.14576721191406,"SANTA CRUZ",UNINCORPORATED,-122.14577484130859,37.195899963378906
92152713,2023,2023-08-24,9720,2023-08-15,1652,021304,,2,2,9,4400,0,2,4,,1,032,"518 GREEN VALLEY ROAD","MINTO ROAD",45.00,E,N,A,-,N,,,,,,,,,,N,2,0,1,3,A,-,01,23152,A,M,B,4,A,A,H,-,A,D,0,,,,,Y,Y,D,22,1,0,0,0,0,0,0,0,0,"- ","- ",36.951541900634766,-121.76480865478516,"SANTA CRUZ",UNINCORPORATED,-121.76490783691406,36.951358795166016
92155188,2023,2023-08-28,9720,2023-08-17,1750,022044,,4,2,9,4400,0,3,5,,2,100,SR-9,"MCGAFFIGAN MILL RD.",1584.00,N,N,A,-,Y,SCR,,9," "," ",18.725,H,,R,Y,3,0,1,1,A,-,03,22350,,N,F,A,A,A,H,-,A,D,0,,,Y,,Y,,C,02,0,1,0,0,0,0,0,0,1,"- ","- ",37.200321197509766,-122.14705657958984,"SANTA CRUZ",UNINCORPORATED,-122.14702606201172,37.200328826904297
92156035,2023,2023-08-28,9720,2023-08-20,1056,021714,,7,1,9,4400,0,1,3,,2,020,"SR-1 N/B","STATE PARK DR.",3168.00,S,N,A,-,Y,SCR,,1," "," ",9.817,H,,R,Y,4,0,1,3,A,-,03,22350,,N,C,C,A,A,H,-,A,D,0,,,,,Y,,A,01,0,0,1,0,0,0,0,0,0,"- ","- ",36.974910736083984,-121.89833831787109,"SANTA CRUZ",UNINCORPORATED,-121.89834594726562,36.974956512451172
92157340,2023,2023-08-29,9720,2023-08-20,2157,023026,,7,2,9,4400,0,1,3,,1,017,"SR-17 N/B","GLENWOOD CUTOFF",100.00,N,N,A,-,Y,SCR,,17," "," ",9.097,H,,R,N,3,0,1,3,A,-,07,21658,A,N,B,C,A,A,H,-,D,D,0,,,,,Y,,D,22,0,1,0,0,0,0,0,0,0,"- ","- ",37.100360870361328,-121.97686004638672,"SANTA CRUZ",UNINCORPORATED,-121.97685241699219,37.100364685058594
92157511,2023,2023-08-29,9720,2023-08-22,"944 ",023345,,2,1,9,4400,0,2,4,,1,016,"GRAHAM HILL RD","CRESS RD",600.00,S,N,A,-,N,,,,,,,,,,Y,3,0,1,2,A,-,03,22350,,N,C,C,A,A,H,-,A,D,0,,,,,Y,,A,01,0,1,0,0,0,0,0,0,0,"- ","- ",37.0218505859375,-122.03675079345703,"SANTA CRUZ",UNINCORPORATED,-122.03666687011719,37.021308898925781
92158184,2023,2023-08-30,9720,2023-08-08,1541,023331,,2,2,9,4400,0,3,5,,2,300,"CASSERLY RD",SR-152,383.00,N,N,A,-,N,,,,,,,,,,N,3,0,1,2,A,-,05,21460,A,F,A,C,A,A,H,-,A,D,0,,,,,Y,,A,01,0,1,0,0,0,0,0,0,0,"- ","- ",36.95697021484375,-121.72840881347656,"SANTA CRUZ",UNINCORPORATED,-121.72835540771484,36.956886291503906
92158945,2023,2023-08-30,9720,2023-08-16,1625,023103,,3,2,9,4400,0,1,3,,2,020,"NB SR-1","N BRANCIFORTE AVE",160.00,N,N,A,-,Y,SCR,,1," "," ",16.278,H,,R,Y,2,0,2,2,A,-,01,23152,A,N,B,2,A,A,H,-,A,D,0,,,,,Y,Y,A,01,1,0,1,0,0,0,0,0,0,"- ","- ",36.988670349121094,-122.01157379150391,"SANTA CRUZ",UNINCORPORATED,-122.01157379150391,36.988628387451172
92161754,2023,2023-09-04,9720,2023-08-26,"938 ",023345,,6,1,9,4400,0,1,3,,2,020,SR-1,"41ST AVE",1056.00,S,N,B,-,Y,SCR,,1," "," ",13.400,H,,R,Y,3,0,1,3,A,-,07,21658,A,N,D,C,A,A,H,-,A,D,0,,,,,Y,,A,01,0,1,0,0,0,0,0,0,0,"- ","- ",36.982921600341797,-121.96051025390625,"SANTA CRUZ",UNINCORPORATED,-121.96051025390625,36.982940673828125
92161817,2023,2023-09-04,9720,2023-08-28,1720,023186,,1,2,9,4400,0,1,3,,2,030,"NB SR-1","MAR MONTE AVE",3960.00,S,N,A,-,Y,SCR,,1," ",R,5.854,H,,R,N,4,0,1,1,A,-,08,22107,,N,E,I,A,A,H,-,A,D,0,,,,,Y,,A,07,0,0,1,0,0,0,0,0,0,"- ","- ",36.941860198974609,-121.83975982666016,"SANTA CRUZ",UNINCORPORATED,-121.83968353271484,36.941940307617188
92161833,2023,2023-09-04,9720,2023-08-24,1810,021304,,4,2,9,4400,0,1,3,,1,035,SR-129,"LAKEVIEW RD",15.00,E,N,A,-,Y,SCR,,129," "," ",1.442,H,,R,Y,3,0,2,2,A,-,03,22350,,N,C,C,A,A,H,-,A,A,0,,,,,Y,,A,01,0,1,1,0,0,0,0,0,0,"- ","- ",36.916988372802734,-121.73094177246094,"SANTA CRUZ",UNINCORPORATED,-121.73093414306641,36.916969299316406
92165115,2023,2023-09-08,9720,2023-08-27,"359 ",022545,,7,3,9,4400,0,1,3,,2,020,"SR-1 N/B","41ST AVE",3168.00,N,N,B,-,Y,SCR,,1," "," ",14.233,H,,R,Y,3,0,1,1,A,-,01,23152,A,N,E,8,A,A,D,-,D,D,0,,,,,Y,Y,A,01,0,1,0,0,0,0,0,0,0,"- ","- ",36.984489440917969,-121.97527313232422,"SANTA CRUZ",UNINCORPORATED,-121.97528076171875,36.984458923339844
92166890,2023,2023-09-11,9720,2023-09-02,1835,023186,,6,2,9,4400,0,2,4,,1,024,"EAST CLIFF DR","7TH AVE",83.00,S,N,A,-,N,,,,,,,,,,N,3,0,1,1,B,-,22,,,N,F,A,A,A,H,-,A,D,0,,Y,,,Y,,-,"- ",0,1,0,0,0,0,1,0,0,"- ","- ",36.962871551513672,-121.9986572265625,"SANTA CRUZ",UNINCORPORATED,-121.99835205078125,36.963127136230469
92173384,2023,2023-09-19,9720,2023-09-09,1335,023322,,6,1,9,4400,0,1,3,,2,020,"SR-1 N/B","STATE PARK DRIVE",898.00,S,N,A,-,Y,SCR,,1," "," ",10.354,H,,R,N,4,0,1,2,A,-,03,22350,,N,C,C,A,A,H,-,A,D,0,,,,,Y,,A,07,0,0,1,0,0,0,0,0,0,"- ","- ",36.976589202880859,-121.9075927734375,"SANTA CRUZ",UNINCORPORATED,-121.90756988525391,36.976612091064453
92173497,2023,2023-09-19,9720,2023-09-12,"750 ",022400,,2,1,9,4400,0,2,4,,1,021,"SOQUEL DR","COMMERCIAL CROSSING",275.00,W,N,D,-,Y,,,,,,,,,,N,3,0,1,2,A,-,09,21801,A,N,H,G,A,A,H,-,A,D,0,,Y,,,Y,,A,07,0,1,0,0,0,0,1,0,0,"- ","- ",36.988418579101562,-121.98397064208984,"SANTA CRUZ",UNINCORPORATED,-121.98378753662109,36.988361358642578
92175310,2023,2023-09-20,9720,2023-09-06,"418 ",022976,,3,3,9,4400,0,1,3,,2,030,"N/B SR-1","FREEDOM BOULEVARD",1584.00,S,N,A,-,Y,SCR,,1," "," ",8.061,H,,R,Y,4,0,1,2,A,-,03,22350,,N,C,C,A,A,H,-,C,D,0,,,,,Y,,D,22,0,0,1,0,0,0,0,0,0,"- ","- ",36.967411041259766,-121.86927032470703,"SANTA CRUZ",UNINCORPORATED,-121.86932373046875,36.967376708984375
92181029,2023,2023-09-27,9720,2023-09-13,1100,023322,,3,1,9,4400,0,3,5,,2,200,"HIGHLAND WAY","SOQUEL SAN JOSE RD",4066.00,E,N,A,-,N,,,,,,,,,,N,2,0,1,1,A,-,03,22350,,N,F,A,A,A,H,-,A,D,0,,Y,,,Y,,L,04,1,0,0,0,0,0,1,0,0,"- ","- ",37.11199951171875,-121.91413116455078,"SANTA CRUZ",UNINCORPORATED,-121.91447448730469,37.112148284912109
92190572,2023,2023-10-04,9720,2023-09-21,1802,023316,,4,2,9,4400,0,2,4,,1,021,"SOQUEL DR","ORCHARD STREET",185.00,W,N,A,-,N,,,,,,,,,,N,4,0,1,2,A,-,08,22107,,M,B,C,A,A,H,-,A,D,0,,,Y,,Y,,C,02,0,0,1,0,0,0,0,0,1,"- ","- ",36.987571716308594,-121.94753265380859,"SANTA CRUZ",UNINCORPORATED,-121.94748687744141,36.987636566162109
92194797,2023,2023-10-09,9720,2023-09-24,"110 ",023447,,7,3,9,4400,0,2,4,,1,024,"E. CLIFF DR","PROSPECT ST",270.00,W,N,A,-,N,,,,,,,,,,N,4,0,1,2,A,-,08,22107,,F,G,B,E,A,H,-,C,D,0,Y,,,,Y,,-,99,0,0,1,0,1,0,0,0,0,"- ","- ",36.962638854980469,-121.99553680419922,"SANTA CRUZ",UNINCORPORATED,-121.99553680419922,36.962696075439453
92195290,2023,2023-10-10,9720,2023-10-04,1705,023345,,3,2,9,4400,0,1,3,,2,020,"SR-1 N/B","STATE PARD DR",92.00,N,N,A,-,Y,SCR,,1," "," ",10.549,H,,R,Y,3,0,1,2,A,-,03,22350,,N,C,C,A,A,H,-,A,D,0,,,Y,,Y,,C,02,0,1,0,0,0,0,0,0,1,"- ","- ",36.9781494140625,-121.91058349609375,"SANTA CRUZ",UNINCORPORATED,-121.91055297851562,36.978179931640625
92195473,2023,2023-10-10,9720,2023-10-05,1400,022400,,4,2,9,4400,0,1,3,,2,020,"SB SR-1","SOQUEL DR",1056.00,N,N,A,-,Y,SCR,,1," "," ",15.063,H,,R,N,3,0,1,2,A,-,03,22350,,N,C,C,A,A,H,-,A,D,0,,,,,Y,,A,01,0,1,0,0,0,0,0,0,0,"- ","- ",36.987560272216797,-121.98975372314453,"SANTA CRUZ",UNINCORPORATED,-121.98972320556641,36.987701416015625
92196067,2023,2023-10-11,9720,2023-10-02,"803 ",023166,,1,1,9,4400,0,2,4,,1,032,"GREEN VALLEY RD","DICK PHELPS RD",20.00,S,N,A,-,N,,,,,,,,,,Y,4,0,3,2,A,-,03,22350,,N,C,C,A,A,H,-,A,D,0,,,,,Y,,A,07,0,0,3,0,0,0,0,0,0,"- ","- ",36.949359893798828,-121.764892578125,"SANTA CRUZ",UNINCORPORATED,-121.76490020751953,36.949447631835938
92196745,2023,2023-10-11,9720,2023-09-29,1140,023447,,5,1,9,4400,0,3,5,,2,200,"SEA RIDGE RD","MCGREGOR DRIVE",0.00,,Y,A,-,N,,,,,,,,,,Y,4,0,1,2,A,-,09,21802,A,N,D,C,A,A,H,-,A,A,0,,,,,Y,,A,01,0,0,1,0,0,0,0,0,0,"- ","- ",36.97576904296875,-121.91207122802734,"SANTA CRUZ",UNINCORPORATED,-121.91206359863281,36.975753784179688
92197385,2023,2023-10-12,9720,2023-10-05,"645 ",022399,,4,1,9,4400,0,1,3,,2,020,"SR-1 N/B","41ST AVE",3168.00,N,N,A,-,Y,SCR,,1," "," ",14.189,H,,R,Y,3,0,1,2,A,-,07,21658,A,N,B,C,A,A,D,-,B,D,0,,,Y,,Y,,A,01,0,1,0,0,0,0,0,0,1,"- ","- ",36.984260559082031,-121.97451782226562,"SANTA CRUZ",UNINCORPORATED,-121.97451019287109,36.984275817871094
92197722,2023,2023-10-12,9720,2023-06-07,1814,021540,,3,2,9,4400,0,1,3,,1,010,SR-1,"DIMEO LN",2112.00,N,N,A,-,Y,SCR,,1," "," ",23.101,H,,R,Y,1,1,0,2,A,-,05,21460,A,N,D,C,A,A,H,-,A,D,0,,,Y,,Y,,C,02,0,0,0,0,0,0,0,1,0,"- ","- ",36.967018127441406,-122.11122131347656,"SANTA CRUZ",UNINCORPORATED,-122.11122131347656,36.967018127441406
92197800,2023,2023-10-12,9720,2023-10-02,1417,023387,,1,2,9,4400,0,3,5,,2,300,"LYNWOOD PL","BRIARWOOD DR",200.00,S,N,A,-,N,,,,,,,,,,N,4,0,1,1,A,-,13,22515,A,N,E,I,A,A,H,-,A,D,0,,,,,Y,,A,08,0,0,1,0,0,0,0,0,0,"- ","- ",36.943470001220703,-121.79679107666016,"SANTA CRUZ",UNINCORPORATED,-121.79667663574219,36.943405151367188
92197819,2023,2023-10-12,9720,2023-10-01,"750 ",023447,,7,1,9,4400,0,3,5,,2,300,"HAMES ROAD","BLAKE AVENUE",900.00,N,N,B,-,N,,,,,,,,,,N,2,0,1,1,A,-,03,22350,,N,F,A,A,A,H,-,A,D,0,,Y,,,Y,,-,"- ",1,0,0,0,0,0,1,0,0,"- ","- ",36.991310119628906,-121.81133270263672,"SANTA CRUZ",UNINCORPORATED,-121.81129455566406,36.991260528564453
92197823,2023,2023-10-12,9720,2023-09-19,1725,022976,,2,2,9,4400,0,2,4,,1,024,"CAPITOLA ROAD","16TH AVENUE",55.00,W,N,A,-,N,,,,,,,,,,Y,4,0,2,3,A,-,03,22350,,N,C,C,A,A,H,-,A,D,0,,,,,Y,,A,01,0,0,2,0,0,0,0,0,0,"- ","- ",36.976310729980469,-121.98448944091797,"SANTA CRUZ",UNINCORPORATED,-121.98434448242188,36.976215362548828
92201012,2023,2023-10-17,9720,2023-10-06,1807,023103,,5,2,9,4400,0,2,4,,1,023,"41ST AVE","CORDELIA LN",0.00,,Y,A,-,N,,,,,,,,,,N,4,0,1,2,A,-,09,21804,A,N,D,C,A,A,H,-,A,D,0,,,,,Y,,D,22,0,0,1,0,0,0,0,0,0,"- ","- ",36.984691619873047,-121.96492004394531,"SANTA CRUZ",UNINCORPORATED,-121.96492004394531,36.984706878662109
92201466,2023,2023-10-17,9720,2023-09-21,1340,015699,,4,1,9,4400,0,3,5,,2,100,"SMITH GRADE RD","Y CRK RD",1056.00,W,N,A,-,N,,,,,,,,,,N,3,0,1,1,A,-,08,22107,,N,F,A,A,A,H,-,A,D,0,,Y,,,Y,,L,04,0,1,0,0,0,0,1,0,0,"- ","- ",37.021541595458984,-122.13041687011719,"SANTA CRUZ",UNINCORPORATED,,