CASE_ID,ACCIDENT_YEAR,PROC_DATE,JURIS,COLLISION_DATE,COLLISION_TIME,OFFICER_ID,REPORTING_DISTRICT,DAY_OF_WEEK,CHP_SHIFT,POPULATION,CNTY_CITY_LOC,SPECIAL_COND,BEAT_TYPE,CHP_BEAT_TYPE,CITY_DIVISION_LAPD,CHP_BEAT_CLASS,BEAT_NUMBER,PRIMARY_RD,SECONDARY_RD,DISTANCE,DIRECTION,INTERSECTION,WEATHER_1,WEATHER_2,STATE_HWY_IND,CALTRANS_COUNTY,CALTRANS_DISTRICT,STATE_ROUTE,ROUTE_SUFFIX,POSTMILE_PREFIX,POSTMILE,LOCATION_TYPE,RAMP_INTERSECTION,SIDE_OF_HWY,TOW_AWAY,COLLISION_SEVERITY,NUMBER_KILLED,NUMBER_INJURED,PARTY_COUNT,PRIMARY_COLL_FACTOR,PCF_CODE_OF_VIOL,PCF_VIOL_CATEGORY,PCF_VIOLATION,PCF_VIOL_SUBSECTION,HIT_AND_RUN,TYPE_OF_COLLISION,MVIW,PED_ACTION,ROAD_SURFACE,ROAD_COND_1,ROAD_COND_2,LIGHTING,CONTROL_DEVICE,CHP_ROAD_TYPE,PEDESTRIAN_ACCIDENT,BICYCLE_ACCIDENT,MOTORCYCLE_ACCIDENT,TRUCK_ACCIDENT,NOT_PRIVATE_PROPERTY,ALCOHOL_INVOLVED,STWD_VEHTYPE_AT_FAULT,CHP_VEHTYPE_AT_FAULT,COUNT_SEVERE_INJ,COUNT_VISIBLE_INJ,COUNT_COMPLAINT_PAIN,COUNT_PED_KILLED,COUNT_PED_INJURED,COUNT_BICYCLIST_KILLED,COUNT_BICYCLIST_INJURED,COUNT_MC_KILLED,COUNT_MC_INJURED,PRIMARY_RAMP,SECONDARY_RAMP,LATITUDE,LONGITUDE,COUNTY,CITY,POINT_X,POINT_Y
92203521,2023,2023-10-19,9720,2023-10-10,"630 ",022162,,2,1,9,4400,0,1,3,,2,030,"SR-1 N/B","BUENA VISTA DR",1584.00,S,N,F,-,Y,SCR,,1," ",R,3.770,H,,R,Y,3,0,5,3,A,-,03,22350,,N,C,C,A,A,H,-,B,D,0,,,,,Y,,A,08,0,4,1,0,0,0,0,0,0,"- ","- ",36.929691314697266,-121.80544281005859,"SANTA CRUZ",UNINCORPORATED,-121.80541229248047,36.929725646972656
92204908,2023,2023-10-20,9720,2023-10-14,"853 ",021211,,6,1,9,4400,0,1,3,,2,030,"SR-1 N/B","AIRPORT BLVD",300.00,N,N,A,-,Y,,,,,,,,,,Y,3,0,1,1,A,-,03,22350,,N,E,I,A,A,H,-,A,D,0,,,,,Y,,A,01,0,1,0,0,0,0,0,0,0,"- ","- ",36.925460815429688,-121.79749298095703,"SANTA CRUZ",UNINCORPORATED,-121.79769897460938,36.925113677978516
92204966,2023,2023-10-20,9720,2023-10-10,1425,023146,,2,2,9,4400,0,3,5,,2,100,"HERMOSA AVE","GLEN ARBOR RD",0.00,,Y,B,-,N,,,,,,,,,,Y,3,0,2,3,A,-,12,22450,A,N,D,2,A,A,H,-,A,A,0,,,,,Y,,A,01,0,2,0,0,0,0,0,0,0,"- ","- ",37.074241638183594,-122.08257293701172,"SANTA CRUZ",UNINCORPORATED,-122.08255767822266,37.074249267578125
92223573,2023,2023-10-31,9720,2023-10-19,"615 ",023331,,4,1,9,4400,0,3,5,,2,200,"VENETIAN ROAD","MARINA AVE",0.00,,Y,A,-,N,,,,,,,,,,N,3,0,1,2,A,-,10,21950,A,N,G,B,D,A,H,-,C,D,0,Y,,,Y,Y,,F,87,0,1,0,0,1,0,0,0,0,"- ","- ",36.969181060791016,-121.90389251708984,"SANTA CRUZ",UNINCORPORATED,-121.90377044677734,36.969139099121094
92224205,2023,2023-10-31,9720,2023-10-12,1530,023447,,4,2,9,4400,0,3,5,,2,200,"SUMNER AVE","DOLPHIN DR",0.00,,Y,A,-,N,,,,,,,,,,N,4,0,1,2,A,-,03,22350,,N,C,C,A,A,H,-,A,A,0,,,,,Y,,D,22,0,0,1,0,0,0,0,0,0,"- ","- ",36.953998565673828,-121.87931060791016,"SANTA CRUZ",UNINCORPORATED,-121.87918853759766,36.953937530517578
92224259,2023,2023-10-31,9720,2023-10-23,"44  ",023345,,1,3,9,4400,0,2,4,,1,031,"FREEDOM BLVD","N/B SR-1 ONRAMP",40.00,E,N,A,-,Y,,,,,,,,,,Y,3,0,1,1,A,-,08,22107,,N,E,I,A,B,H,-,C,D,0,,,,,Y,,A,01,0,1,0,0,0,0,0,0,0,"- ","- ",36.970890045166016,-121.87267303466797,"SANTA CRUZ",UNINCORPORATED,,
92225797,2023,2023-11-01,9720,2023-10-20,1440,023186,,5,2,9,4400,0,1,3,,1,035,SR-129,"BLACKBURN ST",377.00,E,N,A,-,Y,SCR,,129," "," ",0.592,H,,R,N,3,0,1,2,A,-,03,22350,,N,C,C,A,A,H,-,A,A,0,,,,,Y,,A,01,0,1,0,0,0,0,0,0,0,"- ","- ",36.912681579589844,-121.74491119384766,"SANTA CRUZ",UNINCORPORATED,-121.74489593505859,36.912647247314453
92226852,2023,2023-11-02,9720,2023-10-24,1005,023419,,2,1,9,4400,0,1,3,,2,020,"N/B SR-1","RIO DEL MAR BOULEVARD",3168.00,N,N,A,-,Y,SCR,,1," "," ",9.776,H,,R,Y,3,0,1,1,A,-,03,22350,,N,E,I,A,A,H,-,A,D,0,,,,,Y,,-,"- ",0,1,0,0,0,0,0,0,0,"- ","- ",36.974960327148438,-121.89759063720703,"SANTA CRUZ",UNINCORPORATED,-121.89759063720703,36.975002288818359
92226902,2023,2023-11-03,9720,2023-10-23,2156,022545,,1,2,9,4400,0,3,5,,2,100,"QUAIL HOLLOW RD","VISTA ROBLES CT",528.00,E,N,A,-,N,,,,,,,,,,N,3,0,1,1,A,-,01,23152,A,M,E,I,A,A,H,-,D,D,0,,,,,Y,,A,01,0,1,0,0,0,0,0,0,0,"- ","- ",37.085311889648438,-122.06549072265625,"SANTA CRUZ",UNINCORPORATED,-122.06695556640625,37.085865020751953
92227397,2023,2023-11-03,9720,2023-05-28,1935,023166,,7,2,9,4400,0,1,3,,1,035,SR-129,"MURPHY RD.",5280.00,E,N,A,-,Y,SCR,,129," "," ",5.747,H,,R,Y,1,1,0,2,A,-,09,21804,A,N,D,C,A,A,H,-,A,D,0,,,Y,,Y,Y,C,02,0,0,0,0,0,0,0,1,0,"- ","- ",36.914829254150391,-121.65888214111328,"SANTA CRUZ",UNINCORPORATED,-121.65886688232422,36.914882659912109
92228709,2023,2023-11-06,9720,2023-10-21,2330,022907,,6,3,9,4400,0,3,5,,2,200,"PORTER GULCH RD","SOQUEL DR",1584.00,E,N,A,-,N,,,,,,,,,,N,2,0,1,1,A,-,01,23152,A,M,F,A,A,B,H,-,D,D,0,,,Y,,Y,Y,C,02,1,0,0,0,0,0,0,0,1,"- ","- ",36.993721008300781,-121.92421722412109,"SANTA CRUZ",UNINCORPORATED,-121.92520904541016,36.992610931396484
92228869,2023,2024-01-10,9720,2023-10-31,1215,022963,,2,1,9,4400,0,1,3,,1,013,"SR-35 (SUMMIT RD)","BAYVIEW DR",403.00,S,N,A,-,Y,SCR,,35," "," ",1.134,H,,R,Y,1,1,0,1,A,-,03,22350,,N,E,I,A,A,H,-,A,D,0,,,,,Y,,A,01,0,0,0,0,0,0,0,0,0,"- ","- ",37.151420593261719,-121.99588775634766,"SANTA CRUZ",UNINCORPORATED,-121.9959716796875,37.151378631591797
92230539,2023,2023-11-07,9720,2023-10-26,1333,022162,,4,1,9,4400,0,1,3,,1,035,"SR-129 W/B","OLD CHITTENDEN RD",285.00,W,N,A,-,N,,,,,,,,,,N,4,0,1,2,A,-,21,22106,,F,H,C,A,A,D,-,A,A,0,,,,Y,Y,,G,25,0,0,1,0,0,0,0,0,0,"- ","- ",36.901279449462891,-121.59880828857422,"SANTA CRUZ",UNINCORPORATED,-121.59889221191406,36.901111602783203
92236782,2023,2023-11-15,9720,2023-10-06,1620,023186,,5,2,9,4400,0,3,5,,2,300,"PAULSEN ROAD","LAPIS DRIVE",380.00,S,N,A,-,N,,,,,,,,,,Y,3,0,1,2,A,-,09,21804,A,N,C,C,A,A,H,-,A,D,0,,,,,Y,Y,D,22,0,1,0,0,0,0,0,0,0,"- ","- ",36.955379486083984,-121.75203704833984,"SANTA CRUZ",UNINCORPORATED,-121.76046752929688,36.955619812011719
92237310,2023,2023-11-15,9720,2023-11-05,2300,022901,,7,3,9,4400,0,1,3,,1,017,"SR-17 S/B","MOUNT HERMON ROAD",4171.00,S,N,C,-,Y,SCR,,17," "," ",2.580,H,,L,Y,3,0,1,1,A,-,03,22350,,N,E,I,A,B,H,-,D,D,0,,,,,Y,,A,01,0,1,0,0,0,0,0,0,0,"- ","- ",37.024650573730469,-122.02713012695312,"SANTA CRUZ",UNINCORPORATED,-122.02696228027344,37.024627685546875
92237950,2023,2023-11-16,9720,2023-11-09,"938 ",021211,,4,1,9,4400,0,1,3,,2,020,"SR-1 N/B","RIO DEL MAR BLVD.",3696.00,N,N,A,-,Y,SCR,,1," "," ",9.850,H,,R,Y,3,0,1,2,A,-,03,22350,,N,C,C,A,A,H,-,A,D,0,,,,,Y,,A,01,0,1,0,0,0,0,0,0,0,"- ","- ",36.974910736083984,-121.89893341064453,"SANTA CRUZ",UNINCORPORATED,-121.89893341064453,36.974925994873047
92239457,2023,2023-11-17,9720,2023-11-03,"23  ",023316,,5,3,5,4402,0,3,5,,2,100,"EAST ZAYANTE RD","WEST ZAYANTE RD",2640.00,N,N,B,-,N,,,,,,,,,,Y,2,0,1,1,A,-,08,22107,,N,E,I,A,A,H,-,D,D,0,,,,,Y,,A,01,1,0,0,0,0,0,0,0,0,"- ","- ",37.067939758300781,-122.05722808837891,"SANTA CRUZ","SANTA CRUZ",-122.05722045898438,37.065658569335938
92240641,2023,2023-11-20,9720,2023-11-10,1626,023103,,5,2,9,4400,0,1,3,,1,012,SR-236,"OLD BASIN RD",100.00,N,N,A,-,Y,SCR,,236," "," ",6.430,H,,R,N,2,0,2,1,C,-,18,,,N,H,H,A,A,H,-,A,D,0,,,Y,,Y,,-,"- ",1,1,0,0,0,0,0,0,2,"- ","- ",37.166458129882812,-122.18765258789062,"SANTA CRUZ",UNINCORPORATED,-122.18764495849609,37.166454315185547
92240740,2023,2023-11-20,9720,2023-11-14,1455,023245,,2,2,9,4400,0,2,4,,1,023,"7TH AVE","RODRIGUEZ ST",0.00,,Y,A,-,N,,,,,,,,,,Y,3,0,2,2,A,-,12,22450,A,N,D,2,A,A,H,-,A,A,0,,,,,Y,,A,07,0,2,0,0,0,0,0,0,0,"- ","- ",36.981521606445312,-121.98964691162109,"SANTA CRUZ",UNINCORPORATED,-121.98966217041016,36.981513977050781
92245025,2023,2023-11-27,9720,2023-11-16,"553 ",022400,,4,3,9,4400,0,1,3,,2,020,"S/B SR-1","STATE PARK DRIVE",200.00,S,N,C,-,Y,,,,,,,,,,Y,3,0,1,1,A,-,03,22350,,N,E,I,A,B,H,-,B,D,0,,,,,Y,,A,08,0,1,0,0,0,0,0,0,0,"- ","- ",36.978340148925781,-121.9119873046875,"SANTA CRUZ",UNINCORPORATED,-121.91182708740234,36.978645324707031
92246584,2023,2023-11-28,9720,2023-11-17,2020,023387,,5,2,9,4400,0,3,5,,2,100,"CALIFORNIA DR","MIDDLE RD",200.00,N,N,C,-,N,,,,,,,,,,N,3,0,1,1,A,-,08,22107,,N,E,I,A,B,H,-,D,D,0,,,,,Y,,A,01,0,1,0,0,0,0,0,0,0,"- ","- ",37.096050262451172,-122.09668731689453,"SANTA CRUZ",UNINCORPORATED,-122.09662628173828,37.095909118652344
92248307,2023,2023-11-29,9720,2023-11-19,2100,022907,,7,2,9,4400,0,3,5,,2,200,"MAIN STREET","SEVILLA DR",88.00,S,N,A,-,N,,,,,,,,,,N,3,0,1,1,C,-,18,,,N,F,A,A,A,A,-,C,D,0,,,Y,,Y,,-,"- ",0,1,0,0,0,0,0,0,1,"- ","- ",36.99462890625,-121.95433807373047,"SANTA CRUZ",UNINCORPORATED,-121.95431518554688,36.994705200195312
92249679,2023,2023-12-01,9720,2023-11-13,1515,023322,,1,2,9,4400,0,3,5,,2,200,"ONEIL LN","SOQUEL SAN JOSE RD.",280.00,W,N,A,-,N,,,,,,,,,,N,3,0,1,2,A,-,09,21804,A,N,H,G,A,A,H,-,A,D,0,,Y,,,Y,,A,01,0,1,0,0,0,0,1,0,0,"- ","- ",36.992538452148438,-121.95825958251953,"SANTA CRUZ",UNINCORPORATED,-121.95723724365234,36.992809295654297
92250234,2023,2023-12-01,9720,2023-11-27,1150,023447,,1,1,9,4400,0,1,3,,1,035,SR-129,"THOMPSON RD",0.00,,Y,A,-,Y,SCR,,129," "," ",2.619,H,,R,Y,3,0,1,2,A,-,03,22350,,F,C,C,A,A,H,-,A,D,0,,,,,Y,,-,99,0,1,0,0,0,0,0,0,0,"- ","- ",36.921951293945312,-121.71051788330078,"SANTA CRUZ",UNINCORPORATED,-121.71051788330078,36.921951293945312
92254549,2023,2023-12-06,9720,2023-11-23,1731,023387,,4,2,9,4400,0,3,5,,2,200,"TROUT GULCH RD","OSPREY LN",223.00,N,N,A,-,N,,,,,,,,,,N,3,0,1,2,A,-,01,23152,A,N,A,C,A,A,H,-,D,D,0,,,,,Y,Y,A,01,0,1,0,0,0,0,0,0,0,"- ","- ",36.979011535644531,-121.89573669433594,"SANTA CRUZ",UNINCORPORATED,-121.89726257324219,36.979270935058594
92256518,2023,2023-12-07,9720,2023-11-23,1625,021304,,4,2,9,4400,0,3,5,,2,300,"BUENA VISTA DR","SAN ANDREAS RD",1584.00,E,N,A,-,N,,,,,,,,,,Y,3,0,1,2,A,-,05,21460,A,N,D,C,A,A,H,-,A,D,0,,,,,Y,Y,A,01,0,1,0,0,0,0,0,0,0,"- ","- ",36.918369293212891,-121.83206939697266,"SANTA CRUZ",UNINCORPORATED,-121.82981109619141,36.918220520019531
92256735,2023,2023-12-08,9720,2023-11-14,1602,023419,,2,2,9,4400,0,1,3,,2,020,"SR-1 N/B","STATE PARK DRIVE",2640.00,S,N,A,-,Y,SCR,,1," "," ",9.984,H,,R,Y,3,0,1,1,A,-,08,22107,,N,E,I,A,A,C,-,A,D,0,,,,,Y,,-,"- ",0,1,0,0,0,0,0,0,0,"- ","- ",36.975120544433594,-121.90129089355469,"SANTA CRUZ",UNINCORPORATED,-121.90129852294922,36.975078582763672
92258625,2023,2023-12-11,9720,2023-12-01,1030,023103,,5,1,9,4400,0,1,3,,1,035,SR-129,"LAKEVIEW RD",0.00,,Y,A,-,Y,SCR,,129," "," ",1.420,H,,R,N,4,0,1,2,A,-,17,21461,A,N,B,C,A,A,H,-,A,D,0,,,,Y,Y,,G,27,0,0,1,0,0,0,0,0,0,"- ","- ",36.917011260986328,-121.73136138916016,"SANTA CRUZ",UNINCORPORATED,-121.73133087158203,36.916900634765625
92258712,2023,2023-12-11,9720,2023-11-18,"100 ",022976,,6,3,9,4400,0,3,5,,2,300,"EUREKA CANYON ROAD","OLD EVANS ROAD",158.00,N,N,C,-,N,,,,,,,,,,Y,3,0,1,1,A,-,01,23152,,N,E,I,A,B,H,-,D,D,0,,,,,Y,Y,A,01,0,1,0,0,0,0,0,0,0,"- ","- ",37.027931213378906,-121.82066345214844,"SANTA CRUZ",UNINCORPORATED,-121.82063293457031,37.024257659912109
92259087,2023,2023-12-11,9720,2023-11-30,1227,023573,,4,1,9,4400,0,3,5,,2,200,"STATE PARK DRIVE","OLD DOMINION COURT",80.00,S,N,A,-,N,,,,,,,,,,N,3,0,1,2,A,-,03,22350,,N,C,C,A,A,H,-,A,A,0,,,,,Y,,D,22,0,1,0,0,0,0,0,0,0,"- ","- ",36.979240417480469,-121.90927886962891,"SANTA CRUZ",UNINCORPORATED,-121.90914916992188,36.979316711425781
92260971,2023,2023-12-13,9720,2023-12-04,1112,023502,,1,1,9,4400,0,2,4,,1,023,"17TH AVE W OF KINSLEY","KINSLEY STREET",160.00,S,N,A,-,N,,,,,,,,,,N,3,0,1,2,A,-,08,22107,,N,H,G,A,A,H,-,A,D,0,,Y,,,Y,,L,04,0,1,0,0,0,0,1,0,0,"- ","- ",36.969379425048828,-121.98497772216797,"SANTA CRUZ",UNINCORPORATED,-121.98500061035156,36.969432830810547
92261424,2023,2023-12-13,9720,2023-12-02,1511,021833,,6,2,9,4400,0,1,3,,2,020,"S/B SR-1 JSO RIO DEL MAR BLVD","RIO DEL MAR BLVD",528.00,N,N,A,-,Y,SCR,,1," "," ",9.870,H,,R,Y,3,0,1,1,A,-,01,23152,A,N,E,I,A,A,H,-,A,D,0,,,,,Y,Y,D,22,0,1,0,0,0,0,0,0,0,"- ","- ",36.974769592285156,-121.89927673339844,"SANTA CRUZ",UNINCORPORATED,-121.89928436279297,36.974918365478516
92261553,2023,2024-01-08,9720,2023-12-01,"710 ",023316,,5,1,9,4400,0,2,4,,1,016,"GRAHAM HILL RD","ROARING CAMP ROAD",0.00,,Y,A,-,N,,,,,,,,,,N,4,0,1,2,A,-,09,21802,A,N,D,C,A,A,H,-,A,A,0,,,,,Y,,A,07,0,0,1,0,0,0,0,0,0,"- ","- ",37.048019409179688,-122.06427001953125,"SANTA CRUZ",UNINCORPORATED,-122.06410217285156,37.047634124755859
92265234,2023,2023-12-18,9720,2023-12-08,1225,023507,,5,1,9,4400,0,2,4,,1,031,"FREEDOM BOULEVARD","DAY VALLEY RD",20.00,S,N,A,-,Y,,,,,,,,,,Y,3,0,1,2,A,-,03,22350,,N,C,C,A,A,H,-,A,D,0,,,,,Y,,A,01,0,1,0,0,0,0,0,0,0,"- ","- ",36.987808227539062,-121.83853912353516,"SANTA CRUZ",UNINCORPORATED,-121.83831024169922,36.987808227539062
92265343,2023,2023-12-19,9720,2023-12-06,2225,023447,,3,3,9,4400,0,1,3,,1,017,SR-17,"LA MADRONA DR",240.00,N,N,B,-,Y,SCR,,17," "," ",2.239,H,,R,Y,3,0,1,1,A,-,03,22350,,N,E,I,A,B,H,-,C,D,0,,,,,Y,,A,01,0,1,0,0,0,0,0,0,0,"- ","- ",37.019901275634766,-122.02774810791016,"SANTA CRUZ",UNINCORPORATED,-122.02744293212891,37.019817352294922
92269673,2023,2023-12-22,9720,2023-12-14,1729,023516,,4,2,9,4400,0,1,3,,2,020,"SR-1 S/B","FREEDOM BLVD",2112.00,N,N,A,-,Y,SCR,,1," "," ",8.781,H,,L,N,4,0,1,2,A,-,03,22350,,N,C,C,A,A,H,-,D,D,0,,,,,Y,,A,01,0,0,1,0,0,0,0,0,0,"- ","- ",36.972919464111328,-121.8802490234375,"SANTA CRUZ",UNINCORPORATED,-121.88025665283203,36.972908020019531
92269774,2023,2023-12-22,9720,2023-12-01,2250,023186,,5,3,9,4400,0,2,4,,1,021,"SOQUEL DR","TROUT GULCH DR",0.00,,Y,A,-,N,,,,,,,,,,N,2,0,1,1,A,-,17,21200,,N,F,A,A,A,H,-,C,D,0,,Y,,,Y,Y,M,91,1,0,0,0,0,0,1,0,0,"- ","- ",36.976848602294922,-121.90029907226562,"SANTA CRUZ",UNINCORPORATED,-121.90023803710938,36.976840972900391
92272540,2023,2023-12-27,9720,2023-12-20,"840 ",023573,,3,1,9,4400,0,1,3,,2,020,"SR-1 N/B","MORRISSEY BLVD",510.00,S,N,B,C,N,,,,,,,,,,N,3,0,1,1,A,-,03,22350,,N,E,I,A,B,H,-,A,D,0,,,,,Y,,A,01,0,1,0,0,0,0,0,0,0,"- ","- ",36.988170623779297,-121.99476623535156,"SANTA CRUZ",UNINCORPORATED,-122.00380706787109,36.988380432128906
92274195,2023,2023-12-28,9720,2023-12-16,1755,022976,,6,2,9,4400,0,1,3,,1,035,SR-129,"CARLTON ROAD",0.00,,Y,A,-,Y,SCR,,129," "," ",3.269,H,,R,Y,4,0,2,2,A,-,09,21802,A,N,D,C,A,A,H,-,C,A,0,,,,,Y,,A,01,0,0,2,0,0,0,0,0,0,"- ","- ",36.924381256103516,-121.69918823242188,"SANTA CRUZ",UNINCORPORATED,-121.69918823242188,36.924308776855469
92274202,2023,2023-12-28,9720,2023-12-01,1915,022976,,5,2,9,4400,0,2,S,,2,904,"MURPHY ROAD",SR-129,3168.00,S,N,A,-,N,,,,,,,,,,N,3,0,1,1,A,-,08,22107,,N,E,I,A,A,H,-,D,D,0,,,,,Y,,A,01,0,1,0,0,0,0,0,0,0,"- ","- ",36.905609130859375,-121.67648315429688,"SANTA CRUZ",UNINCORPORATED,,
92274353,2023,2023-12-29,9720,2023-12-21,"526 ",023419,,4,3,9,4400,0,2,4,,1,024,"CAPITOLA ROAD","GREY SEAL ROAD",0.00,,Y,A,-,N,,,,,,,,,,Y,3,0,1,2,A,-,06,21750,A,N,B,C,A,A,H,-,C,D,0,,,Y,,Y,,-,"- ",0,1,0,0,0,0,0,0,1,"- ","- ",36.978778839111328,-121.99078369140625,"SANTA CRUZ",UNINCORPORATED,-121.99066925048828,36.978740692138672
92278226,2023,2024-01-03,9720,2023-12-21,2211,022545,,4,3,9,4400,0,3,5,,2,200,SR-236,"1ST ST",60.00,N,N,B,-,Y,SCR,,236," "," ",1.150,H,,R,Y,3,0,1,1,A,-,01,23152,A,N,E,8,A,B,H,-,D,D,0,,,,,Y,Y,A,01,0,1,0,0,0,0,0,0,0,"- ","- ",37.133869171142578,-122.13921356201172,"SANTA CRUZ",UNINCORPORATED,-122.13922119140625,37.133853912353516
92279194,2023,2024-01-04,9720,2023-12-25,"130 ",015170,,1,3,9,4400,0,1,3,,1,015,SR-9,"GRAHAM HILL RD",528.00,N,N,B,-,Y,SCR,,9," "," ",6.628,H,,R,N,3,0,1,2,A,-,11,21954,A,F,G,B,E,A,H,-,D,D,0,Y,,,,Y,,N,60,0,1,0,0,1,0,0,0,0,"- ","- ",37.055221557617188,-122.07457733154297,"SANTA CRUZ",UNINCORPORATED,-122.07462310791016,37.055202484130859
92281037,2023,2024-01-08,9720,2023-12-19,2220,023447,,2,3,9,4400,0,1,3,,1,017,"SR-17 N/B","MOUNT HERMON RD",1901.00,N,N,B,-,Y,SCR,,17," "," ",3.807,H,,R,Y,3,0,1,2,A,-,03,22350,,N,D,C,A,A,H,-,D,D,0,,,,,Y,,A,01,0,1,0,0,0,0,0,0,0,"- ","- ",37.039630889892578,-122.01706695556641,"SANTA CRUZ",UNINCORPORATED,-122.01708984375,37.039634704589844
92281829,2023,2024-01-08,9720,2023-12-08,2350,023447,,5,3,9,4400,0,1,3,,1,017,"SR-17 SB","MT. HERMON RD",4488.00,S,N,B,-,Y,SCR,,17," "," ",2.394,H,,L,Y,3,0,2,1,A,-,01,23152,A,F,F,A,A,B,H,-,D,D,0,,,,,Y,Y,A,01,0,2,0,0,0,0,0,0,0,"- ","- ",37.021949768066406,-122.02699279785156,"SANTA CRUZ",UNINCORPORATED,-122.02684020996094,37.021942138671875
92282711,2023,2024-01-09,9720,2023-12-28,1050,023316,,4,1,9,4400,0,1,3,,1,017,"SR-17 S/B","LAUREL ROAD",1000.00,N,N,B,C,Y,SCR,,17," "," ",9.633,H,,L,N,4,0,1,2,A,-,03,22350,,N,C,C,A,B,H,-,A,D,0,,,,,Y,,A,01,0,0,1,0,0,0,0,0,0,"- ","- ",37.106658935546875,-121.97615814208984,"SANTA CRUZ",UNINCORPORATED,-121.97618103027344,37.106636047363281
92283992,2023,2024-01-10,9720,2023-12-11,1525,023516,,1,2,9,4400,0,3,5,,2,100,"GUSHEE STREET","KIRBY STREET",100.00,N,N,A,-,N,,,,,,,,,,N,3,0,1,2,A,-,05,21460,A,F,E,J,A,A,H,-,A,D,0,,,,,Y,,-,99,0,1,0,0,0,0,0,0,0,"- ","- ",37.051639556884766,-122.07415008544922,"SANTA CRUZ",UNINCORPORATED,-122.07413482666016,37.051654815673828
92284323,2023,2024-01-11,9720,2023-12-03,2235,023026,,7,3,9,4400,0,2,4,,1,032,"AIRPORT BLVD","GREENVALLEY RD",200.00,W,N,A,-,N,,,,,,,,,,N,2,0,1,2,A,-,11,21954,A,N,G,B,D,A,H,-,D,D,0,Y,,,,Y,Y,N,60,1,0,0,0,1,0,0,0,0,"- ","- ",36.941291809082031,-121.77018737792969,"SANTA CRUZ",UNINCORPORATED,-121.77012634277344,36.941226959228516
92286803,2023,2024-01-15,9720,2023-12-16,1238,021321,,6,1,9,4400,0,1,3,,1,014,SR-9,"UPPER SR-236",5280.00,N,N,A,-,Y,SCR,,9," "," ",22.089,H,,R,N,2,0,1,1,A,-,03,22350,,N,F,A,A,A,H,-,A,D,0,,,Y,,Y,,C,02,1,0,0,0,0,0,0,0,1,"- ","- ",37.225399017333984,-122.15193939208984,"SANTA CRUZ",UNINCORPORATED,-122.15189361572266,37.225292205810547
92316160,2023,2024-08-26,9720,2023-10-24,1940,023103,,2,2,9,4400,0,2,4,,1,022,"SOQUEL SAN JOSE ROAD","LOS ROBLES ROAD",350.00,S,N,A,-,N,,,,,,,,,,Y,1,1,0,1,A,-,01,23152,A,N,E,8,A,A,H,-,D,D,0,,,,,Y,Y,D,22,0,0,0,0,0,0,0,0,0,"- ","- ",37.016559600830078,-121.9520263671875,"SANTA CRUZ",UNINCORPORATED,-121.95205688476562,37.016605377197266
92404601,2023,2024-06-03,9720,2023-11-14,1928,022879,,2,2,9,4400,0,1,3,,1,014,SR-9,"BEAR CREEK RD.",0.00,,Y,A,-,N,,,,,,,,,,N,2,0,1,2,A,-,09,21802,A,F,D,C,A,A,H,-,C,A,0,,,Y,,Y,,-,99,1,0,0,0,0,0,0,0,1,"- ","- ",37.128448486328125,-122.12297058105469,"SANTA CRUZ",UNINCORPORATED,-122.12302398681641,37.128482818603516
9471772,2023,2024-01-11,4403,2023-09-28,1713,433,109,4,5,4,4403,0,0,0,,0,001,"MAIN ST","LAKE AV",260.00,S,N,A,-,N,,,,,,,,,,N,4,0,1,2,A,-,10,21950,A,N,G,B,C,A,H,-,A,A,0,Y,,,,Y,,D,22,0,0,1,0,1,0,0,0,0,"- ","- ",,,"SANTA CRUZ",WATSONVILLE,-121.75783538818359,36.911075592041016