CASE_ID,ACCIDENT_YEAR,PROC_DATE,JURIS,COLLISION_DATE,COLLISION_TIME,OFFICER_ID,REPORTING_DISTRICT,DAY_OF_WEEK,CHP_SHIFT,POPULATION,CNTY_CITY_LOC,SPECIAL_COND,BEAT_TYPE,CHP_BEAT_TYPE,CITY_DIVISION_LAPD,CHP_BEAT_CLASS,BEAT_NUMBER,PRIMARY_RD,SECONDARY_RD,DISTANCE,DIRECTION,INTERSECTION,WEATHER_1,WEATHER_2,STATE_HWY_IND,CALTRANS_COUNTY,CALTRANS_DISTRICT,STATE_ROUTE,ROUTE_SUFFIX,POSTMILE_PREFIX,POSTMILE,LOCATION_TYPE,RAMP_INTERSECTION,SIDE_OF_HWY,TOW_AWAY,COLLISION_SEVERITY,NUMBER_KILLED,NUMBER_INJURED,PARTY_COUNT,PRIMARY_COLL_FACTOR,PCF_CODE_OF_VIOL,PCF_VIOL_CATEGORY,PCF_VIOLATION,PCF_VIOL_SUBSECTION,HIT_AND_RUN,TYPE_OF_COLLISION,MVIW,PED_ACTION,ROAD_SURFACE,ROAD_COND_1,ROAD_COND_2,LIGHTING,CONTROL_DEVICE,CHP_ROAD_TYPE,PEDESTRIAN_ACCIDENT,BICYCLE_ACCIDENT,MOTORCYCLE_ACCIDENT,TRUCK_ACCIDENT,NOT_PRIVATE_PROPERTY,ALCOHOL_INVOLVED,STWD_VEHTYPE_AT_FAULT,CHP_VEHTYPE_AT_FAULT,COUNT_SEVERE_INJ,COUNT_VISIBLE_INJ,COUNT_COMPLAINT_PAIN,COUNT_PED_KILLED,COUNT_PED_INJURED,COUNT_BICYCLIST_KILLED,COUNT_BICYCLIST_INJURED,COUNT_MC_KILLED,COUNT_MC_INJURED,PRIMARY_RAMP,SECONDARY_RAMP,LATITUDE,LONGITUDE,COUNTY,CITY,POINT_X,POINT_Y
9525745,2023,2023-03-08,4404,2023-01-24,"919 ",5790,4404,2,5,3,4404,0,0,0,,0,NORTH,"GRANITE CREEK RD","NAVARRA DR",0.00,,Y,A,-,N,,,,,,,,,,Y,3,0,1,2,A,-,03,22350,,N,C,C,A,A,H,-,A,D,0,,,,,Y,,A,01,0,1,0,0,0,0,0,0,0,"- ","- ",37.057731628417969,-121.99854278564453,"SANTA CRUZ","SCOTTS VALLEY",-122.00142669677734,37.059967041015625
9526065,2023,2023-02-08,4402,2023-01-17,"859 ",192,4402,2,5,5,4402,0,0,0,,0,000,"NORTH BRANCIFORTE","KEYSTONE AV",0.00,,Y,B,-,N,,,,,,,,,,Y,4,0,1,3,A,-,08,22107,,N,C,E,A,B,H,-,A,D,0,,,,,Y,,A,01,0,0,1,0,0,0,0,0,0,"- ","- ",,,"SANTA CRUZ","SANTA CRUZ",-122.0123291015625,36.985336303710938
9527433,2023,2023-02-25,4402,2023-02-01,1114,139,4402,3,5,5,4402,0,0,0,,0,,"HIGH ST","LAURENT ST",650.00,E,N,A,-,N,,,,,,,,,,N,3,0,1,2,-,-,"- ",,A,N,D,C,A,A,H,-,A,D,0,,,Y,,Y,,C,02,0,1,0,0,0,0,0,0,1,"- ","- ",,,"SANTA CRUZ","SANTA CRUZ",-122.04032135009766,36.977317810058594
9546975,2023,2023-03-07,4403,2023-02-05,2228,414,5-26,7,5,4,4403,0,0,0,,0,005,"GREEN VALLEY RD","MAIN ST",75.00,E,N,A,-,Y,SCR,5,152,-,T,1.195,I,6,W,N,4,0,1,2,A,-,11,21954,A,M,G,B,D,A,H,-,C,A,0,Y,,,,Y,Y,N,60,0,0,1,0,1,0,0,0,0,"- ","- ",,,"SANTA CRUZ",WATSONVILLE,-121.78380584716797,36.918701171875
9546976,2023,2023-03-01,4403,2023-02-04,"401 ",425,3-19,6,5,4,4403,0,0,0,,0,003,"BRIDGE ST","CIRVELO ST",101.00,W,N,A,-,N,,,,,,,,,,,3,0,1,5,A,-,03,22350,,N,A,E,A,A,H,-,C,D,0,,,,,Y,,A,07,0,1,0,0,0,0,0,0,0,"- ","- ",,,"SANTA CRUZ",WATSONVILLE,-121.73917388916016,36.925765991210938
9549119,2023,2023-03-03,4401,2023-01-21,1557,523,4401,6,5,3,4401,0,0,0,,0,,"CLARES ST","40TH AV",0.00,,Y,A,-,N,,,,,,,,,,N,2,0,1,2,A,-,10,21950,A,N,D,B,-,A,H,-,A,A,0,Y,,,,Y,,A,01,1,0,0,0,1,0,0,0,0,"- ","- ",,,"SANTA CRUZ",CAPITOLA,-121.96610260009766,36.978328704833984
9549367,2023,2023-03-01,4402,2023-01-14,1514,161,4402,6,5,5,4402,0,0,0,,0,000,"BAY DR","NOBEL DR",0.00,,Y,B,-,N,,,,,,,,,,N,3,0,1,2,A,-,12,21453,A,N,D,G,A,B,H,-,A,A,0,,Y,,,Y,,L,04,0,1,0,0,0,0,1,0,0,"- ","- ",,,"SANTA CRUZ","SANTA CRUZ",-122.05034637451172,36.973945617675781
9550881,2023,2023-05-01,4401,2023-02-10,"911 ",523,4401,5,5,3,4401,0,0,0,,0,,"CLARES ST","CAPITOLA RD",0.00,,Y,A,-,N,,,,,,,,,,N,4,0,1,2,A,-,09,21453,B,N,D,G,A,A,H,-,A,A,0,,Y,,,Y,Y,A,01,0,0,1,0,0,0,1,0,0,"- ","- ",,,"SANTA CRUZ",CAPITOLA,-121.96940612792969,36.973720550537109
9555798,2023,2023-03-17,4402,2023-01-31,1710,161,4402,2,5,5,4402,0,0,0,,0,000,"DELAWARE AV","WOODROW AV",33.00,E,N,A,-,N,,,,,,,,,,N,2,0,1,3,A,-,08,22107,,N,B,E,A,A,H,-,A,D,0,,Y,,,Y,,L,04,1,0,0,0,0,0,1,0,0,"- ","- ",,,"SANTA CRUZ","SANTA CRUZ",-122.03775787353516,36.957038879394531
9560219,2023,2023-04-10,4403,2023-02-25,2130,T0012,1-07,6,5,4,4403,0,0,0,,0,001,"WESTERN DR","MAIN ST",10.00,N,N,A,-,N,,,,,,,,,,N,4,0,1,2,A,-,21,22106,,N,C,C,A,A,H,-,C,A,0,,,,,Y,,A,08,0,0,1,0,0,0,0,0,0,"- ","- ",,,"SANTA CRUZ",WATSONVILLE,,
9563602,2023,2023-04-19,4403,2023-03-13,1549,418,527,1,5,4,4403,0,0,0,,0,005,"HANGAR WY","ANNA ST",0.00,,Y,A,-,N,,,,,,,,,,Y,4,0,1,2,A,-,09,21804,A,N,D,C,A,A,H,-,A,A,0,,,,,Y,,A,07,0,0,1,0,0,0,0,0,0,"- ","- ",,,"SANTA CRUZ",WATSONVILLE,-121.79080963134766,36.925937652587891
9569430,2023,2023-07-05,4403,2023-06-09,1549,358,1-09,5,5,4,4403,0,0,0,,0,001,"MAIN ST","5TH ST",0.00,,Y,A,-,Y,SCR,5,152,-,T,2.670,I,5,W,N,3,0,1,2,A,-,10,21950,A,N,G,B,B,A,H,-,A,A,0,Y,,,,Y,,A,08,0,1,0,0,1,0,0,0,0,"- ","- ",,,"SANTA CRUZ",WATSONVILLE,-121.75973510742188,36.913135528564453
9569538,2023,2023-07-07,4402,2023-06-14,2356,178,4402,3,5,5,4402,0,0,0,,0,000,"RIVERSIDE AV","3RD ST",0.00,,Y,A,-,N,,,,,,,,,,Y,3,0,3,2,A,-,17,21461,A,N,D,C,A,A,H,-,C,A,0,,,,,Y,Y,A,01,0,2,1,0,0,0,0,0,0,"- ","- ",,,"SANTA CRUZ","SANTA CRUZ",-122.01876831054688,36.967735290527344
9578195,2023,2023-05-08,4401,2023-03-31,1819,484,4401,5,5,3,4401,0,0,0,,0,,"41ST AV","CAPITOLA RD",0.00,,Y,A,-,N,,,,,,,,,,N,4,0,1,2,A,-,08,22107,,N,B,C,A,A,H,-,A,A,0,,,,,Y,,A,01,0,0,1,0,0,0,0,0,0,"- ","- ",,,"SANTA CRUZ",CAPITOLA,-121.96499633789062,36.973720550537109
9579832,2023,2023-06-08,4403,2023-04-22,2115,418,1-32,6,5,4,4403,0,0,0,,0,001,"MAIN ST","WESTERN DR",275.00,W,N,A,-,Y,SCR,5,1,-,-,20.140,H,-,N,Y,4,0,1,2,A,-,08,22107,,F,C,G,A,A,H,-,C,D,0,,Y,,,Y,Y,D,22,0,0,1,0,0,0,1,0,0,"- ","- ",,,"SANTA CRUZ",WATSONVILLE,-122.05754852294922,36.960964202880859
9582659,2023,2023-06-06,4401,2023-05-12,1619,484,4401,5,5,3,4401,0,0,0,,0,,"CAPITOLA RD","THOMPSON AV",0.00,,Y,A,-,N,,,,,,,,,,N,4,0,1,2,A,-,08,22107,,N,D,C,A,A,H,-,A,A,0,,,,,Y,,A,01,0,0,1,0,0,0,0,0,0,"- ","- ",,,"SANTA CRUZ",CAPITOLA,-121.97093200683594,36.97369384765625
9582808,2023,2023-06-26,4403,2023-05-11,1345,417,4-30,4,5,4,4403,0,0,0,,0,004,"CLIFFORD AV","TERRY LOOP",0.00,,Y,A,-,N,,,,,,,,,,,4,0,1,2,A,-,03,22350,,N,C,C,A,A,H,-,A,A,0,,,,,Y,,A,01,0,0,1,0,0,0,0,0,0,"- ","- ",,,"SANTA CRUZ",WATSONVILLE,-121.77635192871094,36.918521881103516
9583775,2023,2023-08-09,4401,2023-05-07,1809,521,4401,7,5,3,4401,0,0,0,,0,010,ESPLANADE,"MONTEREY AV",0.00,,Y,A,-,N,,,,,,,,,,N,4,0,1,3,C,-,18,,,N,C,E,-,A,H,-,A,D,0,Y,,Y,,Y,Y,-,"- ",0,0,1,0,0,0,0,0,1,"- ","- ",,,"SANTA CRUZ",CAPITOLA,-121.95117950439453,36.971920013427734
9585711,2023,2023-06-01,4403,2023-05-14,"159 ",409,527,7,5,4,4403,0,0,0,,0,005,"AIRPORT BL","HANGAR WY",300.00,W,N,A,-,N,,,,,,,,,,Y,4,0,1,1,A,-,08,22107,,N,E,I,A,A,H,-,C,D,0,,,,,Y,,D,22,0,0,1,0,0,0,0,0,0,"- ","- ",,,"SANTA CRUZ",WATSONVILLE,-121.79216003417969,36.930671691894531
9589698,2023,2023-06-28,4403,2023-06-12,1149,418,107,1,5,4,4403,0,0,0,,0,001,"FREEDOM BL","SUDDEN ST",27.00,N,N,A,-,N,,,,,,,,,,N,4,0,1,2,A,-,03,22350,,N,C,C,A,A,H,-,A,A,0,,,,,Y,,D,22,0,0,1,0,0,0,0,0,0,"- ","- ",,,"SANTA CRUZ",WATSONVILLE,-121.75998687744141,36.918254852294922
9590730,2023,2023-06-19,4401,2023-05-22,1530,526,4401,1,5,3,4401,0,0,0,,0,,"MONTEREY AV","WASHBURN AV",530.00,E,N,A,-,N,,,,,,,,,,N,4,0,1,2,A,-,03,22350,,N,C,G,A,A,H,-,A,A,0,,Y,,,Y,,L,04,0,0,1,0,0,0,1,0,0,"- ","- ",,,"SANTA CRUZ",CAPITOLA,-121.94747924804688,36.979625701904297
9591023,2023,2023-07-19,4403,2023-06-24,"901 ",353,402,6,5,4,4403,0,0,0,,0,004,"FREEDOM BL","SYDNEY AV",80.00,N,N,A,-,N,,,,,,,,,,N,4,0,1,2,A,-,05,21202,A,N,D,G,A,A,H,-,A,D,0,,Y,,,Y,,L,04,0,0,1,0,0,0,1,0,0,"- ","- ",,,"SANTA CRUZ",WATSONVILLE,-121.76998138427734,36.932071685791016
9592097,2023,2023-07-24,4402,2023-07-06,1604,146,4402,4,5,5,4402,0,0,0,,0,000,BROADWAY,"CLAY ST",110.00,E,N,A,-,N,,,,,,,,,,N,4,0,1,2,A,-,04,21703,,M,C,C,A,A,H,-,A,A,0,,,,,Y,,A,01,0,0,1,0,0,0,0,0,0,"- ","- ",,,"SANTA CRUZ","SANTA CRUZ",-122.01896667480469,36.972976684570312
9593605,2023,2023-07-18,4402,2023-06-07,1831,130,4402,3,5,5,4402,0,0,0,,0,000,BROADWAY,"CAMPBELL ST",0.00,,Y,A,-,N,,,,,,,,,,Y,2,0,1,2,A,-,09,21801,A,N,B,G,A,A,H,-,A,D,0,,Y,,,Y,,A,01,1,0,0,0,0,0,1,0,0,"- ","- ",,,"SANTA CRUZ","SANTA CRUZ",-122.02057647705078,36.972217559814453
9593608,2023,2023-07-18,4402,2023-06-03,2241,161,4402,6,5,5,4402,0,0,0,,0,000,"OCEAN ST","SOQUEL AV",0.00,,Y,B,-,N,,,,,,,,,,N,2,0,1,2,A,-,12,21453,A,N,D,G,A,A,H,-,C,A,0,,Y,,,Y,,L,04,1,0,0,0,0,0,1,0,0,"- ","- ",,,"SANTA CRUZ","SANTA CRUZ",-122.01890563964844,36.97454833984375
9597158,2023,2023-08-09,4403,2023-06-30,"122 ",T0015,3-15,5,5,4,4403,0,0,0,,0,003,"BLACKBURN ST","E BEACH ST",0.00,,Y,A,-,N,,,,,,,,,,Y,2,0,1,8,A,-,01,23152,A,N,A,E,A,A,H,-,D,A,0,,,,,Y,Y,A,01,1,0,0,0,0,0,0,0,0,"- ","- ",,,"SANTA CRUZ",WATSONVILLE,-121.74973297119141,36.915481567382812
9599846,2023,2023-08-10,4401,2023-07-07,1916,528,4401,5,5,3,4401,0,0,0,,0,002,"CAPITOLA RD","41ST AV",0.00,,Y,A,-,N,,,,,,,,,,N,3,0,1,1,A,-,03,22350,,N,F,G,A,A,H,-,A,D,0,,Y,,,Y,Y,L,04,0,1,0,0,0,0,1,0,0,"- ","- ",,,"SANTA CRUZ",CAPITOLA,-121.96499633789062,36.973720550537109
9600519,2023,2023-07-18,4403,2023-06-14,"511 ",424,220,3,5,4,4403,0,0,0,,0,002,"5TH ST","RODRIGUEZ ST",11.00,E,N,A,-,N,,,,,,,,,,N,4,0,1,2,A,-,08,22107,,N,G,B,B,A,H,-,C,D,0,Y,,,,Y,,A,01,0,0,1,0,1,0,0,0,0,"- ","- ",,,"SANTA CRUZ",WATSONVILLE,-121.76246643066406,36.911888122558594
9601191,2023,2023-08-18,4402,2023-07-25,1923,148,4402,2,5,5,4402,0,0,0,,0,,"MISSION ST","WALNUT AV",0.00,,Y,A,-,Y,SCR,5,1,-,-,18.500,I,5,S,N,3,0,1,2,A,-,12,21453,A,N,D,G,A,A,H,-,A,A,0,,Y,,,Y,,L,04,0,1,0,0,0,0,1,0,0,"- ","- ",,,"SANTA CRUZ","SANTA CRUZ",-122.03546905517578,36.972434997558594
9601200,2023,2023-08-18,4403,2023-07-23,"520 ",T0015,221,7,5,4,4403,0,0,0,,0,002,"RIVERSIDE DR","RODRIGUEZ ST",0.00,,Y,A,-,Y,SCR,5,129,-,L,1.380,I,5,W,Y,4,0,1,2,D,-,00,,,N,A,C,A,A,H,-,B,A,0,,,,,Y,,-,"- ",0,0,1,0,0,0,0,0,0,"- ","- ",,,"SANTA CRUZ",WATSONVILLE,-121.75475311279297,36.906436920166016
9601450,2023,2023-08-30,4402,2023-04-23,1633,178,4402,7,5,5,4402,0,0,0,,0,,"RIVERSIDE AV","3RD ST",0.00,,Y,A,-,N,,,,,,,,,,N,3,0,1,2,A,-,08,22100,A,N,B,G,A,A,H,-,A,A,0,,Y,,,Y,,A,01,0,1,0,0,0,0,1,0,0,"- ","- ",,,"SANTA CRUZ","SANTA CRUZ",-122.01876831054688,36.967735290527344
9603382,2023,2023-08-22,4402,2023-06-21,1216,151,4402,3,5,5,4402,0,0,0,,0,BEACH,"RAILROAD TRACKS","RIVERSIDE AV",323.00,W,N,A,-,N,,,,,,,,,,N,2,0,1,2,A,-,12,22451,A,N,G,J,D,A,H,-,A,D,0,Y,,,,Y,,N,60,1,0,0,0,1,0,0,0,0,"- ","- ",,,"SANTA CRUZ","SANTA CRUZ",-122.08187103271484,37.083259582519531
9603458,2023,2023-08-15,4402,2023-07-05,"128 ",148,4402,3,5,5,4402,0,0,0,,0,000,"SEABRIGHT AV","CLINTON ST",55.00,N,N,A,-,N,,,,,,,,,,Y,3,0,1,1,A,-,01,23152,A,N,A,J,A,A,D,H,C,A,0,,,,,Y,Y,D,23,0,1,0,0,0,0,0,0,0,"- ","- ",,,"SANTA CRUZ","SANTA CRUZ",-122.00804138183594,36.971752166748047
9603905,2023,2023-08-18,4402,2023-07-26,"136 ",148,4402,3,5,5,4402,0,0,0,,0,000,"MORRISSEY BL","CHIVERTON ST",111.00,N,N,A,-,N,,,,,,,,,,Y,4,0,1,2,A,-,08,22107,,N,C,E,A,A,H,-,C,A,0,,,,,Y,,A,01,0,0,1,0,0,0,0,0,0,"- ","- ",,,"SANTA CRUZ","SANTA CRUZ",-122.00445556640625,36.986576080322266
9604348,2023,2023-11-14,4403,2023-10-15,1812,T0013,,7,5,4,4403,0,0,0,,0,001,"MAIN ST","FORD ST",0.00,,Y,A,-,Y,SCR,5,152,-,T,2.542,I,5,E,N,3,0,1,2,A,-,12,21453,A,N,A,D,A,A,H,-,A,A,0,,,,,Y,,A,01,0,1,0,0,0,0,0,0,0,"- ","- ",,,"SANTA CRUZ",WATSONVILLE,-121.76087951660156,36.914459228515625
9607511,2023,2023-12-27,4403,2023-11-08,"536 ",T0008,,3,5,4,4403,0,0,0,,0,,"MAIN ST","RIVERSIDE DR",0.00,,Y,A,-,Y,SCR,5,129,-,-,0.000,I,5,W,N,4,0,1,2,A,-,05,21650,1,N,H,G,A,A,H,-,C,A,0,,Y,,,Y,,L,04,0,0,1,0,0,0,1,0,0,"- ","- ",,,"SANTA CRUZ",WATSONVILLE,-121.75340270996094,36.907169342041016
9610627,2023,2023-09-28,4403,2023-08-17,2021,398,527,4,5,4,4403,0,0,0,,0,005,"AIRPORT BL","NIELSON ST",870.00,E,N,A,-,N,,,,,,,,,,N,2,0,1,2,A,-,11,21954,A,N,G,B,E,A,H,-,C,D,0,Y,,,,Y,,N,60,1,0,0,0,1,0,0,0,0,"- ","- ",,,"SANTA CRUZ",WATSONVILLE,-121.79274749755859,36.930416107177734
9610628,2023,2023-09-08,4403,2023-08-10,1700,417,224,4,5,4,4403,0,0,0,,0,002,"OHLONE PKWY","LOMA VISTA DR",100.00,E,N,A,-,N,,,,,,,,,,N,3,0,1,1,A,-,03,22350,,N,E,I,A,A,H,-,A,D,0,,,Y,,Y,,O,05,0,1,0,0,0,0,0,0,1,"- ","- ",,,"SANTA CRUZ",WATSONVILLE,-121.77497863769531,36.909900665283203
9611703,2023,2023-08-31,4403,2023-07-14,1919,398,438,5,5,4,4403,0,0,0,,0,004,"CAREY AV","LANDIS AV",88.00,S,N,A,-,N,,,,,,,,,,N,3,0,1,3,A,-,01,23152,A,N,B,E,E,A,H,-,A,D,0,Y,,,,Y,Y,D,22,0,1,0,0,1,0,0,0,0,"- ","- ",,,"SANTA CRUZ",WATSONVILLE,-121.77296447753906,36.933113098144531
9611766,2023,2023-08-28,4403,2023-07-28,1726,398,527,5,5,4,4403,0,0,0,,0,005,"AIRPORT BL","FREEDOM BL",86.00,W,N,A,-,N,,,,,,,,,,Y,4,0,1,2,A,-,01,23152,F,N,C,C,A,A,H,-,A,A,0,,,,,Y,,A,01,0,0,1,0,0,0,0,0,0,"- ","- ",,,"SANTA CRUZ",WATSONVILLE,-121.77803802490234,36.938133239746094
9613119,2023,2023-09-21,4402,2023-08-13,2024,148,4402,7,5,5,4402,0,0,0,,0,000,"BAY ST","KING ST",0.00,,Y,A,-,N,,,,,,,,,,N,3,0,2,2,A,-,08,22107,,N,D,G,A,A,H,-,B,A,0,,Y,,,Y,,L,04,0,1,1,0,0,0,2,0,0,"- ","- ",,,"SANTA CRUZ","SANTA CRUZ",-122.04307556152344,36.968147277832031
9615268,2023,2023-08-31,4402,2023-07-16,1746,134,4402,7,5,5,4402,0,0,0,,0,000,"WATER ST","N SEABRIGHT AV",0.00,,Y,B,-,N,,,,,,,,,,N,3,0,1,2,A,-,06,21750,A,N,B,G,A,A,H,-,A,D,0,,Y,,,Y,,L,04,0,1,0,0,0,0,1,0,0,"- ","- ",,,"SANTA CRUZ","SANTA CRUZ",-122.01078033447266,36.981422424316406
9615762,2023,2023-09-28,4402,2023-08-26,1154,186,4402,6,5,5,4402,0,0,0,,0,,"RIVERSIDE AV","SAN LORENZO BL",0.00,,Y,A,-,N,,,,,,,,,,N,3,0,2,2,A,-,11,21950,B,N,D,B,B,A,H,-,A,A,0,Y,,Y,,Y,,N,60,0,2,0,0,1,0,0,0,1,"- ","- ",,,"SANTA CRUZ","SANTA CRUZ",-122.01911163330078,36.968841552734375
9621813,2023,2023-10-12,4403,2023-09-20,"846 ",418,220,3,5,4,4403,0,0,0,,0,002,"FORD ST","RODRIGUEZ ST",0.00,,Y,A,-,N,,,,,,,,,,Y,4,0,2,3,A,-,09,21802,A,N,D,D,A,A,H,-,A,A,0,,,,,Y,,D,22,0,0,2,0,0,0,0,0,0,"- ","- ",,,"SANTA CRUZ",WATSONVILLE,-121.76435852050781,36.913131713867188
9625080,2023,2023-10-04,4402,2023-08-27,"902 ",192,4402,7,5,5,4402,0,0,0,,0,000,"OCEAN ST","RT 1",0.00,,Y,A,-,Y,SCR,5,1,-,-,17.331,R,4,S,Y,3,0,1,2,A,-,09,21802,A,N,D,C,A,A,H,-,A,A,0,,,,,Y,,A,07,0,1,0,0,0,0,0,0,0,"- ",SF,,,"SANTA CRUZ","SANTA CRUZ",-122.02601623535156,36.985469818115234
9625425,2023,2024-01-03,4401,2023-08-24,"840 ",523,4401,4,5,3,4401,0,0,0,,0,,"BAY AV","HILL ST",0.00,,Y,C,-,N,,,,,,,,,,N,3,0,1,2,A,-,10,21950,A,N,D,B,B,B,H,-,-,A,0,Y,,,,Y,,A,08,0,1,0,0,1,0,0,0,0,"- ","- ",,,"SANTA CRUZ",CAPITOLA,-121.95550537109375,36.981098175048828
9628199,2023,2023-10-30,4403,2023-09-20,"846 ",417,317,3,5,4,4403,0,0,0,,0,003,"TUTTLE AV","LAKE AV",0.00,,Y,A,-,Y,SCR,5,152,-,-,1.040,I,5,E,N,4,0,1,2,A,-,10,21950,A,N,G,B,B,A,H,-,A,A,0,Y,,,,Y,,A,01,0,0,1,0,1,0,0,0,0,"- ","- ",,,"SANTA CRUZ",WATSONVILLE,-121.74687194824219,36.922405242919922
9629235,2023,2025-06-27,4404,2023-08-30,1652,5461,4404,3,5,3,4404,0,0,0,,0,00S,"MT HERMON RD","PG&E POLE 152026",336.00,E,N,A,-,N,,,,,,,,,,Y,1,2,2,2,A,-,01,23152,F,N,A,C,A,A,H,-,A,D,0,,,,,Y,,A,01,1,1,0,0,0,0,0,0,0,"- ","- ",37.048290252685547,-122.03433227539062,"SANTA CRUZ","SCOTTS VALLEY",,
9629805,2023,2023-10-27,4404,2023-09-18,1450,5820,4404,1,5,3,4404,0,0,0,,0,00N,"SCOTTS VALLEY DR","DUNSLEE WY",0.00,,Y,A,-,N,,,,,,,,,,N,3,0,1,2,A,-,05,21650,1,N,H,G,A,A,H,-,A,D,0,,Y,,,Y,,-,,0,1,0,0,0,0,1,0,0,"- ","- ",37.052780151367188,-122.01438140869141,"SANTA CRUZ","SCOTTS VALLEY",-122.01367950439453,37.052524566650391
9631528,2023,2023-11-27,4403,2023-10-30,1645,T0024,304,1,5,4,4403,0,0,0,,0,003,"BREWINGTON AV","MARTINELLI ST",0.00,,Y,A,-,N,,,,,,,,,,N,4,0,1,2,A,-,12,22450,A,N,D,C,A,A,H,-,A,D,0,,,,,Y,,A,01,0,0,1,0,0,0,0,0,0,"- ","- ",,,"SANTA CRUZ",WATSONVILLE,-121.75869750976562,36.92626953125
9631872,2023,2023-12-12,4403,2023-10-07,1853,384,1-09,6,5,4,4403,0,0,0,,0,001,"MAIN ST","MAPLE AV",8.00,S,N,A,-,N,,,,,,,,,,Y,4,0,1,2,A,-,01,23152,A,N,C,C,A,A,H,-,A,A,0,,,,,Y,,D,22,0,0,1,0,0,0,0,0,0,"- ","- ",,,"SANTA CRUZ",WATSONVILLE,-121.75571441650391,36.909183502197266
9637844,2023,2023-11-14,4403,2023-09-18,1605,418,224,1,5,4,4403,0,0,0,,0,002,"BEACH ST","LEE RD",680.00,W,N,A,-,N,,,,,,,,,,Y,4,0,1,2,A,-,05,21460,A,N,B,C,A,A,H,-,A,D,0,,,,,Y,,A,07,0,0,1,0,0,0,0,0,0,"- ","- ",,,"SANTA CRUZ",WATSONVILLE,-121.77847290039062,36.897140502929688
9638737,2023,2024-01-03,4403,2023-11-04,1503,418,401,6,5,4,4403,0,0,0,,0,004,"GREEN VALLEY RD","HI GRADE LN",0.00,,Y,A,-,N,,,,,,,,,,Y,4,0,1,2,A,-,01,23152,A,N,C,C,A,A,H,-,A,D,0,,,,,Y,Y,A,01,0,0,1,0,0,0,0,0,0,"- ","- ",,,"SANTA CRUZ",WATSONVILLE,-121.77075958251953,36.938457489013672
9642957,2023,2023-12-06,4402,2023-10-28,1652,196,4402,6,5,5,4402,0,0,0,,0,000,"SOQUEL AV","MORRISSEY BL",0.00,,Y,A,-,N,,,,,,,,,,N,2,0,1,2,A,-,17,21461,A,N,G,B,B,A,H,-,A,A,0,Y,,,,Y,,N,60,1,0,0,0,1,0,0,0,0,"- ","- ",,,"SANTA CRUZ","SANTA CRUZ",-122.00687408447266,36.981349945068359
9642958,2023,2023-12-06,4402,2023-10-23,1700,148,4402,1,5,5,4402,0,0,0,,0,000,"HIGH ST","MOORE ST",0.00,,Y,A,-,N,,,,,,,,,,N,4,0,1,2,A,-,09,21801,A,N,D,-,A,A,H,-,A,A,0,,Y,,,Y,,A,07,0,0,1,0,0,0,1,0,0,"- ","- ",,,"SANTA CRUZ","SANTA CRUZ",-122.04781341552734,36.977851867675781
9646911,2023,2024-01-30,4403,2023-12-11,1304,418,4-34,1,5,4,4403,0,0,0,,0,044,"MARIPOSA AV","MARILYN ST",0.00,,Y,A,-,N,,,,,,,,,,Y,4,0,2,2,A,-,12,22450,A,N,D,D,A,A,H,-,A,A,0,,,,,Y,,A,07,0,0,2,0,0,0,0,0,0,"- ","- ",,,"SANTA CRUZ",WATSONVILLE,-121.76913452148438,36.927387237548828
9647524,2023,2023-12-19,4402,2023-11-22,1749,148,4402,3,5,5,4402,0,0,0,,0,000,BROADWAY,"PENNSYLVANIA AV",77.00,W,N,A,-,N,,,,,,,,,,Y,2,0,1,2,A,-,01,23152,A,N,B,B,D,A,H,-,C,D,0,Y,,,,Y,Y,A,07,1,0,0,0,1,0,0,0,0,"- ","- ",,,"SANTA CRUZ","SANTA CRUZ",-122.011962890625,36.975040435791016
9653598,2023,2024-02-23,4402,2023-12-01,1959,196,4402,5,5,5,4402,0,0,0,,0,000,"CORAL ST","RIVER ST",54.00,W,N,A,-,N,,,,,,,,,,N,3,0,1,2,A,-,11,21954,A,N,G,B,D,A,H,-,C,D,0,Y,,,,Y,,N,60,0,1,0,0,1,0,0,0,0,"- ","- ",,,"SANTA CRUZ","SANTA CRUZ",-122.03017425537109,36.985286712646484
9654247,2023,2024-02-15,4402,2023-12-20,1718,130,4402,3,5,5,4402,0,0,0,,0,000,BROADWAY,"SEABRIGHT AV",0.00,,Y,B,-,N,,,,,,,,,,N,4,0,2,2,A,-,04,21703,,N,C,C,A,B,H,-,C,A,0,,,,,Y,,A,07,0,0,2,0,0,0,0,0,0,"- ","- ",,,"SANTA CRUZ","SANTA CRUZ",-122.00856018066406,36.975292205810547
9659040,2023,2024-01-31,4402,2023-12-31,1208,192,4402,7,5,5,4402,0,0,0,,0,000,"PACIFIC AVE","CENTER ST",479.00,E,N,B,-,N,,,,,,,,,,N,3,0,1,1,C,-,18,,,N,F,A,A,B,H,-,A,D,0,,Y,,,Y,,-,"- ",0,1,0,0,0,0,1,0,0,"- ","- ",,,"SANTA CRUZ","SANTA CRUZ",-117.33690643310547,34.015739440917969
9661257,2023,2024-01-22,4402,2023-08-19,"6   ",139,4402,6,5,5,4402,0,0,0,,0,000,"MURRAY ST","SEABRIGHT AV",1092.00,E,N,A,-,N,,,,,,,,,,N,4,0,1,2,A,-,01,23152,A,F,B,C,A,A,H,-,C,D,0,,,,,Y,Y,A,01,0,0,1,0,0,0,0,0,0,"- ","- ",,,"SANTA CRUZ","SANTA CRUZ",-122.00425720214844,36.967964172363281
9661680,2023,2024-03-01,4402,2023-12-16,1504,186,SANTA,6,5,5,4402,0,0,0,,0,000,"RT 1","RIVER ST",385.00,E,N,A,-,Y,SCR,5,1,-,-,17.490,H,-,N,N,4,0,1,3,A,-,08,22107,,N,B,C,A,A,H,-,A,A,0,,,,,Y,,A,01,0,0,1,0,0,0,0,0,0,"- ","- ",,,"SANTA CRUZ","SANTA CRUZ",-122.02870178222656,36.984886169433594